{"alias":"block-and-barrel-deli-auburn","categories":[{"alias":"delis","title":"Delis"},{"alias":"sandwiches","title":"Sandwiches"}],"coordinates":{"latitude":32.6097717,"longitude":-85.4443817},"display_phone":"(334) 821-4070","hours":null,"id":"pdHv3SmBI1lqelX9kx0lFA","image_url":"https:\/\/s3-media2.fl.yelpcdn.com\/bphoto\/xZRWwQdagw1BxbOsK3z7sQ\/o.jpg","is_claimed":false,"is_closed":false,"location":{"address1":"323 Airport Rd","address2":"Ste H","address3":"","city":"Auburn","zip_code":"36830","country":"US","state":"AL","display_address":["323 Airport Rd","Ste H","Auburn, AL 36830"],"cross_streets":""},"name":"Block & Barrel Deli","phone":"+13348214070","photos":["https:\/\/s3-media2.fl.yelpcdn.com\/bphoto\/xZRWwQdagw1BxbOsK3z7sQ\/o.jpg","https:\/\/s3-media2.fl.yelpcdn.com\/bphoto\/I9si60H0Gz1fVPUgIee-jg\/o.jpg","https:\/\/s3-media4.fl.yelpcdn.com\/bphoto\/xeQePPsqvT3jZQeuihTDbw\/o.jpg"],"price":"$","rating":4.5,"review_count":8,"transactions":[],"url":"https:\/\/www.yelp.com\/biz\/block-and-barrel-deli-auburn?adjust_creative=TGKIoQSXQWn0U4PGp0GCwA&utm_campaign=yelp_api_v3&utm_medium=api_v3_business_lookup&utm_source=TGKIoQSXQWn0U4PGp0GCwA"}
{"alias":"which-wich-auburn","categories":[{"alias":"sandwiches","title":"Sandwiches"}],"coordinates":{"latitude":32.606685806,"longitude":-85.4841392561},"display_phone":"","hours":null,"id":"2cF8BxUZK0aRmbJKuuoz8w","image_url":"https:\/\/s3-media1.fl.yelpcdn.com\/bphoto\/LkJi0M-CEGOvnSIPzvbLaA\/o.jpg","is_claimed":false,"is_closed":false,"location":{"address1":"234 W Magnolia Ave","address2":"","address3":null,"city":"Auburn","zip_code":"36830","country":"US","state":"AL","display_address":["234 W Magnolia Ave","Auburn, AL 36830"],"cross_streets":""},"name":"Which Wich","phone":"","photos":["https:\/\/s3-media1.fl.yelpcdn.com\/bphoto\/LkJi0M-CEGOvnSIPzvbLaA\/o.jpg","https:\/\/s3-media2.fl.yelpcdn.com\/bphoto\/1OkymWTgdICkFjLx74zOdQ\/o.jpg"],"price":null,"rating":5.0,"review_count":1,"transactions":[],"url":"https:\/\/www.yelp.com\/biz\/which-wich-auburn?adjust_creative=TGKIoQSXQWn0U4PGp0GCwA&utm_campaign=yelp_api_v3&utm_medium=api_v3_business_lookup&utm_source=TGKIoQSXQWn0U4PGp0GCwA"}
{"alias":"momma-goldbergs-deli-auburn-4","categories":[{"alias":"delis","title":"Delis"}],"coordinates":{"latitude":32.604464,"longitude":-85.478773},"display_phone":"(334) 501-2314","hours":[{"open":[{"is_overnight":false,"start":"1000","end":"0000","day":0},{"is_overnight":false,"start":"1000","end":"0000","day":1},{"is_overnight":false,"start":"1000","end":"0000","day":2},{"is_overnight":false,"start":"1000","end":"0000","day":3},{"is_overnight":true,"start":"1000","end":"0100","day":4},{"is_overnight":true,"start":"1000","end":"0100","day":5}],"hours_type":"REGULAR","is_open_now":true}],"id":"dBlrlVmLHm__d6spyU_33Q","image_url":"https:\/\/s3-media2.fl.yelpcdn.com\/bphoto\/VvQkOfzOdQcUCxMFCkoyrg\/o.jpg","is_claimed":false,"is_closed":false,"location":{"address1":"217 E Thach Ave","address2":"","address3":"","city":"Auburn","zip_code":"36830","country":"US","state":"AL","display_address":["217 E Thach Ave","Auburn, AL 36830"],"cross_streets":""},"name":"Momma Goldberg's Deli","phone":"+13345012314","photos":["https:\/\/s3-media2.fl.yelpcdn.com\/bphoto\/VvQkOfzOdQcUCxMFCkoyrg\/o.jpg","https:\/\/s3-media2.fl.yelpcdn.com\/bphoto\/Qm9sU1GMuLbgHd8eKwB9Yg\/o.jpg","https:\/\/s3-media2.fl.yelpcdn.com\/bphoto\/5MGQoDeNDeI_-srS2FUzpA\/o.jpg"],"price":"$","rating":3.5,"review_count":16,"transactions":[],"url":"https:\/\/www.yelp.com\/biz\/momma-goldbergs-deli-auburn-4?adjust_creative=TGKIoQSXQWn0U4PGp0GCwA&utm_campaign=yelp_api_v3&utm_medium=api_v3_business_lookup&utm_source=TGKIoQSXQWn0U4PGp0GCwA"}
{"alias":"mylks-cookies-auburn","categories":[{"alias":"bakeries","title":"Bakeries"}],"coordinates":{"latitude":32.6068050161,"longitude":-85.484475155},"display_phone":"(334) 587-0209","hours":[{"open":[{"is_overnight":false,"start":"1000","end":"2100","day":0},{"is_overnight":false,"start":"1000","end":"2100","day":1},{"is_overnight":false,"start":"1000","end":"2100","day":2},{"is_overnight":false,"start":"1000","end":"2100","day":3},{"is_overnight":false,"start":"1000","end":"2100","day":4},{"is_overnight":false,"start":"1000","end":"2100","day":5}],"hours_type":"REGULAR","is_open_now":true}],"id":"DsNeLojtyZi--Dc183ZyWQ","image_url":"https:\/\/s3-media2.fl.yelpcdn.com\/bphoto\/sDxVpFwOOuMOMh4aFUvMRA\/o.jpg","is_claimed":true,"is_closed":false,"location":{"address1":"234 W Magnolia","address2":"Ste A","address3":"","city":"Auburn","zip_code":"36830","country":"US","state":"AL","display_address":["234 W Magnolia","Ste A","Auburn, AL 36830"],"cross_streets":""},"name":"Mylks Cookies","phone":"+13345870209","photos":["https:\/\/s3-media2.fl.yelpcdn.com\/bphoto\/sDxVpFwOOuMOMh4aFUvMRA\/o.jpg","https:\/\/s3-media4.fl.yelpcdn.com\/bphoto\/5HaHo07pKEAXWWMq7z0qfA\/o.jpg","https:\/\/s3-media2.fl.yelpcdn.com\/bphoto\/O4WXXrR04CHaP6G_Qs2hvA\/o.jpg"],"price":"$$","rating":4.0,"review_count":19,"transactions":[],"url":"https:\/\/www.yelp.com\/biz\/mylks-cookies-auburn?adjust_creative=TGKIoQSXQWn0U4PGp0GCwA&utm_campaign=yelp_api_v3&utm_medium=api_v3_business_lookup&utm_source=TGKIoQSXQWn0U4PGp0GCwA"}
{"alias":"which-wich-superior-sandwiches-opelika","categories":[{"alias":"sandwiches","title":"Sandwiches"}],"coordinates":{"latitude":32.6156234,"longitude":-85.4072924},"display_phone":"(334) 759-7401","hours":[{"open":[{"is_overnight":false,"start":"1000","end":"2100","day":0},{"is_overnight":false,"start":"1000","end":"2100","day":1},{"is_overnight":false,"start":"1000","end":"2100","day":2},{"is_overnight":false,"start":"1000","end":"2100","day":3},{"is_overnight":false,"start":"1000","end":"2100","day":4},{"is_overnight":false,"start":"1000","end":"2100","day":5},{"is_overnight":false,"start":"1100","end":"2000","day":6}],"hours_type":"REGULAR","is_open_now":true}],"id":"0dwt46dAQh5o9TYhxnuHIA","image_url":"https:\/\/s3-media2.fl.yelpcdn.com\/bphoto\/C1WYvJF0NleXaSyczZvgBQ\/o.jpg","is_claimed":true,"is_closed":false,"location":{"address1":"2105 Interstate Dr","address2":null,"address3":"","city":"Opelika","zip_code":"36801","country":"US","state":"AL","display_address":["2105 Interstate Dr","Opelika, AL 36801"],"cross_streets":""},"name":"Which Wich Superior Sandwiches","phone":"+13347597401","photos":["https:\/\/s3-media2.fl.yelpcdn.com\/bphoto\/C1WYvJF0NleXaSyczZvgBQ\/o.jpg","https:\/\/s3-media3.fl.yelpcdn.com\/bphoto\/OBOaHcApFC7FPacqQw9bOQ\/o.jpg","https:\/\/s3-media4.fl.yelpcdn.com\/bphoto\/k0QJY17Sm8CDI-XVHUrqeg\/o.jpg"],"price":null,"rating":3.5,"review_count":4,"transactions":[],"url":"https:\/\/www.yelp.com\/biz\/which-wich-superior-sandwiches-opelika?adjust_creative=TGKIoQSXQWn0U4PGp0GCwA&utm_campaign=yelp_api_v3&utm_medium=api_v3_business_lookup&utm_source=TGKIoQSXQWn0U4PGp0GCwA"}
{"alias":"wing-town-opelika","categories":[{"alias":"chicken_wings","title":"Chicken Wings"}],"coordinates":{"latitude":32.6557884,"longitude":-85.3734283},"display_phone":"(334) 610-4047","hours":null,"id":"a9bvTP9mfpHbUXMYoa4sEQ","image_url":"https:\/\/s3-media2.fl.yelpcdn.com\/bphoto\/IhfqYvG_KYjr5Te94L_DKA\/o.jpg","is_claimed":false,"is_closed":false,"location":{"address1":"13 Samford Ave","address2":"","address3":"","city":"Opelika","zip_code":"36801","country":"US","state":"AL","display_address":["13 Samford Ave","Opelika, AL 36801"],"cross_streets":""},"name":"Wing Town","phone":"+13346104047","photos":["https:\/\/s3-media2.fl.yelpcdn.com\/bphoto\/IhfqYvG_KYjr5Te94L_DKA\/o.jpg","https:\/\/s3-media4.fl.yelpcdn.com\/bphoto\/h92jvuS12poUwKZOV1VnGw\/o.jpg","https:\/\/s3-media3.fl.yelpcdn.com\/bphoto\/hZLNQ0PH87COoX6YtUekzg\/o.jpg"],"price":null,"rating":3.5,"review_count":3,"transactions":[],"url":"https:\/\/www.yelp.com\/biz\/wing-town-opelika?adjust_creative=TGKIoQSXQWn0U4PGp0GCwA&utm_campaign=yelp_api_v3&utm_medium=api_v3_business_lookup&utm_source=TGKIoQSXQWn0U4PGp0GCwA"}
{"alias":"old-navy-opelika","categories":[{"alias":"womenscloth","title":"Women's Clothing"},{"alias":"plus_size_fashion","title":"Plus Size Fashion"},{"alias":"maternity","title":"Maternity Wear"}],"coordinates":{"latitude":32.617354816,"longitude":-85.407078852},"display_phone":"(334) 745-0376","hours":[{"open":[{"is_overnight":false,"start":"1000","end":"2100","day":0},{"is_overnight":false,"start":"1000","end":"2100","day":1},{"is_overnight":false,"start":"1000","end":"2100","day":2},{"is_overnight":false,"start":"1000","end":"2100","day":3},{"is_overnight":false,"start":"1000","end":"2100","day":4},{"is_overnight":false,"start":"1000","end":"2100","day":5},{"is_overnight":false,"start":"1100","end":"1900","day":6}],"hours_type":"REGULAR","is_open_now":true}],"id":"ed9B8Rj-j38xfS7N7iC1JQ","image_url":"https:\/\/s3-media3.fl.yelpcdn.com\/bphoto\/NBSH_9k_ZOQZuF8j-PdJig\/o.jpg","is_claimed":false,"is_closed":false,"location":{"address1":"2263 Tiger Town Pkwy","address2":"","address3":null,"city":"Opelika","zip_code":"36801","country":"US","state":"AL","display_address":["2263 Tiger Town Pkwy","Opelika, AL 36801"],"cross_streets":""},"name":"Old Navy","phone":"+13347450376","photos":["https:\/\/s3-media3.fl.yelpcdn.com\/bphoto\/NBSH_9k_ZOQZuF8j-PdJig\/o.jpg"],"price":"$$","rating":3.0,"review_count":1,"transactions":[],"url":"https:\/\/www.yelp.com\/biz\/old-navy-opelika?adjust_creative=TGKIoQSXQWn0U4PGp0GCwA&utm_campaign=yelp_api_v3&utm_medium=api_v3_business_lookup&utm_source=TGKIoQSXQWn0U4PGp0GCwA"}
{"alias":"tigertown-opelika","categories":[{"alias":"shoppingcenters","title":"Shopping Centers"}],"coordinates":{"latitude":32.6195553,"longitude":-85.4057379},"display_phone":"(334) 741-0890","hours":null,"id":"jiU_EMLoZISUQgT65mEGow","image_url":"https:\/\/s3-media2.fl.yelpcdn.com\/bphoto\/nqfAd56agO7M40_IHe72Cw\/o.jpg","is_claimed":false,"is_closed":false,"location":{"address1":"2145 Tiger Town Pkwy","address2":null,"address3":null,"city":"Opelika","zip_code":"36801","country":"US","state":"AL","display_address":["2145 Tiger Town Pkwy","Opelika, AL 36801"],"cross_streets":""},"name":"Tigertown","phone":"+13347410890","photos":["https:\/\/s3-media2.fl.yelpcdn.com\/bphoto\/nqfAd56agO7M40_IHe72Cw\/o.jpg","https:\/\/s3-media3.fl.yelpcdn.com\/bphoto\/Ir53rEoqk3wEbIy95VXYsA\/o.jpg","https:\/\/s3-media1.fl.yelpcdn.com\/bphoto\/4ziCnfC9KYRq67V2csDbdg\/o.jpg"],"price":"$$","rating":2.5,"review_count":3,"transactions":[],"url":"https:\/\/www.yelp.com\/biz\/tigertown-opelika?adjust_creative=TGKIoQSXQWn0U4PGp0GCwA&utm_campaign=yelp_api_v3&utm_medium=api_v3_business_lookup&utm_source=TGKIoQSXQWn0U4PGp0GCwA"}
{"alias":"auburn-marriott-opelika-hotel-and-conference-center-opelika","categories":[{"alias":"hotels","title":"Hotels"},{"alias":"venues","title":"Venues & Event Spaces"}],"coordinates":{"latitude":32.68511,"longitude":-85.4234},"display_phone":"(334) 741-9292","hours":[{"open":[{"is_overnight":true,"start":"0000","end":"0000","day":0},{"is_overnight":true,"start":"0000","end":"0000","day":1},{"is_overnight":true,"start":"0000","end":"0000","day":2},{"is_overnight":true,"start":"0000","end":"0000","day":3},{"is_overnight":true,"start":"0000","end":"0000","day":4},{"is_overnight":true,"start":"0000","end":"0000","day":5},{"is_overnight":true,"start":"0000","end":"0000","day":6}],"hours_type":"REGULAR","is_open_now":true}],"id":"fBKpXhBf5ggXKXSYLN0uWA","image_url":"https:\/\/s3-media2.fl.yelpcdn.com\/bphoto\/IlDS9OydUMRRHClTdshBeg\/o.jpg","is_claimed":true,"is_closed":false,"location":{"address1":"3700 Robert Trent Jones Trail","address2":"","address3":"","city":"Opelika","zip_code":"36801","country":"US","state":"AL","display_address":["3700 Robert Trent Jones Trail","Opelika, AL 36801"],"cross_streets":""},"name":"Auburn Marriott Opelika Hotel & Conference Center","phone":"+13347419292","photos":["https:\/\/s3-media2.fl.yelpcdn.com\/bphoto\/IlDS9OydUMRRHClTdshBeg\/o.jpg","https:\/\/s3-media2.fl.yelpcdn.com\/bphoto\/OL2xams1I5pSJQHlvIcF_g\/o.jpg","https:\/\/s3-media2.fl.yelpcdn.com\/bphoto\/OykA0Z1OboSC4yZtZlTHqQ\/o.jpg"],"price":"$$","rating":4.0,"review_count":20,"transactions":[],"url":"https:\/\/www.yelp.com\/biz\/auburn-marriott-opelika-hotel-and-conference-center-opelika?adjust_creative=TGKIoQSXQWn0U4PGp0GCwA&utm_campaign=yelp_api_v3&utm_medium=api_v3_business_lookup&utm_source=TGKIoQSXQWn0U4PGp0GCwA"}
{"alias":"kfc-auburn-4","categories":[{"alias":"chicken_wings","title":"Chicken Wings"},{"alias":"hotdogs","title":"Fast Food"},{"alias":"chickenshop","title":"Chicken Shop"}],"coordinates":{"latitude":32.6245,"longitude":-85.4467},"display_phone":"(334) 821-7507","hours":[{"open":[{"is_overnight":false,"start":"1030","end":"2200","day":0},{"is_overnight":false,"start":"1030","end":"2200","day":1},{"is_overnight":false,"start":"1030","end":"2200","day":2},{"is_overnight":false,"start":"1030","end":"2200","day":3},{"is_overnight":false,"start":"1030","end":"2200","day":4},{"is_overnight":false,"start":"1030","end":"2200","day":5},{"is_overnight":false,"start":"1030","end":"2200","day":6}],"hours_type":"REGULAR","is_open_now":true}],"id":"pvBI4AV2L73nyuPsLMyo6A","image_url":"https:\/\/s3-media4.fl.yelpcdn.com\/bphoto\/hovIr8ggRKArqn3jZbfMaQ\/o.jpg","is_claimed":true,"is_closed":false,"location":{"address1":"1580 Opelika Rd","address2":"","address3":"","city":"Auburn","zip_code":"36830","country":"US","state":"AL","display_address":["1580 Opelika Rd","Auburn, AL 36830"],"cross_streets":""},"name":"KFC","phone":"+13348217507","photos":["https:\/\/s3-media4.fl.yelpcdn.com\/bphoto\/hovIr8ggRKArqn3jZbfMaQ\/o.jpg","https:\/\/s3-media2.fl.yelpcdn.com\/bphoto\/6b1bCkyF516xoS3jcwakkw\/o.jpg","https:\/\/s3-media1.fl.yelpcdn.com\/bphoto\/6rdBDrwZxOWUdV6i3U-m6w\/o.jpg"],"price":null,"rating":1.5,"review_count":4,"transactions":[],"url":"https:\/\/www.yelp.com\/biz\/kfc-auburn-4?adjust_creative=TGKIoQSXQWn0U4PGp0GCwA&utm_campaign=yelp_api_v3&utm_medium=api_v3_business_lookup&utm_source=TGKIoQSXQWn0U4PGp0GCwA"}
{"alias":"chicken-salad-chick-auburn-6","categories":[{"alias":"sandwiches","title":"Sandwiches"},{"alias":"chickenshop","title":"Chicken Shop"},{"alias":"cafes","title":"Cafes"}],"coordinates":{"latitude":32.6060413659,"longitude":-85.4849479},"display_phone":"(334) 459-9125","hours":[{"open":[{"is_overnight":false,"start":"1000","end":"1700","day":0},{"is_overnight":false,"start":"1000","end":"1700","day":1},{"is_overnight":false,"start":"1000","end":"1700","day":2},{"is_overnight":false,"start":"1000","end":"1700","day":3},{"is_overnight":false,"start":"1000","end":"1700","day":4}],"hours_type":"REGULAR","is_open_now":false}],"id":"cLrqm8rOIqleybnUFGYJAQ","image_url":"https:\/\/s3-media1.fl.yelpcdn.com\/bphoto\/HQXZ-wXwiZFu0416oDDK3Q\/o.jpg","is_claimed":true,"is_closed":false,"location":{"address1":"1310 Wilmore Dr","address2":"","address3":"","city":"Auburn University","zip_code":"36849","country":"US","state":"AL","display_address":["1310 Wilmore Dr","Auburn University, AL 36849"],"cross_streets":""},"name":"Chicken Salad Chick of Auburn University","phone":"+13344599125","photos":["https:\/\/s3-media1.fl.yelpcdn.com\/bphoto\/HQXZ-wXwiZFu0416oDDK3Q\/o.jpg","https:\/\/s3-media4.fl.yelpcdn.com\/bphoto\/VQ5yUXPLoKs_rrJlBhBE_w\/o.jpg","https:\/\/s3-media2.fl.yelpcdn.com\/bphoto\/nML98FFoO9ikET9QukstFQ\/o.jpg"],"price":null,"rating":4.0,"review_count":1,"transactions":[],"url":"https:\/\/www.yelp.com\/biz\/chicken-salad-chick-auburn-6?adjust_creative=TGKIoQSXQWn0U4PGp0GCwA&utm_campaign=yelp_api_v3&utm_medium=api_v3_business_lookup&utm_source=TGKIoQSXQWn0U4PGp0GCwA"}
{"alias":"levon-s-kitchen-and-catering-auburn","categories":[{"alias":"soulfood","title":"Soul Food"}],"coordinates":{"latitude":32.5857196712,"longitude":-85.5192378563},"display_phone":"(334) 209-0630","hours":null,"id":"H-fOqtZKKtyzmW1bsPgTFA","image_url":"","is_claimed":false,"is_closed":false,"location":{"address1":"571 Lee Rd 53","address2":"Ste B","address3":null,"city":"Auburn","zip_code":"36832","country":"US","state":"AL","display_address":["571 Lee Rd 53","Ste B","Auburn, AL 36832"],"cross_streets":""},"name":"Levon\u2019s Kitchen and Catering","phone":"+13342090630","photos":[],"price":null,"rating":2.0,"review_count":1,"transactions":[],"url":"https:\/\/www.yelp.com\/biz\/levon-s-kitchen-and-catering-auburn?adjust_creative=TGKIoQSXQWn0U4PGp0GCwA&utm_campaign=yelp_api_v3&utm_medium=api_v3_business_lookup&utm_source=TGKIoQSXQWn0U4PGp0GCwA"}
{"alias":"bojangles-chicken-opelika","categories":[{"alias":"chickenshop","title":"Chicken Shop"},{"alias":"hotdogs","title":"Fast Food"}],"coordinates":{"latitude":32.6381060737,"longitude":-85.413634479},"display_phone":"(334) 737-5581","hours":[{"open":[{"is_overnight":false,"start":"0530","end":"2100","day":0},{"is_overnight":false,"start":"0530","end":"2100","day":1},{"is_overnight":false,"start":"0530","end":"2100","day":2},{"is_overnight":false,"start":"0530","end":"2100","day":3},{"is_overnight":false,"start":"0530","end":"2200","day":4},{"is_overnight":false,"start":"0530","end":"2200","day":5},{"is_overnight":false,"start":"0530","end":"2100","day":6}],"hours_type":"REGULAR","is_open_now":true}],"id":"Po6Ht3BIWn-8IgwBOUvExQ","image_url":"","is_claimed":false,"is_closed":false,"location":{"address1":"2484 Pepperell Pkwy","address2":"","address3":null,"city":"Opelika","zip_code":"36801","country":"US","state":"AL","display_address":["2484 Pepperell Pkwy","Opelika, AL 36801"],"cross_streets":""},"name":"Bojangles Chicken","phone":"+13347375581","photos":[],"price":null,"rating":4.0,"review_count":1,"transactions":[],"url":"https:\/\/www.yelp.com\/biz\/bojangles-chicken-opelika?adjust_creative=TGKIoQSXQWn0U4PGp0GCwA&utm_campaign=yelp_api_v3&utm_medium=api_v3_business_lookup&utm_source=TGKIoQSXQWn0U4PGp0GCwA"}
{"alias":"subway-auburn-38","categories":[{"alias":"sandwiches","title":"Sandwiches"},{"alias":"hotdogs","title":"Fast Food"}],"coordinates":{"latitude":32.6309776306,"longitude":-85.4983215332},"display_phone":"(334) 826-1716","hours":[{"open":[{"is_overnight":false,"start":"0900","end":"2200","day":0},{"is_overnight":false,"start":"0900","end":"2200","day":1},{"is_overnight":false,"start":"0900","end":"2200","day":2},{"is_overnight":false,"start":"0900","end":"2200","day":3},{"is_overnight":false,"start":"0900","end":"2200","day":4},{"is_overnight":false,"start":"0900","end":"2200","day":5},{"is_overnight":false,"start":"0900","end":"2200","day":6}],"hours_type":"REGULAR","is_open_now":true}],"id":"ngFpPSLSWToLOtgHo3yp3g","image_url":"https:\/\/s3-media1.fl.yelpcdn.com\/bphoto\/7y6pWF1tYs9jjb840xWI0g\/o.jpg","is_claimed":true,"is_closed":false,"location":{"address1":"1791 Shug Jordan Pkwy","address2":"","address3":"","city":"Auburn","zip_code":"36830","country":"US","state":"AL","display_address":["1791 Shug Jordan Pkwy","Auburn, AL 36830"],"cross_streets":""},"name":"Subway","phone":"+13348261716","photos":["https:\/\/s3-media1.fl.yelpcdn.com\/bphoto\/7y6pWF1tYs9jjb840xWI0g\/o.jpg"],"price":"$","rating":1.0,"review_count":2,"transactions":[],"url":"https:\/\/www.yelp.com\/biz\/subway-auburn-38?adjust_creative=TGKIoQSXQWn0U4PGp0GCwA&utm_campaign=yelp_api_v3&utm_medium=api_v3_business_lookup&utm_source=TGKIoQSXQWn0U4PGp0GCwA"}
{"alias":"subway-auburn-23","categories":[{"alias":"sandwiches","title":"Sandwiches"},{"alias":"hotdogs","title":"Fast Food"}],"coordinates":{"latitude":32.6067695618,"longitude":-85.4867401123},"display_phone":"(334) 826-2476","hours":null,"id":"BPBa4TyvI8SFZQBnaMLt9A","image_url":"","is_claimed":true,"is_closed":false,"location":{"address1":"334 W Magnolia Ave","address2":"","address3":"","city":"Auburn","zip_code":"36832","country":"US","state":"AL","display_address":["334 W Magnolia Ave","Auburn, AL 36832"],"cross_streets":""},"name":"Subway","phone":"+13348262476","photos":[],"price":null,"rating":2.5,"review_count":6,"transactions":[],"url":"https:\/\/www.yelp.com\/biz\/subway-auburn-23?adjust_creative=TGKIoQSXQWn0U4PGp0GCwA&utm_campaign=yelp_api_v3&utm_medium=api_v3_business_lookup&utm_source=TGKIoQSXQWn0U4PGp0GCwA"}
{"alias":"o-town-ice-cream-opelika","categories":[{"alias":"icecream","title":"Ice Cream & Frozen Yogurt"}],"coordinates":{"latitude":32.6474990845,"longitude":-85.3794021606},"display_phone":"(334) 737-5700","hours":[{"open":[{"is_overnight":false,"start":"1100","end":"2000","day":1},{"is_overnight":false,"start":"1100","end":"2000","day":2},{"is_overnight":false,"start":"1100","end":"2000","day":3},{"is_overnight":false,"start":"1100","end":"2100","day":4},{"is_overnight":false,"start":"1200","end":"2100","day":5},{"is_overnight":false,"start":"1300","end":"1700","day":6}],"hours_type":"REGULAR","is_open_now":false}],"id":"wzhuAthU_FbvSTHGOm3MAQ","image_url":"https:\/\/s3-media1.fl.yelpcdn.com\/bphoto\/aBWxQHz4VmgnDOr3xWu60Q\/o.jpg","is_claimed":true,"is_closed":false,"location":{"address1":"815 S Railroad Ave","address2":"","address3":"","city":"Opelika","zip_code":"36801","country":"US","state":"AL","display_address":["815 S Railroad Ave","Opelika, AL 36801"],"cross_streets":""},"name":"O Town Ice Cream","phone":"+13347375700","photos":["https:\/\/s3-media1.fl.yelpcdn.com\/bphoto\/aBWxQHz4VmgnDOr3xWu60Q\/o.jpg","https:\/\/s3-media3.fl.yelpcdn.com\/bphoto\/f9gmhcwAB2YkoQe3XuwqAg\/o.jpg","https:\/\/s3-media2.fl.yelpcdn.com\/bphoto\/Z-pGIKDkQrSOQk0mMSbL5A\/o.jpg"],"price":"$$","rating":4.5,"review_count":8,"transactions":[],"url":"https:\/\/www.yelp.com\/biz\/o-town-ice-cream-opelika?adjust_creative=TGKIoQSXQWn0U4PGp0GCwA&utm_campaign=yelp_api_v3&utm_medium=api_v3_business_lookup&utm_source=TGKIoQSXQWn0U4PGp0GCwA"}
{"alias":"d-square-donuts-auburn","categories":[{"alias":"donuts","title":"Donuts"},{"alias":"icecream","title":"Ice Cream & Frozen Yogurt"}],"coordinates":{"latitude":32.61034,"longitude":-85.44923},"display_phone":"(334) 887-1112","hours":[{"open":[{"is_overnight":false,"start":"0600","end":"1200","day":1},{"is_overnight":false,"start":"0600","end":"1200","day":2},{"is_overnight":false,"start":"0600","end":"1200","day":3},{"is_overnight":false,"start":"0600","end":"1200","day":4},{"is_overnight":false,"start":"0600","end":"1200","day":5},{"is_overnight":false,"start":"0600","end":"1200","day":6}],"hours_type":"REGULAR","is_open_now":false}],"id":"tQo3bF5TwaRcr1OqBVjLDw","image_url":"https:\/\/s3-media2.fl.yelpcdn.com\/bphoto\/tGmkpgcE1MjpnPNDPI7iug\/o.jpg","is_claimed":true,"is_closed":false,"location":{"address1":"1625 E University Dr","address2":null,"address3":null,"city":"Auburn","zip_code":"36830","country":"US","state":"AL","display_address":["1625 E University Dr","Auburn, AL 36830"],"cross_streets":""},"name":"D Square Donuts","phone":"+13348871112","photos":["https:\/\/s3-media2.fl.yelpcdn.com\/bphoto\/tGmkpgcE1MjpnPNDPI7iug\/o.jpg","https:\/\/s3-media4.fl.yelpcdn.com\/bphoto\/MSOHol7U4uOjH0sg4za40w\/o.jpg","https:\/\/s3-media3.fl.yelpcdn.com\/bphoto\/oqvbn2xF8QohOB-dKub-Xg\/o.jpg"],"price":"$$","rating":5.0,"review_count":9,"transactions":[],"url":"https:\/\/www.yelp.com\/biz\/d-square-donuts-auburn?adjust_creative=TGKIoQSXQWn0U4PGp0GCwA&utm_campaign=yelp_api_v3&utm_medium=api_v3_business_lookup&utm_source=TGKIoQSXQWn0U4PGp0GCwA"}
{"alias":"krispy-kreme-auburn-6","categories":[{"alias":"donuts","title":"Donuts"},{"alias":"coffee","title":"Coffee & Tea"}],"coordinates":{"latitude":32.6257967179,"longitude":-85.4472211376},"display_phone":"(334) 826-6231","hours":[{"open":[{"is_overnight":false,"start":"0600","end":"2200","day":0},{"is_overnight":false,"start":"0600","end":"2200","day":1},{"is_overnight":false,"start":"0600","end":"2200","day":2},{"is_overnight":false,"start":"0600","end":"2200","day":3},{"is_overnight":false,"start":"0600","end":"0000","day":4},{"is_overnight":false,"start":"0600","end":"0000","day":5},{"is_overnight":false,"start":"0600","end":"2200","day":6}],"hours_type":"REGULAR","is_open_now":true}],"id":"UGt2CAEA6cOt-KLWgdVy3Q","image_url":"https:\/\/s3-media4.fl.yelpcdn.com\/bphoto\/pVwgqbyScxmQZjeIHXNhuw\/o.jpg","is_claimed":true,"is_closed":false,"location":{"address1":"1611 Opelika Rd","address2":"","address3":"","city":"Auburn","zip_code":"36830","country":"US","state":"AL","display_address":["1611 Opelika Rd","Auburn, AL 36830"],"cross_streets":""},"name":"Krispy Kreme","phone":"+13348266231","photos":["https:\/\/s3-media4.fl.yelpcdn.com\/bphoto\/pVwgqbyScxmQZjeIHXNhuw\/o.jpg","https:\/\/s3-media1.fl.yelpcdn.com\/bphoto\/Gnnq9xQJJ55pm3WpE19h-g\/o.jpg","https:\/\/s3-media3.fl.yelpcdn.com\/bphoto\/h-mLz3mTR1BkLM313WbijA\/o.jpg"],"price":"$$","rating":2.5,"review_count":9,"transactions":[],"url":"https:\/\/www.yelp.com\/biz\/krispy-kreme-auburn-6?adjust_creative=TGKIoQSXQWn0U4PGp0GCwA&utm_campaign=yelp_api_v3&utm_medium=api_v3_business_lookup&utm_source=TGKIoQSXQWn0U4PGp0GCwA"}
{"alias":"dunkin-donuts-opelika","categories":[{"alias":"coffee","title":"Coffee & Tea"},{"alias":"donuts","title":"Donuts"}],"coordinates":{"latitude":32.6375159074,"longitude":-85.409188926},"display_phone":"(334) 610-0642","hours":null,"id":"h5QjHWvjyz7P4EiASQPQUA","image_url":"","is_claimed":false,"is_closed":false,"location":{"address1":"2103 Pepperell Pkwy","address2":"","address3":null,"city":"Opelika","zip_code":"36801","country":"US","state":"AL","display_address":["2103 Pepperell Pkwy","Opelika, AL 36801"],"cross_streets":""},"name":"Dunkin Donuts","phone":"+13346100642","photos":[],"price":null,"rating":1.0,"review_count":1,"transactions":[],"url":"https:\/\/www.yelp.com\/biz\/dunkin-donuts-opelika?adjust_creative=TGKIoQSXQWn0U4PGp0GCwA&utm_campaign=yelp_api_v3&utm_medium=api_v3_business_lookup&utm_source=TGKIoQSXQWn0U4PGp0GCwA"}
{"alias":"red-clay-brewing-co-opelika","categories":[{"alias":"breweries","title":"Breweries"}],"coordinates":{"latitude":32.6493722945,"longitude":-85.3787215054},"display_phone":"","hours":[{"open":[{"is_overnight":false,"start":"0400","end":"0000","day":1},{"is_overnight":false,"start":"1600","end":"0000","day":2},{"is_overnight":false,"start":"1600","end":"0000","day":3},{"is_overnight":true,"start":"1600","end":"0200","day":4},{"is_overnight":true,"start":"1200","end":"0200","day":5}],"hours_type":"REGULAR","is_open_now":false}],"id":"aoaaUt-nhCprbQ_C4dLPew","image_url":"https:\/\/s3-media1.fl.yelpcdn.com\/bphoto\/lhmF0fisAlEz0s3SZKf9XQ\/o.jpg","is_claimed":true,"is_closed":false,"location":{"address1":"704 N Railroad Ave","address2":"","address3":"","city":"Opelika","zip_code":"36801","country":"US","state":"AL","display_address":["704 N Railroad Ave","Opelika, AL 36801"],"cross_streets":""},"name":"Red Clay Brewing Co","phone":"","photos":["https:\/\/s3-media1.fl.yelpcdn.com\/bphoto\/lhmF0fisAlEz0s3SZKf9XQ\/o.jpg","https:\/\/s3-media2.fl.yelpcdn.com\/bphoto\/sk_wRBb1eud0kzzl1wDr7A\/o.jpg","https:\/\/s3-media3.fl.yelpcdn.com\/bphoto\/Pqpc4ovpnxFmT0fyEuHRew\/o.jpg"],"price":"$$","rating":4.0,"review_count":18,"transactions":[],"url":"https:\/\/www.yelp.com\/biz\/red-clay-brewing-co-opelika?adjust_creative=TGKIoQSXQWn0U4PGp0GCwA&utm_campaign=yelp_api_v3&utm_medium=api_v3_business_lookup&utm_source=TGKIoQSXQWn0U4PGp0GCwA"}
{"alias":"earth-fare-auburn","categories":[{"alias":"grocery","title":"Grocery"},{"alias":"healthmarkets","title":"Health Markets"},{"alias":"organic_stores","title":"Organic Stores"}],"coordinates":{"latitude":32.62354,"longitude":-85.44692},"display_phone":"(334) 821-0211","hours":[{"open":[{"is_overnight":false,"start":"0900","end":"2100","day":0},{"is_overnight":false,"start":"0900","end":"2100","day":1},{"is_overnight":false,"start":"0900","end":"2100","day":2},{"is_overnight":false,"start":"0900","end":"2100","day":3},{"is_overnight":false,"start":"0900","end":"2100","day":4},{"is_overnight":false,"start":"0900","end":"2100","day":5},{"is_overnight":false,"start":"0900","end":"2100","day":6}],"hours_type":"REGULAR","is_open_now":true}],"id":"3Ol8G4FRat8exRVFP0GRUQ","image_url":"https:\/\/s3-media4.fl.yelpcdn.com\/bphoto\/3fIWv4Pa8pzoIpGb8B8gog\/o.jpg","is_claimed":true,"is_closed":false,"location":{"address1":"1550 Opelika Rd","address2":"Ste 14","address3":"","city":"Auburn","zip_code":"36830","country":"US","state":"AL","display_address":["1550 Opelika Rd","Ste 14","Auburn, AL 36830"],"cross_streets":""},"name":"Earth Fare","phone":"+13348210211","photos":["https:\/\/s3-media4.fl.yelpcdn.com\/bphoto\/3fIWv4Pa8pzoIpGb8B8gog\/o.jpg","https:\/\/s3-media1.fl.yelpcdn.com\/bphoto\/ceVvVrgFmn7qOweX89s9hA\/o.jpg","https:\/\/s3-media1.fl.yelpcdn.com\/bphoto\/ubZpbj5kdwv7QQJAZ510NA\/o.jpg"],"price":"$$","rating":3.5,"review_count":12,"transactions":[],"url":"https:\/\/www.yelp.com\/biz\/earth-fare-auburn?adjust_creative=TGKIoQSXQWn0U4PGp0GCwA&utm_campaign=yelp_api_v3&utm_medium=api_v3_business_lookup&utm_source=TGKIoQSXQWn0U4PGp0GCwA"}
{"alias":"chilis-montgomery-3","categories":[{"alias":"tex-mex","title":"Tex-Mex"},{"alias":"tradamerican","title":"American (Traditional)"},{"alias":"bars","title":"Bars"}],"coordinates":{"latitude":32.3615570068,"longitude":-86.163269043},"display_phone":"(334) 270-1973","hours":[{"open":[{"is_overnight":false,"start":"1030","end":"2300","day":0},{"is_overnight":false,"start":"1030","end":"2300","day":1},{"is_overnight":false,"start":"1030","end":"2300","day":2},{"is_overnight":false,"start":"1030","end":"2300","day":3},{"is_overnight":false,"start":"1030","end":"0000","day":4},{"is_overnight":false,"start":"1030","end":"0000","day":5},{"is_overnight":false,"start":"1030","end":"2200","day":6}],"hours_type":"REGULAR","is_open_now":true}],"id":"u6DyG67qcSDIWam_ytKnGg","image_url":"https:\/\/s3-media4.fl.yelpcdn.com\/bphoto\/gNDgTBCPEBtjnXfGdKuGJw\/o.jpg","is_claimed":true,"is_closed":false,"location":{"address1":"7355 Eastchase Pkwy","address2":null,"address3":null,"city":"Montgomery","zip_code":"36117","country":"US","state":"AL","display_address":["7355 Eastchase Pkwy","Montgomery, AL 36117"],"cross_streets":""},"name":"Chili's","phone":"+13342701973","photos":["https:\/\/s3-media4.fl.yelpcdn.com\/bphoto\/gNDgTBCPEBtjnXfGdKuGJw\/o.jpg","https:\/\/s3-media2.fl.yelpcdn.com\/bphoto\/oIBFv_Y6WcA5zanLrGSg3g\/o.jpg","https:\/\/s3-media4.fl.yelpcdn.com\/bphoto\/T_bc2RyD8iWWZw0BBR5jfg\/o.jpg"],"price":"$$","rating":2.0,"review_count":46,"transactions":[],"url":"https:\/\/www.yelp.com\/biz\/chilis-montgomery-3?adjust_creative=TGKIoQSXQWn0U4PGp0GCwA&utm_campaign=yelp_api_v3&utm_medium=api_v3_business_lookup&utm_source=TGKIoQSXQWn0U4PGp0GCwA"}
{"alias":"one-bike-coffee-auburn-2","categories":[{"alias":"coffee","title":"Coffee & Tea"},{"alias":"breakfast_brunch","title":"Breakfast & Brunch"}],"coordinates":{"latitude":32.58553,"longitude":-85.4372},"display_phone":"(334) 521-7668","hours":[{"open":[{"is_overnight":false,"start":"0630","end":"1800","day":0},{"is_overnight":false,"start":"0630","end":"1800","day":1},{"is_overnight":false,"start":"0630","end":"1800","day":2},{"is_overnight":false,"start":"0630","end":"1800","day":3},{"is_overnight":false,"start":"0630","end":"1800","day":4},{"is_overnight":false,"start":"0730","end":"1500","day":5},{"is_overnight":false,"start":"0730","end":"1500","day":6}],"hours_type":"REGULAR","is_open_now":false}],"id":"KBChKoI3qv_FLkxQy8UYPQ","image_url":"https:\/\/s3-media1.fl.yelpcdn.com\/bphoto\/0ZP4Nzy_qtZBDjkFsl-6Kw\/o.jpg","is_claimed":false,"is_closed":false,"location":{"address1":"2415 Moores Mill Rd","address2":"","address3":null,"city":"Auburn","zip_code":"36830","country":"US","state":"AL","display_address":["2415 Moores Mill Rd","Auburn, AL 36830"],"cross_streets":""},"name":"One Bike Coffee","phone":"+13345217668","photos":["https:\/\/s3-media1.fl.yelpcdn.com\/bphoto\/0ZP4Nzy_qtZBDjkFsl-6Kw\/o.jpg","https:\/\/s3-media4.fl.yelpcdn.com\/bphoto\/2vJ7Y5Jab4PCWwBm3yFD1A\/o.jpg","https:\/\/s3-media3.fl.yelpcdn.com\/bphoto\/1VA7WQAl2osA3Em0MjSmtw\/o.jpg"],"price":"$","rating":5.0,"review_count":2,"transactions":[],"url":"https:\/\/www.yelp.com\/biz\/one-bike-coffee-auburn-2?adjust_creative=TGKIoQSXQWn0U4PGp0GCwA&utm_campaign=yelp_api_v3&utm_medium=api_v3_business_lookup&utm_source=TGKIoQSXQWn0U4PGp0GCwA"}
{"alias":"starbucks-auburn-25","categories":[{"alias":"coffee","title":"Coffee & Tea"}],"coordinates":{"latitude":32.583278,"longitude":-85.490905},"display_phone":"(334) 728-7765","hours":[{"open":[{"is_overnight":false,"start":"0500","end":"2300","day":0},{"is_overnight":false,"start":"0500","end":"2300","day":1},{"is_overnight":false,"start":"0500","end":"2300","day":2},{"is_overnight":false,"start":"0500","end":"2300","day":3},{"is_overnight":false,"start":"0500","end":"0000","day":4},{"is_overnight":false,"start":"0500","end":"0000","day":5},{"is_overnight":false,"start":"0530","end":"2300","day":6}],"hours_type":"REGULAR","is_open_now":true}],"id":"KblMvn0Ocg5x9ObyiwJFIg","image_url":"https:\/\/s3-media4.fl.yelpcdn.com\/bphoto\/dm7u0W1pNWuMoZUsJMmS0w\/o.jpg","is_claimed":true,"is_closed":false,"location":{"address1":"1121 S. College Street","address2":"","address3":null,"city":"Auburn","zip_code":"36832","country":"US","state":"AL","display_address":["1121 S. College Street","Auburn, AL 36832"],"cross_streets":""},"name":"Starbucks","phone":"+13347287765","photos":["https:\/\/s3-media4.fl.yelpcdn.com\/bphoto\/dm7u0W1pNWuMoZUsJMmS0w\/o.jpg","https:\/\/s3-media4.fl.yelpcdn.com\/bphoto\/Rrdmlepy47tv1XIurpkqcA\/o.jpg","https:\/\/s3-media2.fl.yelpcdn.com\/bphoto\/IgBl7-DgZWW1n8n9vzH8rg\/o.jpg"],"price":"$$","rating":3.0,"review_count":13,"transactions":[],"url":"https:\/\/www.yelp.com\/biz\/starbucks-auburn-25?adjust_creative=TGKIoQSXQWn0U4PGp0GCwA&utm_campaign=yelp_api_v3&utm_medium=api_v3_business_lookup&utm_source=TGKIoQSXQWn0U4PGp0GCwA"}
{"alias":"flowers-baking-company-opelika","categories":[{"alias":"bakeries","title":"Bakeries"}],"coordinates":{"latitude":32.6422271729,"longitude":-85.3897628784},"display_phone":"(334) 737-3210","hours":null,"id":"iQbwyjXlJPjy54xxZ72Ssw","image_url":"","is_claimed":false,"is_closed":false,"location":{"address1":"101 Simmons St","address2":"","address3":"","city":"Opelika","zip_code":"36801","country":"US","state":"AL","display_address":["101 Simmons St","Opelika, AL 36801"],"cross_streets":""},"name":"Flowers Baking Company","phone":"+13347373210","photos":[],"price":"$","rating":2.0,"review_count":1,"transactions":[],"url":"https:\/\/www.yelp.com\/biz\/flowers-baking-company-opelika?adjust_creative=TGKIoQSXQWn0U4PGp0GCwA&utm_campaign=yelp_api_v3&utm_medium=api_v3_business_lookup&utm_source=TGKIoQSXQWn0U4PGp0GCwA"}
{"alias":"taco-trek-auburn-university","categories":[{"alias":"seafood","title":"Seafood"}],"coordinates":{"latitude":32.5964356,"longitude":-85.4859735},"display_phone":"","hours":null,"id":"sXvj0RH2U8zOihHYfeQp4Q","image_url":"","is_claimed":false,"is_closed":false,"location":{"address1":"Terrell Dining Hall","address2":"","address3":"","city":"Auburn University","zip_code":"36849","country":"US","state":"AL","display_address":["Terrell Dining Hall","Auburn University, AL 36849"],"cross_streets":""},"name":"Taco Trek","phone":"","photos":[],"price":null,"rating":1.0,"review_count":1,"transactions":[],"url":"https:\/\/www.yelp.com\/biz\/taco-trek-auburn-university?adjust_creative=TGKIoQSXQWn0U4PGp0GCwA&utm_campaign=yelp_api_v3&utm_medium=api_v3_business_lookup&utm_source=TGKIoQSXQWn0U4PGp0GCwA"}
{"alias":"world-cup-coffee-company-auburn","categories":[{"alias":"coffee","title":"Coffee & Tea"}],"coordinates":{"latitude":32.5849027809,"longitude":-85.4902008176},"display_phone":"(334) 209-1450","hours":[{"open":[{"is_overnight":false,"start":"0630","end":"1900","day":0},{"is_overnight":false,"start":"0630","end":"1900","day":1},{"is_overnight":false,"start":"0700","end":"1900","day":2},{"is_overnight":false,"start":"0630","end":"1900","day":3},{"is_overnight":false,"start":"0630","end":"1800","day":4},{"is_overnight":false,"start":"0730","end":"1800","day":5},{"is_overnight":false,"start":"1200","end":"1800","day":6}],"hours_type":"REGULAR","is_open_now":true}],"id":"MNPGmmxGo82_gu370YM8OA","image_url":"https:\/\/s3-media1.fl.yelpcdn.com\/bphoto\/CjpUVOWl8WtfF_apuICeAw\/o.jpg","is_claimed":true,"is_closed":false,"location":{"address1":"1100 S College St","address2":"Unit 102","address3":null,"city":"Auburn","zip_code":"36832","country":"US","state":"AL","display_address":["1100 S College St","Unit 102","Auburn, AL 36832"],"cross_streets":""},"name":"World Cup Coffee Company","phone":"+13342091450","photos":["https:\/\/s3-media1.fl.yelpcdn.com\/bphoto\/CjpUVOWl8WtfF_apuICeAw\/o.jpg","https:\/\/s3-media4.fl.yelpcdn.com\/bphoto\/k0pHRPYWX311MmEZHqLx4g\/o.jpg","https:\/\/s3-media4.fl.yelpcdn.com\/bphoto\/eSj0T65JU2fAq3DBnMaBXg\/o.jpg"],"price":"$","rating":5.0,"review_count":6,"transactions":[],"url":"https:\/\/www.yelp.com\/biz\/world-cup-coffee-company-auburn?adjust_creative=TGKIoQSXQWn0U4PGp0GCwA&utm_campaign=yelp_api_v3&utm_medium=api_v3_business_lookup&utm_source=TGKIoQSXQWn0U4PGp0GCwA"}
{"alias":"percfect-place-coffee-opelika","categories":[{"alias":"coffee","title":"Coffee & Tea"},{"alias":"breakfast_brunch","title":"Breakfast & Brunch"}],"coordinates":{"latitude":32.6202175,"longitude":-85.4176092},"display_phone":"(334) 329-4200","hours":[{"open":[{"is_overnight":false,"start":"0700","end":"2100","day":0},{"is_overnight":false,"start":"0700","end":"2100","day":1},{"is_overnight":false,"start":"0700","end":"2100","day":2},{"is_overnight":false,"start":"0700","end":"2100","day":3},{"is_overnight":false,"start":"0700","end":"2200","day":4},{"is_overnight":false,"start":"0700","end":"2200","day":5}],"hours_type":"REGULAR","is_open_now":true}],"id":"7odQ0PzGh33gwdxcXuy1SA","image_url":"https:\/\/s3-media2.fl.yelpcdn.com\/bphoto\/jJ_QLJ9ZaNW7CbrKC9wtAQ\/o.jpg","is_claimed":false,"is_closed":false,"location":{"address1":"2701 Frederick Rd","address2":"Ste 201","address3":null,"city":"Opelika","zip_code":"36801","country":"US","state":"AL","display_address":["2701 Frederick Rd","Ste 201","Opelika, AL 36801"],"cross_streets":""},"name":"Percfect Place Coffee","phone":"+13343294200","photos":["https:\/\/s3-media2.fl.yelpcdn.com\/bphoto\/jJ_QLJ9ZaNW7CbrKC9wtAQ\/o.jpg","https:\/\/s3-media3.fl.yelpcdn.com\/bphoto\/rLs_7FKJbyZOEyGOTS8jTQ\/o.jpg","https:\/\/s3-media2.fl.yelpcdn.com\/bphoto\/me3dTchqK3ElMSfOwf6hjg\/o.jpg"],"price":null,"rating":4.0,"review_count":4,"transactions":[],"url":"https:\/\/www.yelp.com\/biz\/percfect-place-coffee-opelika?adjust_creative=TGKIoQSXQWn0U4PGp0GCwA&utm_campaign=yelp_api_v3&utm_medium=api_v3_business_lookup&utm_source=TGKIoQSXQWn0U4PGp0GCwA"}
{"alias":"honestly-smooth-smoothie-opelika","categories":[{"alias":"breakfast_brunch","title":"Breakfast & Brunch"},{"alias":"juicebars","title":"Juice Bars & Smoothies"}],"coordinates":{"latitude":32.6200991,"longitude":-85.4165241},"display_phone":"(334) 748-9026","hours":[{"open":[{"is_overnight":false,"start":"0800","end":"1500","day":0},{"is_overnight":false,"start":"0800","end":"1500","day":1},{"is_overnight":false,"start":"0800","end":"1500","day":2},{"is_overnight":false,"start":"0800","end":"1500","day":3},{"is_overnight":false,"start":"0800","end":"2000","day":4},{"is_overnight":false,"start":"0800","end":"2000","day":5}],"hours_type":"REGULAR","is_open_now":false}],"id":"3OQYwTf5PxoMfCsiCzsI2A","image_url":"https:\/\/s3-media4.fl.yelpcdn.com\/bphoto\/-EZ-zsUBIwq5DT765JWaZA\/o.jpg","is_claimed":false,"is_closed":false,"location":{"address1":"2701 Frederick Rd","address2":"Ste 301","address3":null,"city":"Opelika","zip_code":"36801","country":"US","state":"AL","display_address":["2701 Frederick Rd","Ste 301","Opelika, AL 36801"],"cross_streets":""},"name":"Honestly Smooth Smoothie","phone":"+13347489026","photos":["https:\/\/s3-media4.fl.yelpcdn.com\/bphoto\/-EZ-zsUBIwq5DT765JWaZA\/o.jpg","https:\/\/s3-media2.fl.yelpcdn.com\/bphoto\/GjxzMGC9DYtVDhWy_TW1RQ\/o.jpg","https:\/\/s3-media4.fl.yelpcdn.com\/bphoto\/ohQv3EEJG6BLYlTGrdXOyQ\/o.jpg"],"price":null,"rating":4.5,"review_count":3,"transactions":[],"url":"https:\/\/www.yelp.com\/biz\/honestly-smooth-smoothie-opelika?adjust_creative=TGKIoQSXQWn0U4PGp0GCwA&utm_campaign=yelp_api_v3&utm_medium=api_v3_business_lookup&utm_source=TGKIoQSXQWn0U4PGp0GCwA"}
{"alias":"jacks-opelika","categories":[{"alias":"hotdogs","title":"Fast Food"}],"coordinates":{"latitude":32.638349086,"longitude":-85.400537923},"display_phone":"(334) 705-0029","hours":null,"id":"UTN_VcRt86cloSXSPY7cLg","image_url":"https:\/\/s3-media3.fl.yelpcdn.com\/bphoto\/bc3MqiZ3tmkfpPeUhRdC2Q\/o.jpg","is_claimed":false,"is_closed":false,"location":{"address1":"1903 Pepperell Pkwy","address2":"","address3":"","city":"Opelika","zip_code":"36801","country":"US","state":"AL","display_address":["1903 Pepperell Pkwy","Opelika, AL 36801"],"cross_streets":""},"name":"Jack's","phone":"+13347050029","photos":["https:\/\/s3-media3.fl.yelpcdn.com\/bphoto\/bc3MqiZ3tmkfpPeUhRdC2Q\/o.jpg","https:\/\/s3-media4.fl.yelpcdn.com\/bphoto\/ATpVAEd5kpwlBx0pPUjUTA\/o.jpg"],"price":"$","rating":4.0,"review_count":4,"transactions":[],"url":"https:\/\/www.yelp.com\/biz\/jacks-opelika?adjust_creative=TGKIoQSXQWn0U4PGp0GCwA&utm_campaign=yelp_api_v3&utm_medium=api_v3_business_lookup&utm_source=TGKIoQSXQWn0U4PGp0GCwA"}
{"alias":"ursulas-museum-cafe-auburn","categories":[{"alias":"cafes","title":"Cafes"}],"coordinates":{"latitude":32.5887362659,"longitude":-85.484796837},"display_phone":"(334) 844-1484","hours":[{"open":[{"is_overnight":false,"start":"1100","end":"1400","day":1},{"is_overnight":false,"start":"1100","end":"1400","day":2},{"is_overnight":false,"start":"1100","end":"1400","day":3},{"is_overnight":false,"start":"1100","end":"1400","day":4}],"hours_type":"REGULAR","is_open_now":false}],"id":"-bseXffyReYDO54eKhtcVg","image_url":"https:\/\/s3-media3.fl.yelpcdn.com\/bphoto\/FVuyt3tD3VaxumSlAU4wNA\/o.jpg","is_claimed":true,"is_closed":false,"location":{"address1":"901 S College St","address2":"","address3":"Jule Collins Smith Museum of Fine Art","city":"Auburn","zip_code":"36832","country":"US","state":"AL","display_address":["901 S College St","Jule Collins Smith Museum of Fine Art","Auburn, AL 36832"],"cross_streets":""},"name":"Ursula's Museum Cafe","phone":"+13348441484","photos":["https:\/\/s3-media3.fl.yelpcdn.com\/bphoto\/FVuyt3tD3VaxumSlAU4wNA\/o.jpg","https:\/\/s3-media3.fl.yelpcdn.com\/bphoto\/HvC4GygTzyc0fGik0AuDkw\/o.jpg","https:\/\/s3-media3.fl.yelpcdn.com\/bphoto\/3MdFD2h-6B7fXV_ZrnZf7w\/o.jpg"],"price":"$$","rating":5.0,"review_count":4,"transactions":[],"url":"https:\/\/www.yelp.com\/biz\/ursulas-museum-cafe-auburn?adjust_creative=TGKIoQSXQWn0U4PGp0GCwA&utm_campaign=yelp_api_v3&utm_medium=api_v3_business_lookup&utm_source=TGKIoQSXQWn0U4PGp0GCwA"}
{"alias":"wings-etc-auburn","categories":[{"alias":"chicken_wings","title":"Chicken Wings"}],"coordinates":{"latitude":32.60863,"longitude":-85.48359},"display_phone":"(334) 521-5095","hours":[{"open":[{"is_overnight":false,"start":"1100","end":"2300","day":0},{"is_overnight":false,"start":"1100","end":"2300","day":1},{"is_overnight":false,"start":"1100","end":"2300","day":2},{"is_overnight":false,"start":"1100","end":"2300","day":3},{"is_overnight":false,"start":"1100","end":"0000","day":4},{"is_overnight":false,"start":"1100","end":"0000","day":5},{"is_overnight":false,"start":"1100","end":"2200","day":6}],"hours_type":"REGULAR","is_open_now":true}],"id":"xAmnZ9jBh0IPBs0sXcPC9g","image_url":"https:\/\/s3-media1.fl.yelpcdn.com\/bphoto\/gnejHpIAmECHUmZ6vugdKQ\/o.jpg","is_claimed":true,"is_closed":false,"location":{"address1":"201 W Glenn Ave","address2":"","address3":null,"city":"Auburn","zip_code":"36830","country":"US","state":"AL","display_address":["201 W Glenn Ave","Auburn, AL 36830"],"cross_streets":""},"name":"Wings Etc.","phone":"+13345215095","photos":["https:\/\/s3-media1.fl.yelpcdn.com\/bphoto\/gnejHpIAmECHUmZ6vugdKQ\/o.jpg","https:\/\/s3-media3.fl.yelpcdn.com\/bphoto\/gfMrI-p_fHUqrc-uLCDFqg\/o.jpg","https:\/\/s3-media1.fl.yelpcdn.com\/bphoto\/6pMIF5E-n5kqVb0KLy4rdw\/o.jpg"],"price":null,"rating":3.5,"review_count":6,"transactions":[],"url":"https:\/\/www.yelp.com\/biz\/wings-etc-auburn?adjust_creative=TGKIoQSXQWn0U4PGp0GCwA&utm_campaign=yelp_api_v3&utm_medium=api_v3_business_lookup&utm_source=TGKIoQSXQWn0U4PGp0GCwA"}
{"alias":"the-coffee-cat-auburn","categories":[{"alias":"coffee","title":"Coffee & Tea"}],"coordinates":{"latitude":32.60797,"longitude":-85.48086},"display_phone":"(334) 744-1953","hours":[{"open":[{"is_overnight":false,"start":"0700","end":"2100","day":0},{"is_overnight":false,"start":"0700","end":"2100","day":1},{"is_overnight":false,"start":"0700","end":"2100","day":2},{"is_overnight":false,"start":"0700","end":"2100","day":3},{"is_overnight":false,"start":"0700","end":"2100","day":4},{"is_overnight":false,"start":"0700","end":"2100","day":5},{"is_overnight":false,"start":"0700","end":"1800","day":6}],"hours_type":"REGULAR","is_open_now":true}],"id":"doo1S9rx3Yv18NxPJ8mBng","image_url":"https:\/\/s3-media1.fl.yelpcdn.com\/bphoto\/Y3UUZMhJJC70WOKsUSjcnQ\/o.jpg","is_claimed":true,"is_closed":false,"location":{"address1":"124 Tichenor Ave","address2":null,"address3":"","city":"Auburn","zip_code":"36830","country":"US","state":"AL","display_address":["124 Tichenor Ave","Auburn, AL 36830"],"cross_streets":""},"name":"The Coffee Cat","phone":"+13347441953","photos":["https:\/\/s3-media1.fl.yelpcdn.com\/bphoto\/Y3UUZMhJJC70WOKsUSjcnQ\/o.jpg","https:\/\/s3-media3.fl.yelpcdn.com\/bphoto\/QEGSgoLnEv5DO-KqWZR0Vw\/o.jpg","https:\/\/s3-media2.fl.yelpcdn.com\/bphoto\/WWTU-njISUOcL_DC4qkUwA\/o.jpg"],"price":"$$","rating":4.5,"review_count":20,"transactions":[],"url":"https:\/\/www.yelp.com\/biz\/the-coffee-cat-auburn?adjust_creative=TGKIoQSXQWn0U4PGp0GCwA&utm_campaign=yelp_api_v3&utm_medium=api_v3_business_lookup&utm_source=TGKIoQSXQWn0U4PGp0GCwA"}
{"alias":"sno-biz-and-sand-pit-snacks-auburn","categories":[{"alias":"shavedice","title":"Shaved Ice"},{"alias":"beaches","title":"Beaches"},{"alias":"hotdogs","title":"Fast Food"}],"coordinates":{"latitude":32.610821,"longitude":-85.449178},"display_phone":"(334) 663-1166","hours":null,"id":"sdb0WQNPca2PWFtonrdJpQ","image_url":"https:\/\/s3-media1.fl.yelpcdn.com\/bphoto\/f7vRI8H23EbdbNsoj4bO1A\/o.jpg","is_claimed":false,"is_closed":false,"location":{"address1":"1625 E University Dr","address2":"","address3":"University Crossing","city":"Auburn","zip_code":"36830","country":"US","state":"AL","display_address":["1625 E University Dr","University Crossing","Auburn, AL 36830"],"cross_streets":""},"name":"Sno Biz & Sand Pit Snacks","phone":"+13346631166","photos":["https:\/\/s3-media1.fl.yelpcdn.com\/bphoto\/f7vRI8H23EbdbNsoj4bO1A\/o.jpg"],"price":"$","rating":5.0,"review_count":3,"transactions":[],"url":"https:\/\/www.yelp.com\/biz\/sno-biz-and-sand-pit-snacks-auburn?adjust_creative=TGKIoQSXQWn0U4PGp0GCwA&utm_campaign=yelp_api_v3&utm_medium=api_v3_business_lookup&utm_source=TGKIoQSXQWn0U4PGp0GCwA"}
{"alias":"smoothie-king-auburn-2","categories":[{"alias":"healthmarkets","title":"Health Markets"},{"alias":"juicebars","title":"Juice Bars & Smoothies"}],"coordinates":{"latitude":32.5796031087,"longitude":-85.4957570195},"display_phone":"(334) 887-1882","hours":[{"open":[{"is_overnight":false,"start":"0700","end":"2200","day":0},{"is_overnight":false,"start":"0700","end":"2200","day":1},{"is_overnight":false,"start":"0700","end":"2200","day":2},{"is_overnight":false,"start":"0700","end":"2200","day":3},{"is_overnight":false,"start":"0700","end":"2200","day":4},{"is_overnight":false,"start":"0900","end":"2200","day":5},{"is_overnight":false,"start":"1200","end":"2000","day":6}],"hours_type":"REGULAR","is_open_now":true}],"id":"GGqx2cmXhsVsQFR2BNW4uw","image_url":"https:\/\/s3-media1.fl.yelpcdn.com\/bphoto\/UL-ijd-gcGidsmChMk5BfA\/o.jpg","is_claimed":true,"is_closed":false,"location":{"address1":"1499 S College St","address2":"","address3":"","city":"Auburn","zip_code":"36830","country":"US","state":"AL","display_address":["1499 S College St","Auburn, AL 36830"],"cross_streets":""},"name":"Smoothie King","phone":"+13348871882","photos":["https:\/\/s3-media1.fl.yelpcdn.com\/bphoto\/UL-ijd-gcGidsmChMk5BfA\/o.jpg","https:\/\/s3-media2.fl.yelpcdn.com\/bphoto\/FnIJiYsxNvRNsOCowOpoHw\/o.jpg","https:\/\/s3-media3.fl.yelpcdn.com\/bphoto\/-0wxvsX3MZPBKtgAL1Ka0w\/o.jpg"],"price":"$$","rating":3.0,"review_count":5,"transactions":[],"url":"https:\/\/www.yelp.com\/biz\/smoothie-king-auburn-2?adjust_creative=TGKIoQSXQWn0U4PGp0GCwA&utm_campaign=yelp_api_v3&utm_medium=api_v3_business_lookup&utm_source=TGKIoQSXQWn0U4PGp0GCwA"}
{"alias":"the-avondale-bar-and-tap-room-auburn","categories":[{"alias":"cocktailbars","title":"Cocktail Bars"},{"alias":"beerbar","title":"Beer Bar"}],"coordinates":{"latitude":32.606655,"longitude":-85.4817098},"display_phone":"(334) 329-7039","hours":[{"open":[{"is_overnight":true,"start":"1600","end":"0200","day":0},{"is_overnight":true,"start":"1600","end":"0200","day":1},{"is_overnight":true,"start":"1600","end":"0200","day":2},{"is_overnight":true,"start":"1600","end":"0200","day":3},{"is_overnight":true,"start":"1500","end":"0200","day":4},{"is_overnight":true,"start":"1500","end":"0130","day":5}],"hours_type":"REGULAR","is_open_now":true}],"id":"uX_6YHVR32TqAA762ubXrA","image_url":"https:\/\/s3-media3.fl.yelpcdn.com\/bphoto\/OxI__Q2sipZhIquH6MJ0rg\/o.jpg","is_claimed":true,"is_closed":false,"location":{"address1":"106A N College St","address2":"","address3":"","city":"Auburn","zip_code":"36830","country":"US","state":"AL","display_address":["106A N College St","Auburn, AL 36830"],"cross_streets":""},"name":"The Avondale Bar & Tap Room","phone":"+13343297039","photos":["https:\/\/s3-media3.fl.yelpcdn.com\/bphoto\/OxI__Q2sipZhIquH6MJ0rg\/o.jpg","https:\/\/s3-media2.fl.yelpcdn.com\/bphoto\/VRi1AC6X5GsiijmiR9S_xw\/o.jpg","https:\/\/s3-media2.fl.yelpcdn.com\/bphoto\/mcSiXxY6zY3Qt7cjGz4w8g\/o.jpg"],"price":"$$","rating":4.0,"review_count":32,"transactions":[],"url":"https:\/\/www.yelp.com\/biz\/the-avondale-bar-and-tap-room-auburn?adjust_creative=TGKIoQSXQWn0U4PGp0GCwA&utm_campaign=yelp_api_v3&utm_medium=api_v3_business_lookup&utm_source=TGKIoQSXQWn0U4PGp0GCwA"}
{"alias":"skybar-cafe-auburn","categories":[{"alias":"karaoke","title":"Karaoke"},{"alias":"musicvenues","title":"Music Venues"}],"coordinates":{"latitude":32.606719,"longitude":-85.482781},"display_phone":"(334) 821-4001","hours":[{"open":[{"is_overnight":true,"start":"2100","end":"0230","day":0},{"is_overnight":true,"start":"2100","end":"0230","day":1},{"is_overnight":true,"start":"1900","end":"0230","day":2},{"is_overnight":true,"start":"1900","end":"0230","day":3},{"is_overnight":true,"start":"1900","end":"0230","day":4},{"is_overnight":true,"start":"2000","end":"0200","day":5}],"hours_type":"REGULAR","is_open_now":false}],"id":"SEAvlxZ0fzY4HHmD-sS5Lw","image_url":"https:\/\/s3-media2.fl.yelpcdn.com\/bphoto\/GvXrD0od7hL6hlCSqauV4w\/o.jpg","is_claimed":false,"is_closed":false,"location":{"address1":"136 W Magnolia Ave","address2":"","address3":"","city":"Auburn","zip_code":"36830","country":"US","state":"AL","display_address":["136 W Magnolia Ave","Auburn, AL 36830"],"cross_streets":""},"name":"SkyBar Cafe","phone":"+13348214001","photos":["https:\/\/s3-media2.fl.yelpcdn.com\/bphoto\/GvXrD0od7hL6hlCSqauV4w\/o.jpg","https:\/\/s3-media2.fl.yelpcdn.com\/bphoto\/yusaeswvg0tFcZ9gMZwonQ\/o.jpg","https:\/\/s3-media2.fl.yelpcdn.com\/bphoto\/AjI5hqva4fX7IykPLFYFjQ\/o.jpg"],"price":"$$","rating":3.0,"review_count":30,"transactions":[],"url":"https:\/\/www.yelp.com\/biz\/skybar-cafe-auburn?adjust_creative=TGKIoQSXQWn0U4PGp0GCwA&utm_campaign=yelp_api_v3&utm_medium=api_v3_business_lookup&utm_source=TGKIoQSXQWn0U4PGp0GCwA"}
{"alias":"piccolo-auburn","categories":[{"alias":"lounges","title":"Lounges"}],"coordinates":{"latitude":32.6026993,"longitude":-85.481041},"display_phone":"(334) 844-5140","hours":[{"open":[{"is_overnight":false,"start":"1600","end":"2200","day":0},{"is_overnight":false,"start":"1600","end":"0000","day":1},{"is_overnight":false,"start":"1600","end":"0000","day":2},{"is_overnight":false,"start":"1600","end":"0000","day":3},{"is_overnight":false,"start":"1600","end":"0000","day":4},{"is_overnight":false,"start":"1600","end":"0000","day":5},{"is_overnight":false,"start":"1600","end":"0000","day":6}],"hours_type":"REGULAR","is_open_now":true}],"id":"_MGJIZ8AmHxIBjXvImy5yA","image_url":"https:\/\/s3-media1.fl.yelpcdn.com\/bphoto\/7aTJiX7Dzd9dJwdnhLxG4g\/o.jpg","is_claimed":false,"is_closed":false,"location":{"address1":"241 S College St","address2":"","address3":"","city":"Auburn","zip_code":"36830","country":"US","state":"AL","display_address":["241 S College St","Auburn, AL 36830"],"cross_streets":""},"name":"Piccolo","phone":"+13348445140","photos":["https:\/\/s3-media1.fl.yelpcdn.com\/bphoto\/7aTJiX7Dzd9dJwdnhLxG4g\/o.jpg","https:\/\/s3-media2.fl.yelpcdn.com\/bphoto\/ItES3U5TA0xQNs2-5fDqkg\/o.jpg","https:\/\/s3-media4.fl.yelpcdn.com\/bphoto\/cW0SMg6jfgYOLbOhBII1Tw\/o.jpg"],"price":"$$","rating":4.5,"review_count":3,"transactions":[],"url":"https:\/\/www.yelp.com\/biz\/piccolo-auburn?adjust_creative=TGKIoQSXQWn0U4PGp0GCwA&utm_campaign=yelp_api_v3&utm_medium=api_v3_business_lookup&utm_source=TGKIoQSXQWn0U4PGp0GCwA"}
{"alias":"3-23-cigar-bar-auburn","categories":[{"alias":"tobaccoshops","title":"Tobacco Shops"},{"alias":"bars","title":"Bars"},{"alias":"beer_and_wine","title":"Beer, Wine & Spirits"}],"coordinates":{"latitude":32.6280142225,"longitude":-85.500324247},"display_phone":"(334) 209-1260","hours":[{"open":[{"is_overnight":false,"start":"1000","end":"2200","day":0},{"is_overnight":false,"start":"1000","end":"2200","day":1},{"is_overnight":false,"start":"1000","end":"2300","day":2},{"is_overnight":false,"start":"1000","end":"2300","day":3},{"is_overnight":false,"start":"1000","end":"0000","day":4},{"is_overnight":false,"start":"1000","end":"0000","day":5},{"is_overnight":false,"start":"1200","end":"1900","day":6}],"hours_type":"REGULAR","is_open_now":true}],"id":"yh_Yc_vfQ1VOEmoY8gFkDA","image_url":"https:\/\/s3-media3.fl.yelpcdn.com\/bphoto\/O4R2DRNOmGQuCxeN5i3wpA\/o.jpg","is_claimed":true,"is_closed":false,"location":{"address1":"1673 Shug Jordan Pkwy","address2":"Ste E","address3":"","city":"Auburn","zip_code":"36830","country":"US","state":"AL","display_address":["1673 Shug Jordan Pkwy","Ste E","Auburn, AL 36830"],"cross_streets":""},"name":"3:23 Cigar Bar","phone":"+13342091260","photos":["https:\/\/s3-media3.fl.yelpcdn.com\/bphoto\/O4R2DRNOmGQuCxeN5i3wpA\/o.jpg","https:\/\/s3-media1.fl.yelpcdn.com\/bphoto\/HhgoW9bK0WsNw1InX2uQHw\/o.jpg","https:\/\/s3-media1.fl.yelpcdn.com\/bphoto\/HhGc6PqmzgqkRN0sTsuY1g\/o.jpg"],"price":null,"rating":4.5,"review_count":3,"transactions":[],"url":"https:\/\/www.yelp.com\/biz\/3-23-cigar-bar-auburn?adjust_creative=TGKIoQSXQWn0U4PGp0GCwA&utm_campaign=yelp_api_v3&utm_medium=api_v3_business_lookup&utm_source=TGKIoQSXQWn0U4PGp0GCwA"}
{"alias":"17-16-auburn-3","categories":[{"alias":"bars","title":"Bars"}],"coordinates":{"latitude":32.606424,"longitude":-85.480449},"display_phone":"","hours":[{"open":[{"is_overnight":true,"start":"1700","end":"0230","day":0},{"is_overnight":true,"start":"1700","end":"0230","day":1},{"is_overnight":true,"start":"1700","end":"0230","day":2},{"is_overnight":true,"start":"1700","end":"0230","day":3},{"is_overnight":true,"start":"1700","end":"0230","day":4},{"is_overnight":true,"start":"1700","end":"0200","day":5}],"hours_type":"REGULAR","is_open_now":true}],"id":"uXePDCFaeibzEv3DOKI4Cg","image_url":"https:\/\/s3-media4.fl.yelpcdn.com\/bphoto\/simNO9CCcfTTdRo92JOZTA\/o.jpg","is_claimed":true,"is_closed":false,"location":{"address1":"154 E Magnolia Ave","address2":"","address3":null,"city":"Auburn","zip_code":"36830","country":"US","state":"AL","display_address":["154 E Magnolia Ave","Auburn, AL 36830"],"cross_streets":""},"name":"17-16","phone":"","photos":["https:\/\/s3-media4.fl.yelpcdn.com\/bphoto\/simNO9CCcfTTdRo92JOZTA\/o.jpg","https:\/\/s3-media1.fl.yelpcdn.com\/bphoto\/0G8s5WnGGBzWAe0rNUWrVw\/o.jpg"],"price":"$","rating":3.5,"review_count":11,"transactions":[],"url":"https:\/\/www.yelp.com\/biz\/17-16-auburn-3?adjust_creative=TGKIoQSXQWn0U4PGp0GCwA&utm_campaign=yelp_api_v3&utm_medium=api_v3_business_lookup&utm_source=TGKIoQSXQWn0U4PGp0GCwA"}
{"alias":"bourbon-street-bar-auburn","categories":[{"alias":"bars","title":"Bars"}],"coordinates":{"latitude":32.60404,"longitude":-85.49625},"display_phone":"(334) 887-1166","hours":null,"id":"5PXMd9lYpI7zranY9gs92Q","image_url":"https:\/\/s3-media1.fl.yelpcdn.com\/bphoto\/pNXPK3FEATir6dt9EQNFkQ\/o.jpg","is_claimed":false,"is_closed":false,"location":{"address1":"PO Box 550","address2":"","address3":"","city":"Auburn","zip_code":"36831","country":"US","state":"AL","display_address":["PO Box 550","Auburn, AL 36831"],"cross_streets":""},"name":"Bourbon Street Bar","phone":"+13348871166","photos":["https:\/\/s3-media1.fl.yelpcdn.com\/bphoto\/pNXPK3FEATir6dt9EQNFkQ\/o.jpg"],"price":"$$","rating":2.5,"review_count":3,"transactions":[],"url":"https:\/\/www.yelp.com\/biz\/bourbon-street-bar-auburn?adjust_creative=TGKIoQSXQWn0U4PGp0GCwA&utm_campaign=yelp_api_v3&utm_medium=api_v3_business_lookup&utm_source=TGKIoQSXQWn0U4PGp0GCwA"}
{"alias":"end-zone-bar-grill-and-lounge-auburn","categories":[{"alias":"sportsbars","title":"Sports Bars"}],"coordinates":{"latitude":32.5269474048,"longitude":-85.5247054712},"display_phone":"(334) 209-2963","hours":[{"open":[{"is_overnight":false,"start":"1600","end":"2100","day":1},{"is_overnight":false,"start":"1600","end":"2100","day":2},{"is_overnight":false,"start":"1600","end":"0000","day":3},{"is_overnight":true,"start":"1600","end":"0200","day":4},{"is_overnight":true,"start":"1600","end":"0200","day":5}],"hours_type":"REGULAR","is_open_now":false}],"id":"RuBuRhmJDFAG1RR0qj2g5g","image_url":"https:\/\/s3-media2.fl.yelpcdn.com\/bphoto\/pPpo1MzIklqM9cxV9v2SYg\/o.jpg","is_claimed":true,"is_closed":false,"location":{"address1":"5044 US Hwy 29 S","address2":"","address3":"","city":"Auburn","zip_code":"36830","country":"US","state":"AL","display_address":["5044 US Hwy 29 S","Auburn, AL 36830"],"cross_streets":""},"name":"End Zone Bar Grill & Lounge","phone":"+13342092963","photos":["https:\/\/s3-media2.fl.yelpcdn.com\/bphoto\/pPpo1MzIklqM9cxV9v2SYg\/o.jpg","https:\/\/s3-media3.fl.yelpcdn.com\/bphoto\/Nx5zpKMbMTgIwdAR8d_43Q\/o.jpg","https:\/\/s3-media2.fl.yelpcdn.com\/bphoto\/oWhpV9g5UdVQi5H_dkkM3Q\/o.jpg"],"price":null,"rating":4.0,"review_count":1,"transactions":[],"url":"https:\/\/www.yelp.com\/biz\/end-zone-bar-grill-and-lounge-auburn?adjust_creative=TGKIoQSXQWn0U4PGp0GCwA&utm_campaign=yelp_api_v3&utm_medium=api_v3_business_lookup&utm_source=TGKIoQSXQWn0U4PGp0GCwA"}
{"alias":"ampersand-wine-and-bikes-opelika","categories":[{"alias":"wine_bars","title":"Wine Bars"}],"coordinates":{"latitude":32.6474754007,"longitude":-85.3797692433},"display_phone":"(334) 787-7688","hours":[{"open":[{"is_overnight":false,"start":"1500","end":"2200","day":2},{"is_overnight":false,"start":"1500","end":"2200","day":3},{"is_overnight":false,"start":"1500","end":"2200","day":4},{"is_overnight":false,"start":"1500","end":"2200","day":5},{"is_overnight":false,"start":"1500","end":"2000","day":6}],"hours_type":"REGULAR","is_open_now":false}],"id":"DK3EBefrLczl8b89KuM73Q","image_url":"https:\/\/s3-media3.fl.yelpcdn.com\/bphoto\/ftBE-4SEbzorAPuvlBa-lg\/o.jpg","is_claimed":false,"is_closed":false,"location":{"address1":"817 S Railroad Ave","address2":"","address3":null,"city":"Opelika","zip_code":"36801","country":"US","state":"AL","display_address":["817 S Railroad Ave","Opelika, AL 36801"],"cross_streets":""},"name":"Ampersand Wine & Bikes","phone":"+13347877688","photos":["https:\/\/s3-media3.fl.yelpcdn.com\/bphoto\/ftBE-4SEbzorAPuvlBa-lg\/o.jpg","https:\/\/s3-media4.fl.yelpcdn.com\/bphoto\/mZ2w0YcOMeRDkXlfl4mIkg\/o.jpg","https:\/\/s3-media1.fl.yelpcdn.com\/bphoto\/MQ53kBxUUtFVxc0R8TtsLg\/o.jpg"],"price":null,"rating":5.0,"review_count":1,"transactions":[],"url":"https:\/\/www.yelp.com\/biz\/ampersand-wine-and-bikes-opelika?adjust_creative=TGKIoQSXQWn0U4PGp0GCwA&utm_campaign=yelp_api_v3&utm_medium=api_v3_business_lookup&utm_source=TGKIoQSXQWn0U4PGp0GCwA"}
{"alias":"old-time-country-buffet-auburn","categories":[{"alias":"buffets","title":"Buffets"}],"coordinates":{"latitude":32.6271304021,"longitude":-85.447329478},"display_phone":"","hours":[{"open":[{"is_overnight":false,"start":"1030","end":"2100","day":0},{"is_overnight":false,"start":"1030","end":"2100","day":1},{"is_overnight":false,"start":"1030","end":"2100","day":2},{"is_overnight":false,"start":"1030","end":"2100","day":3},{"is_overnight":false,"start":"1030","end":"2100","day":4},{"is_overnight":false,"start":"1030","end":"2100","day":5},{"is_overnight":false,"start":"1030","end":"2000","day":6}],"hours_type":"REGULAR","is_open_now":true}],"id":"4eG4kBuT1ZJqQCEp8v1Abg","image_url":"https:\/\/s3-media4.fl.yelpcdn.com\/bphoto\/ziVqpZ6AQDqUnUcZ7yDXHA\/o.jpg","is_claimed":false,"is_closed":false,"location":{"address1":"1627 Opelika Rd","address2":"","address3":null,"city":"Auburn","zip_code":"36830","country":"US","state":"AL","display_address":["1627 Opelika Rd","Auburn, AL 36830"],"cross_streets":""},"name":"Old Time Country Buffet","phone":"","photos":["https:\/\/s3-media4.fl.yelpcdn.com\/bphoto\/ziVqpZ6AQDqUnUcZ7yDXHA\/o.jpg","https:\/\/s3-media2.fl.yelpcdn.com\/bphoto\/8mVcqgb5axzkTp1frvJgSw\/o.jpg","https:\/\/s3-media3.fl.yelpcdn.com\/bphoto\/9vNS2eyIu6s50gD6qq_jtw\/o.jpg"],"price":null,"rating":4.0,"review_count":4,"transactions":[],"url":"https:\/\/www.yelp.com\/biz\/old-time-country-buffet-auburn?adjust_creative=TGKIoQSXQWn0U4PGp0GCwA&utm_campaign=yelp_api_v3&utm_medium=api_v3_business_lookup&utm_source=TGKIoQSXQWn0U4PGp0GCwA"}
{"alias":"frutta-bowls-auburn-auburn","categories":[{"alias":"acaibowls","title":"Acai Bowls"},{"alias":"cafes","title":"Cafes"}],"coordinates":{"latitude":32.6089251,"longitude":-85.4835612},"display_phone":"(334) 521-5221","hours":[{"open":[{"is_overnight":false,"start":"0800","end":"2000","day":0},{"is_overnight":false,"start":"0800","end":"2000","day":1},{"is_overnight":false,"start":"0800","end":"2000","day":2},{"is_overnight":false,"start":"0800","end":"2000","day":3},{"is_overnight":false,"start":"0800","end":"2000","day":4},{"is_overnight":false,"start":"0900","end":"2000","day":5},{"is_overnight":false,"start":"1000","end":"1900","day":6}],"hours_type":"REGULAR","is_open_now":true}],"id":"SSXIemt12-70jLa01MZEJA","image_url":"https:\/\/s3-media3.fl.yelpcdn.com\/bphoto\/xB3G6XTt-2P4xGvftbiskA\/o.jpg","is_claimed":true,"is_closed":false,"location":{"address1":"211 W Glenn Ave","address2":null,"address3":"","city":"Auburn","zip_code":"36830","country":"US","state":"AL","display_address":["211 W Glenn Ave","Auburn, AL 36830"],"cross_streets":""},"name":"Frutta Bowls - Auburn","phone":"+13345215221","photos":["https:\/\/s3-media3.fl.yelpcdn.com\/bphoto\/xB3G6XTt-2P4xGvftbiskA\/o.jpg","https:\/\/s3-media2.fl.yelpcdn.com\/bphoto\/l3JnLMGMsKjOH-a4jvnTVQ\/o.jpg","https:\/\/s3-media4.fl.yelpcdn.com\/bphoto\/xIwDlQ0M4ARkf4HGcSnEcQ\/o.jpg"],"price":"$$","rating":5.0,"review_count":4,"transactions":[],"url":"https:\/\/www.yelp.com\/biz\/frutta-bowls-auburn-auburn?adjust_creative=TGKIoQSXQWn0U4PGp0GCwA&utm_campaign=yelp_api_v3&utm_medium=api_v3_business_lookup&utm_source=TGKIoQSXQWn0U4PGp0GCwA"}
{"alias":"new-china-opelika","categories":[{"alias":"chinese","title":"Chinese"}],"coordinates":{"latitude":32.64161,"longitude":-85.39098},"display_phone":"(334) 745-0037","hours":null,"id":"QI8s6V1yqtjGLc5BZE9K0w","image_url":"https:\/\/s3-media1.fl.yelpcdn.com\/bphoto\/BeZHGBU6W0DbyDD0OWmvcg\/o.jpg","is_claimed":false,"is_closed":false,"location":{"address1":"1515 2nd Ave","address2":"","address3":"","city":"Opelika","zip_code":"36801","country":"US","state":"AL","display_address":["1515 2nd Ave","Opelika, AL 36801"],"cross_streets":""},"name":"New China","phone":"+13347450037","photos":["https:\/\/s3-media1.fl.yelpcdn.com\/bphoto\/BeZHGBU6W0DbyDD0OWmvcg\/o.jpg","https:\/\/s3-media2.fl.yelpcdn.com\/bphoto\/eBTh69pmfGKv-3BT-bzQtw\/o.jpg","https:\/\/s3-media1.fl.yelpcdn.com\/bphoto\/TOrFpvJVRZXmiiLeWPYD7A\/o.jpg"],"price":null,"rating":2.0,"review_count":3,"transactions":[],"url":"https:\/\/www.yelp.com\/biz\/new-china-opelika?adjust_creative=TGKIoQSXQWn0U4PGp0GCwA&utm_campaign=yelp_api_v3&utm_medium=api_v3_business_lookup&utm_source=TGKIoQSXQWn0U4PGp0GCwA"}
{"alias":"gohyang-garden-korean-restaurant-opelika","categories":[{"alias":"korean","title":"Korean"}],"coordinates":{"latitude":32.645139,"longitude":-85.357086},"display_phone":"(334) 742-8060","hours":null,"id":"41C0IQI2vDQN7XAFH89Nqg","image_url":"https:\/\/s3-media2.fl.yelpcdn.com\/bphoto\/QlBTiWHXtL1yM3GF7eJN3w\/o.jpg","is_claimed":false,"is_closed":false,"location":{"address1":"816 Columbus Pkwy","address2":null,"address3":null,"city":"Opelika","zip_code":"36801","country":"US","state":"AL","display_address":["816 Columbus Pkwy","Opelika, AL 36801"],"cross_streets":""},"name":"Gohyang Garden Korean Restaurant","phone":"+13347428060","photos":["https:\/\/s3-media2.fl.yelpcdn.com\/bphoto\/QlBTiWHXtL1yM3GF7eJN3w\/o.jpg","https:\/\/s3-media1.fl.yelpcdn.com\/bphoto\/wxNt8m2ToWPywUi9nF7A7Q\/o.jpg","https:\/\/s3-media1.fl.yelpcdn.com\/bphoto\/du-SA2JRX6AhBmtv6ishuw\/o.jpg"],"price":"$","rating":3.5,"review_count":10,"transactions":[],"url":"https:\/\/www.yelp.com\/biz\/gohyang-garden-korean-restaurant-opelika?adjust_creative=TGKIoQSXQWn0U4PGp0GCwA&utm_campaign=yelp_api_v3&utm_medium=api_v3_business_lookup&utm_source=TGKIoQSXQWn0U4PGp0GCwA"}
{"alias":"young-dong-korean-bbq-valley","categories":[{"alias":"korean","title":"Korean"},{"alias":"bbq","title":"Barbeque"}],"coordinates":{"latitude":32.8457311,"longitude":-85.1827071},"display_phone":"(334) 768-0444","hours":[{"open":[{"is_overnight":false,"start":"1030","end":"2100","day":0},{"is_overnight":false,"start":"1030","end":"2100","day":1},{"is_overnight":false,"start":"1030","end":"2100","day":2},{"is_overnight":false,"start":"1030","end":"2100","day":3},{"is_overnight":false,"start":"1030","end":"2100","day":4},{"is_overnight":false,"start":"1030","end":"2100","day":5}],"hours_type":"REGULAR","is_open_now":true}],"id":"aA-oHTSxJWUqbxhz3heKcg","image_url":"https:\/\/s3-media2.fl.yelpcdn.com\/bphoto\/lHGSPzKLNOkuotAWA59kRw\/o.jpg","is_claimed":false,"is_closed":false,"location":{"address1":"2918 20th Ave","address2":"","address3":"","city":"Valley","zip_code":"36854","country":"US","state":"AL","display_address":["2918 20th Ave","Valley, AL 36854"],"cross_streets":""},"name":"Young Dong Korean BBQ","phone":"+13347680444","photos":["https:\/\/s3-media2.fl.yelpcdn.com\/bphoto\/lHGSPzKLNOkuotAWA59kRw\/o.jpg","https:\/\/s3-media4.fl.yelpcdn.com\/bphoto\/ryt0LPzL8hqWbeucUCiwLQ\/o.jpg","https:\/\/s3-media1.fl.yelpcdn.com\/bphoto\/CSHWUJOUYIhCMZIHDtg7qg\/o.jpg"],"price":null,"rating":4.5,"review_count":8,"transactions":[],"url":"https:\/\/www.yelp.com\/biz\/young-dong-korean-bbq-valley?adjust_creative=TGKIoQSXQWn0U4PGp0GCwA&utm_campaign=yelp_api_v3&utm_medium=api_v3_business_lookup&utm_source=TGKIoQSXQWn0U4PGp0GCwA"}
{"alias":"korean-bbq-house-west-point","categories":[{"alias":"bbq","title":"Barbeque"},{"alias":"korean","title":"Korean"}],"coordinates":{"latitude":32.87779,"longitude":-85.17646},"display_phone":"(706) 645-3888","hours":null,"id":"6KHpR408-5q4zIGTIyiydA","image_url":"https:\/\/s3-media4.fl.yelpcdn.com\/bphoto\/D48hz91z7gP5mUBl3BbT8w\/o.jpg","is_claimed":false,"is_closed":false,"location":{"address1":"303 E 10th St","address2":null,"address3":null,"city":"West Point","zip_code":"31833","country":"US","state":"GA","display_address":["303 E 10th St","West Point, GA 31833"],"cross_streets":""},"name":"Korean Bbq House","phone":"+17066453888","photos":["https:\/\/s3-media4.fl.yelpcdn.com\/bphoto\/D48hz91z7gP5mUBl3BbT8w\/o.jpg","https:\/\/s3-media2.fl.yelpcdn.com\/bphoto\/naqj44Gx_zA_cLaI08M1Rg\/o.jpg","https:\/\/s3-media2.fl.yelpcdn.com\/bphoto\/NyA-7ZpOu9uCNstB4YBt4A\/o.jpg"],"price":"$$","rating":4.0,"review_count":9,"transactions":[],"url":"https:\/\/www.yelp.com\/biz\/korean-bbq-house-west-point?adjust_creative=TGKIoQSXQWn0U4PGp0GCwA&utm_campaign=yelp_api_v3&utm_medium=api_v3_business_lookup&utm_source=TGKIoQSXQWn0U4PGp0GCwA"}
{"alias":"jk-house-inc-korean-restaurant-valley","categories":[{"alias":"korean","title":"Korean"}],"coordinates":{"latitude":32.83335,"longitude":-85.17697},"display_phone":"(334) 768-2042","hours":null,"id":"K_dwhd83m2yX6gDGlM9Phw","image_url":"https:\/\/s3-media2.fl.yelpcdn.com\/bphoto\/5_QzOe4zoC9uLQoTui_x0w\/o.jpg","is_claimed":false,"is_closed":false,"location":{"address1":"3701 20th Ave","address2":null,"address3":null,"city":"Valley","zip_code":"36854","country":"US","state":"AL","display_address":["3701 20th Ave","Valley, AL 36854"],"cross_streets":""},"name":"Jk House Inc Korean Restaurant","phone":"+13347682042","photos":["https:\/\/s3-media2.fl.yelpcdn.com\/bphoto\/5_QzOe4zoC9uLQoTui_x0w\/o.jpg","https:\/\/s3-media2.fl.yelpcdn.com\/bphoto\/CfD-IWj9bjFmyEDwrHP0qw\/o.jpg","https:\/\/s3-media3.fl.yelpcdn.com\/bphoto\/X-LVtxyliGD9U7-25p0VGw\/o.jpg"],"price":null,"rating":5.0,"review_count":1,"transactions":[],"url":"https:\/\/www.yelp.com\/biz\/jk-house-inc-korean-restaurant-valley?adjust_creative=TGKIoQSXQWn0U4PGp0GCwA&utm_campaign=yelp_api_v3&utm_medium=api_v3_business_lookup&utm_source=TGKIoQSXQWn0U4PGp0GCwA"}
{"alias":"mandarin-house-taste-of-asia-opelika","categories":[{"alias":"asianfusion","title":"Asian Fusion"}],"coordinates":{"latitude":32.6319274902,"longitude":-85.436340332},"display_phone":"(256) 202-4573","hours":[{"open":[{"is_overnight":false,"start":"1100","end":"2130","day":0},{"is_overnight":false,"start":"1100","end":"2130","day":1},{"is_overnight":false,"start":"1100","end":"2130","day":2},{"is_overnight":false,"start":"1100","end":"2130","day":3},{"is_overnight":false,"start":"1100","end":"2130","day":4},{"is_overnight":false,"start":"1100","end":"2130","day":5},{"is_overnight":false,"start":"1100","end":"2130","day":6}],"hours_type":"REGULAR","is_open_now":true}],"id":"hliWJFr_MrlMrSJXOxFDZg","image_url":"","is_claimed":false,"is_closed":false,"location":{"address1":"3800 Pepperell Pky","address2":"","address3":"","city":"Opelika","zip_code":"36801","country":"US","state":"AL","display_address":["3800 Pepperell Pky","Opelika, AL 36801"],"cross_streets":""},"name":"Mandarin House Taste of Asia","phone":"+12562024573","photos":[],"price":null,"rating":4.0,"review_count":1,"transactions":[],"url":"https:\/\/www.yelp.com\/biz\/mandarin-house-taste-of-asia-opelika?adjust_creative=TGKIoQSXQWn0U4PGp0GCwA&utm_campaign=yelp_api_v3&utm_medium=api_v3_business_lookup&utm_source=TGKIoQSXQWn0U4PGp0GCwA"}
{"alias":"wasabi-opelika","categories":[{"alias":"sushi","title":"Sushi Bars"},{"alias":"thai","title":"Thai"}],"coordinates":{"latitude":32.643094,"longitude":-85.350482},"display_phone":"(334) 737-5558","hours":[{"open":[{"is_overnight":false,"start":"1100","end":"2200","day":0},{"is_overnight":false,"start":"1100","end":"2200","day":1},{"is_overnight":false,"start":"1100","end":"2200","day":2},{"is_overnight":false,"start":"1100","end":"2130","day":3},{"is_overnight":false,"start":"1100","end":"2200","day":4},{"is_overnight":false,"start":"1100","end":"2200","day":5},{"is_overnight":false,"start":"1130","end":"2130","day":6}],"hours_type":"REGULAR","is_open_now":true}],"id":"pZKEH7GZy2ys3mud5kV8NA","image_url":"https:\/\/s3-media4.fl.yelpcdn.com\/bphoto\/SFIMijQGt-PyurD_eeKv7g\/o.jpg","is_claimed":true,"is_closed":false,"location":{"address1":"1139-1299 Columbus Pkwy","address2":"","address3":"","city":"Opelika","zip_code":"36804","country":"US","state":"AL","display_address":["1139-1299 Columbus Pkwy","Opelika, AL 36804"],"cross_streets":""},"name":"Wasabi","phone":"+13347375558","photos":["https:\/\/s3-media4.fl.yelpcdn.com\/bphoto\/SFIMijQGt-PyurD_eeKv7g\/o.jpg","https:\/\/s3-media1.fl.yelpcdn.com\/bphoto\/D8wTPggnIOgJ2Dj6wBQ66A\/o.jpg","https:\/\/s3-media2.fl.yelpcdn.com\/bphoto\/s899YMr_ueTZ4kGXskaMLg\/o.jpg"],"price":"$$","rating":4.0,"review_count":42,"transactions":[],"url":"https:\/\/www.yelp.com\/biz\/wasabi-opelika?adjust_creative=TGKIoQSXQWn0U4PGp0GCwA&utm_campaign=yelp_api_v3&utm_medium=api_v3_business_lookup&utm_source=TGKIoQSXQWn0U4PGp0GCwA"}
{"alias":"owingz-cafe-opelika","categories":[{"alias":"chicken_wings","title":"Chicken Wings"},{"alias":"sandwiches","title":"Sandwiches"}],"coordinates":{"latitude":32.63094,"longitude":-85.4382},"display_phone":"(334) 759-7151","hours":[{"open":[{"is_overnight":false,"start":"1100","end":"2100","day":0},{"is_overnight":false,"start":"1100","end":"2100","day":1},{"is_overnight":false,"start":"1100","end":"2100","day":2},{"is_overnight":false,"start":"1100","end":"2100","day":3},{"is_overnight":false,"start":"1100","end":"2100","day":4},{"is_overnight":false,"start":"1100","end":"2100","day":5}],"hours_type":"REGULAR","is_open_now":true}],"id":"razTLw5yKrRjUUBISBUnSQ","image_url":"https:\/\/s3-media3.fl.yelpcdn.com\/bphoto\/j1fuk3Yl4Ft7SWYL0c5P1A\/o.jpg","is_claimed":true,"is_closed":false,"location":{"address1":"3810 Pepperell Pkwy","address2":null,"address3":"","city":"Opelika","zip_code":"36801","country":"US","state":"AL","display_address":["3810 Pepperell Pkwy","Opelika, AL 36801"],"cross_streets":""},"name":"Owingz Cafe","phone":"+13347597151","photos":["https:\/\/s3-media3.fl.yelpcdn.com\/bphoto\/j1fuk3Yl4Ft7SWYL0c5P1A\/o.jpg","https:\/\/s3-media1.fl.yelpcdn.com\/bphoto\/pgaFbt8LQ-3SxK-ISo1S3A\/o.jpg","https:\/\/s3-media4.fl.yelpcdn.com\/bphoto\/baGrJ_RUku0R5GIa5SAK5g\/o.jpg"],"price":"$","rating":4.0,"review_count":5,"transactions":[],"url":"https:\/\/www.yelp.com\/biz\/owingz-cafe-opelika?adjust_creative=TGKIoQSXQWn0U4PGp0GCwA&utm_campaign=yelp_api_v3&utm_medium=api_v3_business_lookup&utm_source=TGKIoQSXQWn0U4PGp0GCwA"}
{"alias":"miso-sushi-house-west-point","categories":[{"alias":"japanese","title":"Japanese"}],"coordinates":{"latitude":32.876551,"longitude":-85.184505},"display_phone":"(706) 645-7070","hours":[{"open":[{"is_overnight":false,"start":"1100","end":"1430","day":0},{"is_overnight":false,"start":"1700","end":"2100","day":0},{"is_overnight":false,"start":"1100","end":"1430","day":1},{"is_overnight":false,"start":"1700","end":"2100","day":1},{"is_overnight":false,"start":"1100","end":"1430","day":2},{"is_overnight":false,"start":"1700","end":"2100","day":2},{"is_overnight":false,"start":"1100","end":"1430","day":3},{"is_overnight":false,"start":"1700","end":"2130","day":3},{"is_overnight":false,"start":"1100","end":"1430","day":4},{"is_overnight":false,"start":"1700","end":"2130","day":4},{"is_overnight":false,"start":"1100","end":"1430","day":5},{"is_overnight":false,"start":"1700","end":"2100","day":5}],"hours_type":"REGULAR","is_open_now":true}],"id":"M8-tfV2NdJmsVFB8b14olw","image_url":"https:\/\/s3-media4.fl.yelpcdn.com\/bphoto\/g72nCHw_2vM8koHQn4mKYw\/o.jpg","is_claimed":true,"is_closed":false,"location":{"address1":"705 3rd Ave","address2":null,"address3":null,"city":"West Point","zip_code":"31833","country":"US","state":"GA","display_address":["705 3rd Ave","West Point, GA 31833"],"cross_streets":""},"name":"Miso Sushi House","phone":"+17066457070","photos":["https:\/\/s3-media4.fl.yelpcdn.com\/bphoto\/g72nCHw_2vM8koHQn4mKYw\/o.jpg","https:\/\/s3-media1.fl.yelpcdn.com\/bphoto\/O3ZM_J2IjxTz6fe4jgeCWQ\/o.jpg","https:\/\/s3-media1.fl.yelpcdn.com\/bphoto\/-WBdMoqxXd3IG_l_XMYwTg\/o.jpg"],"price":"$$","rating":4.0,"review_count":5,"transactions":[],"url":"https:\/\/www.yelp.com\/biz\/miso-sushi-house-west-point?adjust_creative=TGKIoQSXQWn0U4PGp0GCwA&utm_campaign=yelp_api_v3&utm_medium=api_v3_business_lookup&utm_source=TGKIoQSXQWn0U4PGp0GCwA"}
{"alias":"taste-of-india-columbus-2","categories":[{"alias":"indpak","title":"Indian"},{"alias":"buffets","title":"Buffets"}],"coordinates":{"latitude":32.52059,"longitude":-84.9588},"display_phone":"(706) 940-0044","hours":[{"open":[{"is_overnight":false,"start":"1100","end":"2130","day":1},{"is_overnight":false,"start":"1100","end":"2130","day":2},{"is_overnight":false,"start":"1100","end":"2130","day":3},{"is_overnight":false,"start":"1100","end":"2130","day":4},{"is_overnight":false,"start":"1100","end":"2130","day":5},{"is_overnight":false,"start":"1100","end":"2130","day":6}],"hours_type":"REGULAR","is_open_now":false}],"id":"keytcD3MSoGsIMbJJDHy1A","image_url":"https:\/\/s3-media4.fl.yelpcdn.com\/bphoto\/D83froTmJoxB-xYP7osRzw\/o.jpg","is_claimed":true,"is_closed":false,"location":{"address1":"2301 Airport Thruway","address2":"Ste F5","address3":null,"city":"Columbus","zip_code":"31904","country":"US","state":"GA","display_address":["2301 Airport Thruway","Ste F5","Columbus, GA 31904"],"cross_streets":""},"name":"Taste Of India","phone":"+17069400044","photos":["https:\/\/s3-media4.fl.yelpcdn.com\/bphoto\/D83froTmJoxB-xYP7osRzw\/o.jpg","https:\/\/s3-media1.fl.yelpcdn.com\/bphoto\/W4UgReA1oiW866btbq5YBg\/o.jpg","https:\/\/s3-media4.fl.yelpcdn.com\/bphoto\/iEMKZkYqPlv2RAo7uTlj8w\/o.jpg"],"price":null,"rating":5.0,"review_count":16,"transactions":[],"url":"https:\/\/www.yelp.com\/biz\/taste-of-india-columbus-2?adjust_creative=TGKIoQSXQWn0U4PGp0GCwA&utm_campaign=yelp_api_v3&utm_medium=api_v3_business_lookup&utm_source=TGKIoQSXQWn0U4PGp0GCwA"}
{"alias":"india-palace-montgomery-2","categories":[{"alias":"indpak","title":"Indian"},{"alias":"pakistani","title":"Pakistani"}],"coordinates":{"latitude":32.3423353,"longitude":-86.2210988},"display_phone":"(334) 245-9340","hours":[{"open":[{"is_overnight":false,"start":"1100","end":"1430","day":1},{"is_overnight":false,"start":"1700","end":"2130","day":1},{"is_overnight":false,"start":"1100","end":"1430","day":2},{"is_overnight":false,"start":"1700","end":"2130","day":2},{"is_overnight":false,"start":"1100","end":"1430","day":3},{"is_overnight":false,"start":"1700","end":"2130","day":3},{"is_overnight":false,"start":"1100","end":"1430","day":4},{"is_overnight":false,"start":"1700","end":"2130","day":4},{"is_overnight":false,"start":"1100","end":"1430","day":5},{"is_overnight":false,"start":"1700","end":"2130","day":5},{"is_overnight":false,"start":"1100","end":"1430","day":6},{"is_overnight":false,"start":"1700","end":"2130","day":6}],"hours_type":"REGULAR","is_open_now":false}],"id":"bCJMollYKcdOvD40Wx-4LQ","image_url":"https:\/\/s3-media4.fl.yelpcdn.com\/bphoto\/2L0eJybqEMlofokzMXSGsA\/o.jpg","is_claimed":true,"is_closed":false,"location":{"address1":"2801 Vaughn Plaza Rd","address2":"Ste E","address3":"","city":"Montgomery","zip_code":"36116","country":"US","state":"AL","display_address":["2801 Vaughn Plaza Rd","Ste E","Montgomery, AL 36116"],"cross_streets":""},"name":"India Palace","phone":"+13342459340","photos":["https:\/\/s3-media4.fl.yelpcdn.com\/bphoto\/2L0eJybqEMlofokzMXSGsA\/o.jpg","https:\/\/s3-media1.fl.yelpcdn.com\/bphoto\/kGA_hQwPaeMnOBvk1Ik0vw\/o.jpg","https:\/\/s3-media1.fl.yelpcdn.com\/bphoto\/NX8Kq_Iw5SOmvLjZo67i2w\/o.jpg"],"price":"$$","rating":4.5,"review_count":80,"transactions":[],"url":"https:\/\/www.yelp.com\/biz\/india-palace-montgomery-2?adjust_creative=TGKIoQSXQWn0U4PGp0GCwA&utm_campaign=yelp_api_v3&utm_medium=api_v3_business_lookup&utm_source=TGKIoQSXQWn0U4PGp0GCwA"}
{"alias":"rias-indian-cafe-columbus","categories":[{"alias":"indpak","title":"Indian"}],"coordinates":{"latitude":32.5280265808,"longitude":-84.911529541},"display_phone":"(762) 821-3735","hours":[{"open":[{"is_overnight":false,"start":"1130","end":"2000","day":0},{"is_overnight":false,"start":"1130","end":"2000","day":1},{"is_overnight":false,"start":"1700","end":"2000","day":2},{"is_overnight":false,"start":"1130","end":"2000","day":3},{"is_overnight":false,"start":"1130","end":"2000","day":4},{"is_overnight":false,"start":"1130","end":"2000","day":5},{"is_overnight":false,"start":"1130","end":"1800","day":6}],"hours_type":"REGULAR","is_open_now":true}],"id":"3xOSCdjaz0t_SyniJATFLw","image_url":"https:\/\/s3-media3.fl.yelpcdn.com\/bphoto\/K1neEXJtpMkWVEQTBIqGRA\/o.jpg","is_claimed":true,"is_closed":false,"location":{"address1":"4848 Warm Springs Rd","address2":null,"address3":"","city":"Columbus","zip_code":"31909","country":"US","state":"GA","display_address":["4848 Warm Springs Rd","Columbus, GA 31909"],"cross_streets":""},"name":"Ria's Indian Cafe","phone":"+17628213735","photos":["https:\/\/s3-media3.fl.yelpcdn.com\/bphoto\/K1neEXJtpMkWVEQTBIqGRA\/o.jpg","https:\/\/s3-media3.fl.yelpcdn.com\/bphoto\/LFfLNL_N3Ql1pAxVaD7QFw\/o.jpg","https:\/\/s3-media3.fl.yelpcdn.com\/bphoto\/B7gTEZOYtFvjZW6lJ20-8A\/o.jpg"],"price":"$$","rating":4.5,"review_count":27,"transactions":[],"url":"https:\/\/www.yelp.com\/biz\/rias-indian-cafe-columbus?adjust_creative=TGKIoQSXQWn0U4PGp0GCwA&utm_campaign=yelp_api_v3&utm_medium=api_v3_business_lookup&utm_source=TGKIoQSXQWn0U4PGp0GCwA"}
{"alias":"saffron-indian-kitchen-montgomery-2","categories":[{"alias":"indpak","title":"Indian"}],"coordinates":{"latitude":32.3590428638,"longitude":-86.1462813451},"display_phone":"(334) 356-4533","hours":[{"open":[{"is_overnight":false,"start":"1100","end":"1430","day":0},{"is_overnight":false,"start":"1700","end":"2100","day":0},{"is_overnight":false,"start":"1100","end":"1430","day":1},{"is_overnight":false,"start":"1700","end":"2100","day":1},{"is_overnight":false,"start":"1100","end":"1430","day":2},{"is_overnight":false,"start":"1700","end":"2100","day":2},{"is_overnight":false,"start":"1100","end":"1430","day":3},{"is_overnight":false,"start":"1700","end":"2100","day":3},{"is_overnight":false,"start":"1100","end":"1430","day":4},{"is_overnight":false,"start":"1700","end":"2100","day":4},{"is_overnight":false,"start":"1100","end":"1430","day":5},{"is_overnight":false,"start":"1700","end":"2100","day":5},{"is_overnight":false,"start":"1100","end":"1430","day":6},{"is_overnight":false,"start":"1700","end":"2100","day":6}],"hours_type":"REGULAR","is_open_now":true}],"id":"7GcYkxOzTbI_erqD3XfKtw","image_url":"https:\/\/s3-media2.fl.yelpcdn.com\/bphoto\/9W8bNIk7Kdeh6aV--pjJ1A\/o.jpg","is_claimed":true,"is_closed":false,"location":{"address1":"8868 Minnie Brown Rd","address2":null,"address3":"","city":"Montgomery","zip_code":"36117","country":"US","state":"AL","display_address":["8868 Minnie Brown Rd","Montgomery, AL 36117"],"cross_streets":""},"name":"Saffron Indian Kitchen","phone":"+13343564533","photos":["https:\/\/s3-media2.fl.yelpcdn.com\/bphoto\/9W8bNIk7Kdeh6aV--pjJ1A\/o.jpg","https:\/\/s3-media4.fl.yelpcdn.com\/bphoto\/E9bho_NR8r-wKQOi73fO4A\/o.jpg","https:\/\/s3-media3.fl.yelpcdn.com\/bphoto\/ItrSneK-nI4x0TMMb8qtXA\/o.jpg"],"price":null,"rating":4.0,"review_count":3,"transactions":[],"url":"https:\/\/www.yelp.com\/biz\/saffron-indian-kitchen-montgomery-2?adjust_creative=TGKIoQSXQWn0U4PGp0GCwA&utm_campaign=yelp_api_v3&utm_medium=api_v3_business_lookup&utm_source=TGKIoQSXQWn0U4PGp0GCwA"}
{"alias":"urbantaali-foodtruck-atlanta","categories":[{"alias":"foodtrucks","title":"Food Trucks"},{"alias":"halal","title":"Halal"},{"alias":"tradamerican","title":"American (Traditional)"}],"coordinates":{"latitude":33.99764,"longitude":-84.16493},"display_phone":"(404) 940-4034","hours":[{"open":[{"is_overnight":false,"start":"1000","end":"2130","day":0},{"is_overnight":false,"start":"1000","end":"2130","day":1},{"is_overnight":false,"start":"1000","end":"2130","day":2},{"is_overnight":false,"start":"1000","end":"2130","day":3},{"is_overnight":false,"start":"1000","end":"2200","day":4},{"is_overnight":false,"start":"1100","end":"2200","day":5},{"is_overnight":false,"start":"1100","end":"2100","day":6}],"hours_type":"REGULAR","is_open_now":true}],"id":"5mwnNd0h3DgqoeniZyWF8w","image_url":"https:\/\/s3-media2.fl.yelpcdn.com\/bphoto\/f3txilP4TwrZ0Gj-7lHF3w\/o.jpg","is_claimed":true,"is_closed":false,"location":{"address1":"","address2":"","address3":"","city":"Atlanta","zip_code":"30096","country":"US","state":"GA","display_address":["Atlanta, GA 30096"],"cross_streets":""},"name":"UrbanTaali FoodTruck","phone":"+14049404034","photos":["https:\/\/s3-media2.fl.yelpcdn.com\/bphoto\/f3txilP4TwrZ0Gj-7lHF3w\/o.jpg","https:\/\/s3-media2.fl.yelpcdn.com\/bphoto\/T9BSXR2WzLWk-2ADVsrZ4A\/o.jpg","https:\/\/s3-media2.fl.yelpcdn.com\/bphoto\/yO2EaRJxwpXZHV-E1Noz4g\/o.jpg"],"price":"$","rating":3.0,"review_count":29,"transactions":[],"url":"https:\/\/www.yelp.com\/biz\/urbantaali-foodtruck-atlanta?adjust_creative=TGKIoQSXQWn0U4PGp0GCwA&utm_campaign=yelp_api_v3&utm_medium=api_v3_business_lookup&utm_source=TGKIoQSXQWn0U4PGp0GCwA"}
{"alias":"el-rodeo-opelika-2","categories":[{"alias":"mexican","title":"Mexican"}],"coordinates":{"latitude":32.63853,"longitude":-85.37515},"display_phone":"(334) 737-5727","hours":null,"id":"Z5vTPUnG4sJVRe1mWHZ4kA","image_url":"https:\/\/s3-media3.fl.yelpcdn.com\/bphoto\/WHxEswV4dBZJefbo4DkQmA\/o.jpg","is_claimed":false,"is_closed":false,"location":{"address1":"814 Geneva St","address2":"","address3":null,"city":"Opelika","zip_code":"36801","country":"US","state":"AL","display_address":["814 Geneva St","Opelika, AL 36801"],"cross_streets":""},"name":"El Rodeo","phone":"+13347375727","photos":["https:\/\/s3-media3.fl.yelpcdn.com\/bphoto\/WHxEswV4dBZJefbo4DkQmA\/o.jpg"],"price":null,"rating":4.0,"review_count":3,"transactions":[],"url":"https:\/\/www.yelp.com\/biz\/el-rodeo-opelika-2?adjust_creative=TGKIoQSXQWn0U4PGp0GCwA&utm_campaign=yelp_api_v3&utm_medium=api_v3_business_lookup&utm_source=TGKIoQSXQWn0U4PGp0GCwA"}
{"alias":"chipotle-mexican-grill-auburn","categories":[{"alias":"mexican","title":"Mexican"},{"alias":"hotdogs","title":"Fast Food"}],"coordinates":{"latitude":32.606812,"longitude":-85.487206},"display_phone":"(334) 821-7740","hours":[{"open":[{"is_overnight":false,"start":"1045","end":"2200","day":0},{"is_overnight":false,"start":"1045","end":"2200","day":1},{"is_overnight":false,"start":"1045","end":"2200","day":2},{"is_overnight":false,"start":"1045","end":"2200","day":3},{"is_overnight":false,"start":"1045","end":"2200","day":4},{"is_overnight":false,"start":"1045","end":"2200","day":5},{"is_overnight":false,"start":"1045","end":"2200","day":6}],"hours_type":"REGULAR","is_open_now":true}],"id":"T6BI6lSmQHKwPPpslpsKKA","image_url":"https:\/\/s3-media3.fl.yelpcdn.com\/bphoto\/Jb-wwM7PVbPxcS9ej31whQ\/o.jpg","is_claimed":true,"is_closed":false,"location":{"address1":"346 W Magnolia Ave","address2":"","address3":"","city":"Auburn","zip_code":"36832","country":"US","state":"AL","display_address":["346 W Magnolia Ave","Auburn, AL 36832"],"cross_streets":""},"name":"Chipotle Mexican Grill","phone":"+13348217740","photos":["https:\/\/s3-media3.fl.yelpcdn.com\/bphoto\/Jb-wwM7PVbPxcS9ej31whQ\/o.jpg","https:\/\/s3-media3.fl.yelpcdn.com\/bphoto\/-5xaTc5wA2wdKSDFtz4Uiw\/o.jpg","https:\/\/s3-media2.fl.yelpcdn.com\/bphoto\/45jZy8nR0e1QUjhm6WG1jw\/o.jpg"],"price":"$","rating":3.0,"review_count":28,"transactions":[],"url":"https:\/\/www.yelp.com\/biz\/chipotle-mexican-grill-auburn?adjust_creative=TGKIoQSXQWn0U4PGp0GCwA&utm_campaign=yelp_api_v3&utm_medium=api_v3_business_lookup&utm_source=TGKIoQSXQWn0U4PGp0GCwA"}
{"alias":"cakeitecture-bakery-auburn","categories":[{"alias":"bakeries","title":"Bakeries"}],"coordinates":{"latitude":32.606958,"longitude":-85.4825369},"display_phone":"(334) 246-3002","hours":[{"open":[{"is_overnight":false,"start":"0900","end":"1700","day":1},{"is_overnight":false,"start":"0900","end":"1700","day":2},{"is_overnight":false,"start":"0900","end":"1700","day":3},{"is_overnight":false,"start":"0900","end":"1700","day":4},{"is_overnight":false,"start":"0900","end":"1700","day":5}],"hours_type":"REGULAR","is_open_now":false}],"id":"KPWd7ce7Mnu3seVf6DdQEA","image_url":"https:\/\/s3-media1.fl.yelpcdn.com\/bphoto\/gH16G4pEeHsidItkUs-_9g\/o.jpg","is_claimed":false,"is_closed":false,"location":{"address1":"114 West Magnolia Ave","address2":"Ste E","address3":null,"city":"Auburn","zip_code":"36830","country":"US","state":"AL","display_address":["114 West Magnolia Ave","Ste E","Auburn, AL 36830"],"cross_streets":""},"name":"Cakeitecture Bakery","phone":"+13342463002","photos":["https:\/\/s3-media1.fl.yelpcdn.com\/bphoto\/gH16G4pEeHsidItkUs-_9g\/o.jpg","https:\/\/s3-media4.fl.yelpcdn.com\/bphoto\/1CDzlUcrgfSOquzN5ojr1g\/o.jpg","https:\/\/s3-media3.fl.yelpcdn.com\/bphoto\/DfwX__ytWMmkRLa9aZed6A\/o.jpg"],"price":null,"rating":4.5,"review_count":3,"transactions":[],"url":"https:\/\/www.yelp.com\/biz\/cakeitecture-bakery-auburn?adjust_creative=TGKIoQSXQWn0U4PGp0GCwA&utm_campaign=yelp_api_v3&utm_medium=api_v3_business_lookup&utm_source=TGKIoQSXQWn0U4PGp0GCwA"}
{"alias":"gourmet-tiger-auburn-2","categories":[{"alias":"bakeries","title":"Bakeries"}],"coordinates":{"latitude":32.6101303,"longitude":-85.4654388},"display_phone":"(334) 821-9222","hours":[{"open":[{"is_overnight":false,"start":"0900","end":"1700","day":0},{"is_overnight":false,"start":"0900","end":"1700","day":1},{"is_overnight":false,"start":"0900","end":"1700","day":2},{"is_overnight":false,"start":"0900","end":"1700","day":3},{"is_overnight":false,"start":"0900","end":"1700","day":4},{"is_overnight":false,"start":"0900","end":"1700","day":5}],"hours_type":"REGULAR","is_open_now":false}],"id":"mWmwWv72xEOskVMxldQ3CA","image_url":"https:\/\/s3-media1.fl.yelpcdn.com\/bphoto\/GrayWIWjMsFURuxTx1YnSg\/o.jpg","is_claimed":true,"is_closed":false,"location":{"address1":"231 N Dean Rd","address2":"Ste 2","address3":"","city":"Auburn","zip_code":"36830","country":"US","state":"AL","display_address":["231 N Dean Rd","Ste 2","Auburn, AL 36830"],"cross_streets":""},"name":"Gourmet Tiger","phone":"+13348219222","photos":["https:\/\/s3-media1.fl.yelpcdn.com\/bphoto\/GrayWIWjMsFURuxTx1YnSg\/o.jpg","https:\/\/s3-media1.fl.yelpcdn.com\/bphoto\/0b5VHrDkGrMIYYXQKpqUyg\/o.jpg","https:\/\/s3-media1.fl.yelpcdn.com\/bphoto\/gYOC0Z51Ujaj99hrgKalqw\/o.jpg"],"price":null,"rating":3.0,"review_count":2,"transactions":[],"url":"https:\/\/www.yelp.com\/biz\/gourmet-tiger-auburn-2?adjust_creative=TGKIoQSXQWn0U4PGp0GCwA&utm_campaign=yelp_api_v3&utm_medium=api_v3_business_lookup&utm_source=TGKIoQSXQWn0U4PGp0GCwA"}
{"alias":"small-cakes-opelika","categories":[{"alias":"bakeries","title":"Bakeries"}],"coordinates":{"latitude":32.6156563812,"longitude":-85.4239169227},"display_phone":"(334) 737-5555","hours":[{"open":[{"is_overnight":false,"start":"1000","end":"2000","day":0},{"is_overnight":false,"start":"1000","end":"2000","day":1},{"is_overnight":false,"start":"1000","end":"2000","day":2},{"is_overnight":false,"start":"1000","end":"2000","day":3},{"is_overnight":false,"start":"1000","end":"2000","day":4},{"is_overnight":false,"start":"1000","end":"2000","day":5},{"is_overnight":false,"start":"1200","end":"1700","day":6}],"hours_type":"REGULAR","is_open_now":true}],"id":"88JBot4A4bS4w4NaDHBTdA","image_url":"","is_claimed":false,"is_closed":false,"location":{"address1":"3051 Frederick Rd","address2":"Ste 4","address3":"","city":"Opelika","zip_code":"36801","country":"US","state":"AL","display_address":["3051 Frederick Rd","Ste 4","Opelika, AL 36801"],"cross_streets":""},"name":"Small Cakes","phone":"+13347375555","photos":[],"price":"$$","rating":3.5,"review_count":2,"transactions":[],"url":"https:\/\/www.yelp.com\/biz\/small-cakes-opelika?adjust_creative=TGKIoQSXQWn0U4PGp0GCwA&utm_campaign=yelp_api_v3&utm_medium=api_v3_business_lookup&utm_source=TGKIoQSXQWn0U4PGp0GCwA"}
{"alias":"great-american-cookies-auburn","categories":[{"alias":"bakeries","title":"Bakeries"},{"alias":"desserts","title":"Desserts"}],"coordinates":{"latitude":32.626298,"longitude":-85.446991},"display_phone":"(334) 821-4553","hours":[{"open":[{"is_overnight":false,"start":"1000","end":"2100","day":0},{"is_overnight":false,"start":"1000","end":"2100","day":1},{"is_overnight":false,"start":"1000","end":"2100","day":2},{"is_overnight":false,"start":"1000","end":"2100","day":3},{"is_overnight":false,"start":"1000","end":"2100","day":4},{"is_overnight":false,"start":"1000","end":"2100","day":5},{"is_overnight":false,"start":"1200","end":"1800","day":6}],"hours_type":"REGULAR","is_open_now":true}],"id":"o262Oc8u7BKl3Bs5Ckr5_Q","image_url":"","is_claimed":true,"is_closed":false,"location":{"address1":"1627 Opelika Rd","address2":null,"address3":null,"city":"Auburn","zip_code":"36830","country":"US","state":"AL","display_address":["1627 Opelika Rd","Auburn, AL 36830"],"cross_streets":""},"name":"Great American Cookies","phone":"+13348214553","photos":[],"price":"$$$","rating":1.0,"review_count":2,"transactions":[],"url":"https:\/\/www.yelp.com\/biz\/great-american-cookies-auburn?adjust_creative=TGKIoQSXQWn0U4PGp0GCwA&utm_campaign=yelp_api_v3&utm_medium=api_v3_business_lookup&utm_source=TGKIoQSXQWn0U4PGp0GCwA"}