{"alias":"jimmy-johns-bismarck","categories":[{"alias":"sandwiches","title":"Sandwiches"},{"alias":"delis","title":"Delis"},{"alias":"hotdogs","title":"Fast Food"}],"coordinates":{"latitude":46.8028488159,"longitude":-100.7871780396},"display_phone":"(701) 751-4449","hours":[{"open":[{"is_overnight":false,"start":"1030","end":"2200","day":0},{"is_overnight":false,"start":"1030","end":"2200","day":1},{"is_overnight":false,"start":"1030","end":"2200","day":2},{"is_overnight":false,"start":"1030","end":"2200","day":3},{"is_overnight":false,"start":"1030","end":"2200","day":4},{"is_overnight":false,"start":"1030","end":"2200","day":5},{"is_overnight":false,"start":"1030","end":"2200","day":6}],"hours_type":"REGULAR","is_open_now":true}],"id":"yqxX51sgliikqJ8qkcFjzA","image_url":"https:\/\/s3-media1.fl.yelpcdn.com\/bphoto\/nGlLBfBjDRaVRFGNETFDAg\/o.jpg","is_claimed":true,"is_closed":false,"location":{"address1":"301 S 3rd St","address2":"","address3":"","city":"Bismarck","zip_code":"58504","country":"US","state":"ND","display_address":["301 S 3rd St","Bismarck, ND 58504"],"cross_streets":""},"name":"Jimmy John's","phone":"+17017514449","photos":["https:\/\/s3-media1.fl.yelpcdn.com\/bphoto\/nGlLBfBjDRaVRFGNETFDAg\/o.jpg"],"price":"$$","rating":3.0,"review_count":9,"transactions":[],"url":"https:\/\/www.yelp.com\/biz\/jimmy-johns-bismarck?adjust_creative=3XFlswbSIE7Ti6WzVie74g&utm_campaign=yelp_api_v3&utm_medium=api_v3_business_lookup&utm_source=3XFlswbSIE7Ti6WzVie74g"}
{"alias":"o-brians-sports-tavern-bismarck","categories":[{"alias":"delis","title":"Delis"},{"alias":"sandwiches","title":"Sandwiches"}],"coordinates":{"latitude":46.83313,"longitude":-100.77421},"display_phone":"(701) 258-5700","hours":null,"id":"vBt3iQgBA-mLluc1wmge4w","image_url":"","is_claimed":false,"is_closed":false,"location":{"address1":"1059 E Interstate Ave","address2":"","address3":"","city":"Bismarck","zip_code":"58503","country":"US","state":"ND","display_address":["1059 E Interstate Ave","Bismarck, ND 58503"],"cross_streets":""},"name":"O'Brian's Sports Tavern","phone":"+17012585700","photos":[],"price":null,"rating":3.5,"review_count":4,"transactions":[],"url":"https:\/\/www.yelp.com\/biz\/o-brians-sports-tavern-bismarck?adjust_creative=3XFlswbSIE7Ti6WzVie74g&utm_campaign=yelp_api_v3&utm_medium=api_v3_business_lookup&utm_source=3XFlswbSIE7Ti6WzVie74g"}
{"alias":"pita-pit-bismarck-2","categories":[{"alias":"sandwiches","title":"Sandwiches"},{"alias":"mediterranean","title":"Mediterranean"},{"alias":"hotdogs","title":"Fast Food"}],"coordinates":{"latitude":46.8385151,"longitude":-100.7710181},"display_phone":"(701) 751-4202","hours":[{"open":[{"is_overnight":false,"start":"1100","end":"2100","day":0},{"is_overnight":false,"start":"1100","end":"2100","day":1},{"is_overnight":false,"start":"1100","end":"2100","day":2},{"is_overnight":false,"start":"1100","end":"2100","day":3},{"is_overnight":false,"start":"1100","end":"2100","day":4},{"is_overnight":false,"start":"1100","end":"2100","day":5},{"is_overnight":false,"start":"1200","end":"2000","day":6}],"hours_type":"REGULAR","is_open_now":true}],"id":"6fRg7zvv5H9YwGKsjElOjA","image_url":"https:\/\/s3-media3.fl.yelpcdn.com\/bphoto\/EmZCYGDXfkCTOpsxOLoehA\/o.jpg","is_claimed":true,"is_closed":false,"location":{"address1":"2930 N 14th St","address2":"Ste 100","address3":null,"city":"Bismarck","zip_code":"58503","country":"US","state":"ND","display_address":["2930 N 14th St","Ste 100","Bismarck, ND 58503"],"cross_streets":""},"name":"Pita Pit","phone":"+17017514202","photos":["https:\/\/s3-media3.fl.yelpcdn.com\/bphoto\/EmZCYGDXfkCTOpsxOLoehA\/o.jpg","https:\/\/s3-media3.fl.yelpcdn.com\/bphoto\/xUJRpoDuEw9u74DWQEkYPw\/o.jpg"],"price":null,"rating":4.0,"review_count":1,"transactions":[],"url":"https:\/\/www.yelp.com\/biz\/pita-pit-bismarck-2?adjust_creative=3XFlswbSIE7Ti6WzVie74g&utm_campaign=yelp_api_v3&utm_medium=api_v3_business_lookup&utm_source=3XFlswbSIE7Ti6WzVie74g"}
{"alias":"arbys-bismarck","categories":[{"alias":"hotdogs","title":"Fast Food"},{"alias":"sandwiches","title":"Sandwiches"}],"coordinates":{"latitude":46.834868,"longitude":-100.772051},"display_phone":"(701) 258-9930","hours":null,"id":"I4XEl8gKfCY2pvhj3h0uJQ","image_url":"","is_claimed":true,"is_closed":false,"location":{"address1":"Kirkwood Mall","address2":"","address3":"","city":"Bismarck","zip_code":"58501","country":"US","state":"ND","display_address":["Kirkwood Mall","Bismarck, ND 58501"],"cross_streets":""},"name":"Arby's","phone":"+17012589930","photos":[],"price":null,"rating":3.0,"review_count":1,"transactions":[],"url":"https:\/\/www.yelp.com\/biz\/arbys-bismarck?adjust_creative=3XFlswbSIE7Ti6WzVie74g&utm_campaign=yelp_api_v3&utm_medium=api_v3_business_lookup&utm_source=3XFlswbSIE7Ti6WzVie74g"}
{"alias":"rockn-50s-cafe-bismarck","categories":[{"alias":"cafes","title":"Cafes"}],"coordinates":{"latitude":46.81149,"longitude":-100.78707},"display_phone":"(701) 222-4612","hours":null,"id":"QmiecAsR-Xc3AmzGGGpn8g","image_url":"https:\/\/s3-media2.fl.yelpcdn.com\/bphoto\/q6j4XuFvFIqq95tJoTulBg\/o.jpg","is_claimed":false,"is_closed":false,"location":{"address1":"","address2":"","address3":"","city":"Bismarck","zip_code":"58501","country":"US","state":"ND","display_address":["Bismarck, ND 58501"],"cross_streets":""},"name":"Rock'n 50's Cafe","phone":"+17012224612","photos":["https:\/\/s3-media2.fl.yelpcdn.com\/bphoto\/q6j4XuFvFIqq95tJoTulBg\/o.jpg","https:\/\/s3-media3.fl.yelpcdn.com\/bphoto\/dKCaiQrCBRT2YwZN4Jhcjw\/o.jpg","https:\/\/s3-media2.fl.yelpcdn.com\/bphoto\/YYpJfoPWORJGXSZhwGenHw\/o.jpg"],"price":"$$","rating":2.5,"review_count":4,"transactions":[],"url":"https:\/\/www.yelp.com\/biz\/rockn-50s-cafe-bismarck?adjust_creative=3XFlswbSIE7Ti6WzVie74g&utm_campaign=yelp_api_v3&utm_medium=api_v3_business_lookup&utm_source=3XFlswbSIE7Ti6WzVie74g"}
{"alias":"arbys-bismarck-2","categories":[{"alias":"sandwiches","title":"Sandwiches"},{"alias":"hotdogs","title":"Fast Food"}],"coordinates":{"latitude":46.7947311401,"longitude":-100.7472305298},"display_phone":"(701) 258-2775","hours":null,"id":"L_UkbAedo6-JUdZrTrkLDg","image_url":"","is_claimed":true,"is_closed":false,"location":{"address1":"3000 Rock Island Pl","address2":null,"address3":null,"city":"Bismarck","zip_code":"58504","country":"US","state":"ND","display_address":["3000 Rock Island Pl","Bismarck, ND 58504"],"cross_streets":""},"name":"Arby's","phone":"+17012582775","photos":[],"price":null,"rating":1.5,"review_count":3,"transactions":[],"url":"https:\/\/www.yelp.com\/biz\/arbys-bismarck-2?adjust_creative=3XFlswbSIE7Ti6WzVie74g&utm_campaign=yelp_api_v3&utm_medium=api_v3_business_lookup&utm_source=3XFlswbSIE7Ti6WzVie74g"}
{"alias":"dans-supermarket-bismarck-4","categories":[{"alias":"grocery","title":"Grocery"}],"coordinates":{"latitude":46.84006,"longitude":-100.77461},"display_phone":"(701) 258-7791","hours":[{"open":[{"is_overnight":true,"start":"0000","end":"0000","day":0},{"is_overnight":true,"start":"0000","end":"0000","day":1},{"is_overnight":true,"start":"0000","end":"0000","day":2},{"is_overnight":true,"start":"0000","end":"0000","day":3},{"is_overnight":true,"start":"0000","end":"0000","day":4},{"is_overnight":true,"start":"0000","end":"0000","day":5},{"is_overnight":true,"start":"0000","end":"0000","day":6}],"hours_type":"REGULAR","is_open_now":true}],"id":"6ZnQlLhVn44GeYuaf8gZcg","image_url":"https:\/\/s3-media1.fl.yelpcdn.com\/bphoto\/BVzGMVPvMNyFy1__MvPxbQ\/o.jpg","is_claimed":false,"is_closed":false,"location":{"address1":"3101 N 11th St","address2":"","address3":null,"city":"Bismarck","zip_code":"58503","country":"US","state":"ND","display_address":["3101 N 11th St","Bismarck, ND 58503"],"cross_streets":""},"name":"Dan's Supermarket","phone":"+17012587791","photos":["https:\/\/s3-media1.fl.yelpcdn.com\/bphoto\/BVzGMVPvMNyFy1__MvPxbQ\/o.jpg"],"price":"$$","rating":3.5,"review_count":3,"transactions":[],"url":"https:\/\/www.yelp.com\/biz\/dans-supermarket-bismarck-4?adjust_creative=3XFlswbSIE7Ti6WzVie74g&utm_campaign=yelp_api_v3&utm_medium=api_v3_business_lookup&utm_source=3XFlswbSIE7Ti6WzVie74g"}
{"alias":"schweitzers-gourmet-meats-bismarck","categories":[{"alias":"meats","title":"Meat Shops"},{"alias":"butcher","title":"Butcher"}],"coordinates":{"latitude":46.79906,"longitude":-100.79412},"display_phone":"(701) 751-0319","hours":[{"open":[{"is_overnight":false,"start":"1000","end":"1730","day":0},{"is_overnight":false,"start":"1000","end":"1730","day":1},{"is_overnight":false,"start":"1000","end":"1730","day":2},{"is_overnight":false,"start":"1000","end":"1730","day":3},{"is_overnight":false,"start":"1000","end":"1730","day":4},{"is_overnight":false,"start":"1000","end":"1500","day":5}],"hours_type":"REGULAR","is_open_now":true}],"id":"R30Ef_Cphv3UOa6lM6-RXw","image_url":"https:\/\/s3-media3.fl.yelpcdn.com\/bphoto\/SA7a8nKGk4DfyIYVsBgLZw\/o.jpg","is_claimed":true,"is_closed":false,"location":{"address1":"625 S Washington St","address2":"","address3":null,"city":"Bismarck","zip_code":"58504","country":"US","state":"ND","display_address":["625 S Washington St","Bismarck, ND 58504"],"cross_streets":""},"name":"Schweitzer's Gourmet Meats","phone":"+17017510319","photos":["https:\/\/s3-media3.fl.yelpcdn.com\/bphoto\/SA7a8nKGk4DfyIYVsBgLZw\/o.jpg","https:\/\/s3-media4.fl.yelpcdn.com\/bphoto\/SRYY4Moi5G0zeKC8Q0ftXw\/o.jpg","https:\/\/s3-media2.fl.yelpcdn.com\/bphoto\/2gTUHyQG_LESCpqy5ogNiQ\/o.jpg"],"price":"$$","rating":4.0,"review_count":1,"transactions":[],"url":"https:\/\/www.yelp.com\/biz\/schweitzers-gourmet-meats-bismarck?adjust_creative=3XFlswbSIE7Ti6WzVie74g&utm_campaign=yelp_api_v3&utm_medium=api_v3_business_lookup&utm_source=3XFlswbSIE7Ti6WzVie74g"}
{"alias":"subway-mandan","categories":[{"alias":"sandwiches","title":"Sandwiches"},{"alias":"hotdogs","title":"Fast Food"}],"coordinates":{"latitude":46.827195568,"longitude":-100.8819850233},"display_phone":"(701) 663-3344","hours":[{"open":[{"is_overnight":false,"start":"0700","end":"2300","day":0},{"is_overnight":false,"start":"0700","end":"2300","day":1},{"is_overnight":false,"start":"0700","end":"2300","day":2},{"is_overnight":false,"start":"0700","end":"2300","day":3},{"is_overnight":false,"start":"0700","end":"2300","day":4},{"is_overnight":false,"start":"0700","end":"2300","day":5},{"is_overnight":false,"start":"0700","end":"2300","day":6}],"hours_type":"REGULAR","is_open_now":true}],"id":"Oz1ARfCo_5L4RsSGV0JOIA","image_url":"https:\/\/s3-media2.fl.yelpcdn.com\/bphoto\/PEGkWHjzrDvqjACdeo5W0g\/o.jpg","is_claimed":true,"is_closed":false,"location":{"address1":"517 E Main St","address2":"","address3":"","city":"Mandan","zip_code":"58554","country":"US","state":"ND","display_address":["517 E Main St","Mandan, ND 58554"],"cross_streets":""},"name":"Subway","phone":"+17016633344","photos":["https:\/\/s3-media2.fl.yelpcdn.com\/bphoto\/PEGkWHjzrDvqjACdeo5W0g\/o.jpg"],"price":null,"rating":1.5,"review_count":4,"transactions":[],"url":"https:\/\/www.yelp.com\/biz\/subway-mandan?adjust_creative=3XFlswbSIE7Ti6WzVie74g&utm_campaign=yelp_api_v3&utm_medium=api_v3_business_lookup&utm_source=3XFlswbSIE7Ti6WzVie74g"}
{"alias":"chinatown-buffet-bismarck","categories":[{"alias":"buffets","title":"Buffets"}],"coordinates":{"latitude":46.835735,"longitude":-100.777122},"display_phone":"(701) 222-1689","hours":null,"id":"9MDxhY_d9vLQIjuc_xINfg","image_url":"","is_claimed":false,"is_closed":false,"location":{"address1":"2700 State St","address2":"Ste 1","address3":"","city":"Bismarck","zip_code":"58503","country":"US","state":"ND","display_address":["2700 State St","Ste 1","Bismarck, ND 58503"],"cross_streets":""},"name":"Chinatown Buffet","phone":"+17012221689","photos":[],"price":null,"rating":3.0,"review_count":1,"transactions":[],"url":"https:\/\/www.yelp.com\/biz\/chinatown-buffet-bismarck?adjust_creative=3XFlswbSIE7Ti6WzVie74g&utm_campaign=yelp_api_v3&utm_medium=api_v3_business_lookup&utm_source=3XFlswbSIE7Ti6WzVie74g"}
{"alias":"t-c-b-y-yogurt-bismarck","categories":[{"alias":"icecream","title":"Ice Cream & Frozen Yogurt"}],"coordinates":{"latitude":46.83865,"longitude":-100.77487},"display_phone":"(701) 223-0609","hours":null,"id":"tsEJBAIP03W1axJe8IT2xA","image_url":"https:\/\/s3-media3.fl.yelpcdn.com\/bphoto\/RNOMwHobcARYZqmnTeqyVw\/o.jpg","is_claimed":true,"is_closed":false,"location":{"address1":"2921 N 11th St","address2":"","address3":"","city":"Bismarck","zip_code":"58503","country":"US","state":"ND","display_address":["2921 N 11th St","Bismarck, ND 58503"],"cross_streets":""},"name":"T C B Y Yogurt","phone":"+17012230609","photos":["https:\/\/s3-media3.fl.yelpcdn.com\/bphoto\/RNOMwHobcARYZqmnTeqyVw\/o.jpg","https:\/\/s3-media4.fl.yelpcdn.com\/bphoto\/OWQj2yhopOI3PoWHSsb_lg\/o.jpg","https:\/\/s3-media3.fl.yelpcdn.com\/bphoto\/dAuTEjfGNrkzc6AUFmXAzw\/o.jpg"],"price":"$","rating":4.0,"review_count":3,"transactions":[],"url":"https:\/\/www.yelp.com\/biz\/t-c-b-y-yogurt-bismarck?adjust_creative=3XFlswbSIE7Ti6WzVie74g&utm_campaign=yelp_api_v3&utm_medium=api_v3_business_lookup&utm_source=3XFlswbSIE7Ti6WzVie74g"}
{"alias":"donut-hole-bismarck","categories":[{"alias":"donuts","title":"Donuts"}],"coordinates":{"latitude":46.82683,"longitude":-100.77369},"display_phone":"(701) 222-2911","hours":null,"id":"5Hxk4BYoiylqTpG7QJcldw","image_url":"","is_claimed":false,"is_closed":false,"location":{"address1":"1914 N 12th St","address2":"","address3":"","city":"Bismarck","zip_code":"58501","country":"US","state":"ND","display_address":["1914 N 12th St","Bismarck, ND 58501"],"cross_streets":""},"name":"Donut Hole","phone":"+17012222911","photos":[],"price":null,"rating":5.0,"review_count":1,"transactions":[],"url":"https:\/\/www.yelp.com\/biz\/donut-hole-bismarck?adjust_creative=3XFlswbSIE7Ti6WzVie74g&utm_campaign=yelp_api_v3&utm_medium=api_v3_business_lookup&utm_source=3XFlswbSIE7Ti6WzVie74g"}
{"alias":"model-bakery-linton","categories":[{"alias":"bakeries","title":"Bakeries"}],"coordinates":{"latitude":46.267154,"longitude":-100.2327151},"display_phone":"(701) 254-4687","hours":null,"id":"V63c3WNLiyb0InD4YpTT-A","image_url":"https:\/\/s3-media4.fl.yelpcdn.com\/bphoto\/GLamj5brL4i7F2ec6mcDnw\/o.jpg","is_claimed":false,"is_closed":false,"location":{"address1":"117 N Broadway St","address2":"","address3":"","city":"Linton","zip_code":"58552","country":"US","state":"ND","display_address":["117 N Broadway St","Linton, ND 58552"],"cross_streets":""},"name":"Model Bakery","phone":"+17012544687","photos":["https:\/\/s3-media4.fl.yelpcdn.com\/bphoto\/GLamj5brL4i7F2ec6mcDnw\/o.jpg","https:\/\/s3-media2.fl.yelpcdn.com\/bphoto\/a-gixRGHSLNAMzQK2sE3ZQ\/o.jpg","https:\/\/s3-media1.fl.yelpcdn.com\/bphoto\/lU3SZ6hEKW1LZ5___LT39A\/o.jpg"],"price":"$","rating":5.0,"review_count":3,"transactions":[],"url":"https:\/\/www.yelp.com\/biz\/model-bakery-linton?adjust_creative=3XFlswbSIE7Ti6WzVie74g&utm_campaign=yelp_api_v3&utm_medium=api_v3_business_lookup&utm_source=3XFlswbSIE7Ti6WzVie74g"}
{"alias":"best-western-seven-seas-inn-and-conference-center-mandan","categories":[{"alias":"hotels","title":"Hotels"},{"alias":"restaurants","title":"Restaurants"}],"coordinates":{"latitude":46.8443428776,"longitude":-100.9041800052},"display_phone":"(701) 663-7401","hours":null,"id":"JNLsSUe9ttzBUWImBt_ivA","image_url":"","is_claimed":false,"is_closed":false,"location":{"address1":"I 94 & Exit 152","address2":"","address3":"","city":"Mandan","zip_code":"58554","country":"US","state":"ND","display_address":["I 94 & Exit 152","Mandan, ND 58554"],"cross_streets":""},"name":"Best Western-Seven Seas Inn & Conference Center","phone":"+17016637401","photos":[],"price":"$$$$","rating":2.0,"review_count":7,"transactions":[],"url":"https:\/\/www.yelp.com\/biz\/best-western-seven-seas-inn-and-conference-center-mandan?adjust_creative=3XFlswbSIE7Ti6WzVie74g&utm_campaign=yelp_api_v3&utm_medium=api_v3_business_lookup&utm_source=3XFlswbSIE7Ti6WzVie74g"}
{"alias":"papa-murphys-bismarck-3","categories":[{"alias":"pizza","title":"Pizza"}],"coordinates":{"latitude":46.79906,"longitude":-100.79412},"display_phone":"(701) 255-7272","hours":null,"id":"7R0d6RCwpcblZOVd6jOGtg","image_url":"https:\/\/s3-media3.fl.yelpcdn.com\/bphoto\/Gaho30ntcq8hlMraGH0sdA\/o.jpg","is_claimed":true,"is_closed":false,"location":{"address1":"625 South Washington Street","address2":"Suite D","address3":null,"city":"Bismarck","zip_code":"58504","country":"US","state":"ND","display_address":["625 South Washington Street","Suite D","Bismarck, ND 58504"],"cross_streets":""},"name":"Papa Murphy's","phone":"+17012557272","photos":["https:\/\/s3-media3.fl.yelpcdn.com\/bphoto\/Gaho30ntcq8hlMraGH0sdA\/o.jpg"],"price":null,"rating":4.0,"review_count":1,"transactions":[],"url":"https:\/\/www.yelp.com\/biz\/papa-murphys-bismarck-3?adjust_creative=3XFlswbSIE7Ti6WzVie74g&utm_campaign=yelp_api_v3&utm_medium=api_v3_business_lookup&utm_source=3XFlswbSIE7Ti6WzVie74g"}
{"alias":"djs-pizza-and-ribs-lincoln","categories":[{"alias":"pizza","title":"Pizza"}],"coordinates":{"latitude":46.76485,"longitude":-100.6922699},"display_phone":"(701) 250-8000","hours":null,"id":"m3fkH1jrZ9OmU4AFAoy-Rw","image_url":"","is_claimed":false,"is_closed":false,"location":{"address1":"66 Santee Rd","address2":"","address3":"","city":"Lincoln","zip_code":"58504","country":"US","state":"ND","display_address":["66 Santee Rd","Lincoln, ND 58504"],"cross_streets":""},"name":"Dj's Pizza & Ribs","phone":"+17012508000","photos":[],"price":"$$","rating":2.0,"review_count":2,"transactions":[],"url":"https:\/\/www.yelp.com\/biz\/djs-pizza-and-ribs-lincoln?adjust_creative=3XFlswbSIE7Ti6WzVie74g&utm_campaign=yelp_api_v3&utm_medium=api_v3_business_lookup&utm_source=3XFlswbSIE7Ti6WzVie74g"}
{"alias":"stonehome-brewing-bismarck","categories":[{"alias":"breweries","title":"Breweries"}],"coordinates":{"latitude":46.82277,"longitude":-100.77417},"display_phone":"(701) 751-1445","hours":[{"open":[{"is_overnight":false,"start":"1100","end":"2300","day":0},{"is_overnight":false,"start":"1100","end":"2300","day":1},{"is_overnight":false,"start":"1100","end":"2300","day":2},{"is_overnight":false,"start":"1100","end":"2300","day":3},{"is_overnight":false,"start":"1100","end":"0000","day":4},{"is_overnight":false,"start":"1100","end":"0000","day":5},{"is_overnight":false,"start":"1100","end":"2100","day":6}],"hours_type":"REGULAR","is_open_now":true}],"id":"ehjfnvL1jDrBk3X_yws4zw","image_url":"","is_claimed":false,"is_closed":false,"location":{"address1":"1601 N 12th St","address2":"","address3":null,"city":"Bismarck","zip_code":"58501","country":"US","state":"ND","display_address":["1601 N 12th St","Bismarck, ND 58501"],"cross_streets":""},"name":"StoneHome Brewing","phone":"+17017511445","photos":[],"price":null,"rating":3.5,"review_count":3,"transactions":[],"url":"https:\/\/www.yelp.com\/biz\/stonehome-brewing-bismarck?adjust_creative=3XFlswbSIE7Ti6WzVie74g&utm_campaign=yelp_api_v3&utm_medium=api_v3_business_lookup&utm_source=3XFlswbSIE7Ti6WzVie74g"}
{"alias":"cenex-bismarck","categories":[{"alias":"convenience","title":"Convenience Stores"},{"alias":"pizza","title":"Pizza"}],"coordinates":{"latitude":46.8348299,"longitude":-100.73144},"display_phone":"(701) 255-3810","hours":null,"id":"5Kf_4meIpzlObtMuFDsuww","image_url":"","is_claimed":false,"is_closed":false,"location":{"address1":"2520 Centennial Rd","address2":"","address3":"","city":"Bismarck","zip_code":"58503","country":"US","state":"ND","display_address":["2520 Centennial Rd","Bismarck, ND 58503"],"cross_streets":""},"name":"Cenex","phone":"+17012553810","photos":[],"price":"$$$","rating":3.0,"review_count":2,"transactions":[],"url":"https:\/\/www.yelp.com\/biz\/cenex-bismarck?adjust_creative=3XFlswbSIE7Ti6WzVie74g&utm_campaign=yelp_api_v3&utm_medium=api_v3_business_lookup&utm_source=3XFlswbSIE7Ti6WzVie74g"}
{"alias":"little-caesars-pizza-mandan","categories":[{"alias":"pizza","title":"Pizza"}],"coordinates":{"latitude":46.8218307495,"longitude":-100.8801498413},"display_phone":"(701) 751-4455","hours":[{"open":[{"is_overnight":false,"start":"1030","end":"2200","day":0},{"is_overnight":false,"start":"1030","end":"2200","day":1},{"is_overnight":false,"start":"1030","end":"2200","day":2},{"is_overnight":false,"start":"1030","end":"2200","day":3},{"is_overnight":false,"start":"1030","end":"2200","day":4},{"is_overnight":false,"start":"1030","end":"2200","day":5},{"is_overnight":false,"start":"1030","end":"2200","day":6}],"hours_type":"REGULAR","is_open_now":true}],"id":"rPh2mn1pRHM-spOazDcHGw","image_url":"","is_claimed":true,"is_closed":false,"location":{"address1":"310 6th Ave SE","address2":"","address3":"","city":"Mandan","zip_code":"58554","country":"US","state":"ND","display_address":["310 6th Ave SE","Mandan, ND 58554"],"cross_streets":""},"name":"Little Caesars Pizza","phone":"+17017514455","photos":[],"price":"$","rating":2.5,"review_count":2,"transactions":[],"url":"https:\/\/www.yelp.com\/biz\/little-caesars-pizza-mandan?adjust_creative=3XFlswbSIE7Ti6WzVie74g&utm_campaign=yelp_api_v3&utm_medium=api_v3_business_lookup&utm_source=3XFlswbSIE7Ti6WzVie74g"}
{"alias":"dominos-pizza-mandan","categories":[{"alias":"pizza","title":"Pizza"},{"alias":"chicken_wings","title":"Chicken Wings"},{"alias":"sandwiches","title":"Sandwiches"}],"coordinates":{"latitude":46.8285903931,"longitude":-100.876083374},"display_phone":"(701) 663-6988","hours":[{"open":[{"is_overnight":false,"start":"1030","end":"0000","day":0},{"is_overnight":false,"start":"1030","end":"0000","day":1},{"is_overnight":false,"start":"1030","end":"0000","day":2},{"is_overnight":false,"start":"1030","end":"0000","day":3},{"is_overnight":true,"start":"1030","end":"0200","day":4},{"is_overnight":true,"start":"1030","end":"0200","day":5},{"is_overnight":false,"start":"1030","end":"0000","day":6}],"hours_type":"REGULAR","is_open_now":true}],"id":"82nETRVOhljy90Kbx7b_Sg","image_url":"","is_claimed":true,"is_closed":false,"location":{"address1":"1100 E Main St","address2":"","address3":"","city":"Mandan","zip_code":"58554","country":"US","state":"ND","display_address":["1100 E Main St","Mandan, ND 58554"],"cross_streets":""},"name":"Domino's Pizza","phone":"+17016636988","photos":[],"price":null,"rating":1.0,"review_count":2,"transactions":[],"url":"https:\/\/www.yelp.com\/biz\/dominos-pizza-mandan?adjust_creative=3XFlswbSIE7Ti6WzVie74g&utm_campaign=yelp_api_v3&utm_medium=api_v3_business_lookup&utm_source=3XFlswbSIE7Ti6WzVie74g"}
{"alias":"lonesome-dove-mandan","categories":[{"alias":"beer_and_wine","title":"Beer, Wine & Spirits"}],"coordinates":{"latitude":46.8126449585,"longitude":-100.8401031494},"display_phone":"(701) 663-2793","hours":null,"id":"4-BqPTteRL1rJtPSvopRSw","image_url":"","is_claimed":false,"is_closed":false,"location":{"address1":"3929 Memorial Hwy","address2":"","address3":"","city":"Mandan","zip_code":"58554","country":"US","state":"ND","display_address":["3929 Memorial Hwy","Mandan, ND 58554"],"cross_streets":""},"name":"Lonesome Dove","phone":"+17016632793","photos":[],"price":"$$$","rating":2.0,"review_count":2,"transactions":[],"url":"https:\/\/www.yelp.com\/biz\/lonesome-dove-mandan?adjust_creative=3XFlswbSIE7Ti6WzVie74g&utm_campaign=yelp_api_v3&utm_medium=api_v3_business_lookup&utm_source=3XFlswbSIE7Ti6WzVie74g"}
{"alias":"taco-del-mar-bismarck-2","categories":[{"alias":"catering","title":"Caterers"}],"coordinates":{"latitude":46.7955474854,"longitude":-100.7473297119},"display_phone":"(701) 222-3044","hours":null,"id":"qBGURiKpBc0rzOBocQUYrw","image_url":"","is_claimed":true,"is_closed":false,"location":{"address1":"913 Burlington Dr","address2":null,"address3":null,"city":"Bismarck","zip_code":"58504","country":"US","state":"ND","display_address":["913 Burlington Dr","Bismarck, ND 58504"],"cross_streets":""},"name":"Taco Del Mar","phone":"+17012223044","photos":[],"price":null,"rating":2.0,"review_count":1,"transactions":[],"url":"https:\/\/www.yelp.com\/biz\/taco-del-mar-bismarck-2?adjust_creative=3XFlswbSIE7Ti6WzVie74g&utm_campaign=yelp_api_v3&utm_medium=api_v3_business_lookup&utm_source=3XFlswbSIE7Ti6WzVie74g"}
{"alias":"bittybean-bismarck-2","categories":[{"alias":"coffee","title":"Coffee & Tea"},{"alias":"breakfast_brunch","title":"Breakfast & Brunch"}],"coordinates":{"latitude":46.8051168,"longitude":-100.7756218},"display_phone":"(701) 258-3518","hours":[{"open":[{"is_overnight":false,"start":"0700","end":"1600","day":0},{"is_overnight":false,"start":"0700","end":"1600","day":1},{"is_overnight":false,"start":"0700","end":"1600","day":2},{"is_overnight":false,"start":"0700","end":"1600","day":3},{"is_overnight":false,"start":"0700","end":"1600","day":4},{"is_overnight":false,"start":"0800","end":"1500","day":5}],"hours_type":"REGULAR","is_open_now":true}],"id":"hxpD4_Hv0Gy8UOFAVlVPyw","image_url":"https:\/\/s3-media3.fl.yelpcdn.com\/bphoto\/_TNquj7undGypPGygWUzSw\/o.jpg","is_claimed":true,"is_closed":false,"location":{"address1":"1019 E Main Ave","address2":null,"address3":"","city":"Bismarck","zip_code":"58501","country":"US","state":"ND","display_address":["1019 E Main Ave","Bismarck, ND 58501"],"cross_streets":""},"name":"BittyBean","phone":"+17012583518","photos":["https:\/\/s3-media3.fl.yelpcdn.com\/bphoto\/_TNquj7undGypPGygWUzSw\/o.jpg","https:\/\/s3-media3.fl.yelpcdn.com\/bphoto\/qL2msJG6ZIlMygtwXBVcLg\/o.jpg","https:\/\/s3-media2.fl.yelpcdn.com\/bphoto\/EWo2dayVi86YIeI8DhktEQ\/o.jpg"],"price":"$$","rating":4.5,"review_count":6,"transactions":[],"url":"https:\/\/www.yelp.com\/biz\/bittybean-bismarck-2?adjust_creative=3XFlswbSIE7Ti6WzVie74g&utm_campaign=yelp_api_v3&utm_medium=api_v3_business_lookup&utm_source=3XFlswbSIE7Ti6WzVie74g"}
{"alias":"steep-me-a-cup-of-tea-bismarck","categories":[{"alias":"coffee","title":"Coffee & Tea"}],"coordinates":{"latitude":46.8027,"longitude":-100.78744},"display_phone":"(701) 751-8327","hours":[{"open":[{"is_overnight":false,"start":"0730","end":"1800","day":0},{"is_overnight":false,"start":"0730","end":"1800","day":1},{"is_overnight":false,"start":"0715","end":"1800","day":2},{"is_overnight":false,"start":"0730","end":"1800","day":3},{"is_overnight":false,"start":"0730","end":"1800","day":4},{"is_overnight":false,"start":"0800","end":"1600","day":5}],"hours_type":"REGULAR","is_open_now":true}],"id":"W1CKrYQ5ArYbH-w0DDiiMw","image_url":"https:\/\/s3-media3.fl.yelpcdn.com\/bphoto\/Xjq-jx4HG400gMKqGpuDVg\/o.jpg","is_claimed":true,"is_closed":false,"location":{"address1":"311 S 3rd St","address2":null,"address3":null,"city":"Bismarck","zip_code":"58504","country":"US","state":"ND","display_address":["311 S 3rd St","Bismarck, ND 58504"],"cross_streets":""},"name":"Steep Me A Cup of Tea","phone":"+17017518327","photos":["https:\/\/s3-media3.fl.yelpcdn.com\/bphoto\/Xjq-jx4HG400gMKqGpuDVg\/o.jpg","https:\/\/s3-media4.fl.yelpcdn.com\/bphoto\/KcYJZ_m1o9SkgU8YTF4JwA\/o.jpg","https:\/\/s3-media1.fl.yelpcdn.com\/bphoto\/wdWMtGplnbaAsPtTXfCAsg\/o.jpg"],"price":"$$$","rating":3.5,"review_count":15,"transactions":[],"url":"https:\/\/www.yelp.com\/biz\/steep-me-a-cup-of-tea-bismarck?adjust_creative=3XFlswbSIE7Ti6WzVie74g&utm_campaign=yelp_api_v3&utm_medium=api_v3_business_lookup&utm_source=3XFlswbSIE7Ti6WzVie74g"}
{"alias":"rockin-50s-cafe-bismarck","categories":[{"alias":"tradamerican","title":"American (Traditional)"}],"coordinates":{"latitude":46.8365478516,"longitude":-100.7777786255},"display_phone":"","hours":null,"id":"p7UGJEij4QGEuLGubDHLTw","image_url":"https:\/\/s3-media3.fl.yelpcdn.com\/bphoto\/L5sF7sJL7rGOFY1DhF0q9Q\/o.jpg","is_claimed":false,"is_closed":false,"location":{"address1":"2700 State St","address2":"","address3":"","city":"Bismarck","zip_code":"58503","country":"US","state":"ND","display_address":["2700 State St","Bismarck, ND 58503"],"cross_streets":""},"name":"Rockin' 50s Cafe","phone":"","photos":["https:\/\/s3-media3.fl.yelpcdn.com\/bphoto\/L5sF7sJL7rGOFY1DhF0q9Q\/o.jpg","https:\/\/s3-media3.fl.yelpcdn.com\/bphoto\/PyAejsddJFsUO_MiLRczQw\/o.jpg","https:\/\/s3-media3.fl.yelpcdn.com\/bphoto\/nTggJvsV-5lJGBXwx-qksg\/o.jpg"],"price":null,"rating":3.0,"review_count":9,"transactions":[],"url":"https:\/\/www.yelp.com\/biz\/rockin-50s-cafe-bismarck?adjust_creative=3XFlswbSIE7Ti6WzVie74g&utm_campaign=yelp_api_v3&utm_medium=api_v3_business_lookup&utm_source=3XFlswbSIE7Ti6WzVie74g"}
{"alias":"dakota-nuts-n-candy-bismarck","categories":[{"alias":"candy","title":"Candy Stores"}],"coordinates":{"latitude":46.80719,"longitude":-100.78641},"display_phone":"(701) 751-7881","hours":[{"open":[{"is_overnight":false,"start":"1000","end":"1800","day":1},{"is_overnight":false,"start":"1000","end":"1800","day":2},{"is_overnight":false,"start":"1000","end":"1800","day":3},{"is_overnight":false,"start":"1000","end":"1800","day":4},{"is_overnight":false,"start":"1000","end":"1600","day":5}],"hours_type":"REGULAR","is_open_now":true}],"id":"6-XoHZy9QQy9XXyzSqg59Q","image_url":"https:\/\/s3-media3.fl.yelpcdn.com\/bphoto\/gml3krmVChu6UvrYwZXFbQ\/o.jpg","is_claimed":false,"is_closed":false,"location":{"address1":"218 N 4th St","address2":"","address3":"","city":"Bismarck","zip_code":"58501","country":"US","state":"ND","display_address":["218 N 4th St","Bismarck, ND 58501"],"cross_streets":""},"name":"Dakota Nuts-N-Candy","phone":"+17017517881","photos":["https:\/\/s3-media3.fl.yelpcdn.com\/bphoto\/gml3krmVChu6UvrYwZXFbQ\/o.jpg","https:\/\/s3-media1.fl.yelpcdn.com\/bphoto\/AfuYHRp9L-dZeushcWBG4A\/o.jpg","https:\/\/s3-media2.fl.yelpcdn.com\/bphoto\/TZOqANsU_AZpmvq8ZKU6CA\/o.jpg"],"price":null,"rating":5.0,"review_count":2,"transactions":[],"url":"https:\/\/www.yelp.com\/biz\/dakota-nuts-n-candy-bismarck?adjust_creative=3XFlswbSIE7Ti6WzVie74g&utm_campaign=yelp_api_v3&utm_medium=api_v3_business_lookup&utm_source=3XFlswbSIE7Ti6WzVie74g"}
{"alias":"luft-rooftop-beer-garden-bismarck","categories":[{"alias":"cocktailbars","title":"Cocktail Bars"}],"coordinates":{"latitude":46.805691,"longitude":-100.7839319},"display_phone":"(701) 425-0844","hours":[{"open":[{"is_overnight":true,"start":"1600","end":"0100","day":1},{"is_overnight":true,"start":"1600","end":"0100","day":2},{"is_overnight":true,"start":"1600","end":"0100","day":3},{"is_overnight":true,"start":"1600","end":"0100","day":4},{"is_overnight":true,"start":"1600","end":"0100","day":5}],"hours_type":"REGULAR","is_open_now":false}],"id":"XhW-zxa4Svi021EMcefOsw","image_url":"https:\/\/s3-media2.fl.yelpcdn.com\/bphoto\/nKgKLnN1-CK8rreJzm47-A\/o.jpg","is_claimed":true,"is_closed":false,"location":{"address1":"510 E Main","address2":"","address3":"","city":"Bismarck","zip_code":"58501","country":"US","state":"ND","display_address":["510 E Main","Bismarck, ND 58501"],"cross_streets":""},"name":"Luft Rooftop Beer Garden","phone":"+17014250844","photos":["https:\/\/s3-media2.fl.yelpcdn.com\/bphoto\/nKgKLnN1-CK8rreJzm47-A\/o.jpg","https:\/\/s3-media1.fl.yelpcdn.com\/bphoto\/Pd9l10mqAjPnwuz9ITsL-Q\/o.jpg","https:\/\/s3-media1.fl.yelpcdn.com\/bphoto\/FLIj0fqf4Gw8MKSro8z1_Q\/o.jpg"],"price":"$$","rating":4.0,"review_count":19,"transactions":[],"url":"https:\/\/www.yelp.com\/biz\/luft-rooftop-beer-garden-bismarck?adjust_creative=3XFlswbSIE7Ti6WzVie74g&utm_campaign=yelp_api_v3&utm_medium=api_v3_business_lookup&utm_source=3XFlswbSIE7Ti6WzVie74g"}
{"alias":"sidelines-sports-bar-bismarck","categories":[{"alias":"sportsbars","title":"Sports Bars"}],"coordinates":{"latitude":46.8028,"longitude":-100.7853499},"display_phone":"(701) 223-1520","hours":null,"id":"mrnBgAbGVR7j0EXDqhuoQg","image_url":"","is_claimed":false,"is_closed":false,"location":{"address1":"300 S 5th St","address2":"","address3":"","city":"Bismarck","zip_code":"58504","country":"US","state":"ND","display_address":["300 S 5th St","Bismarck, ND 58504"],"cross_streets":""},"name":"Sidelines Sports Bar","phone":"+17012231520","photos":[],"price":"$$","rating":3.0,"review_count":3,"transactions":[],"url":"https:\/\/www.yelp.com\/biz\/sidelines-sports-bar-bismarck?adjust_creative=3XFlswbSIE7Ti6WzVie74g&utm_campaign=yelp_api_v3&utm_medium=api_v3_business_lookup&utm_source=3XFlswbSIE7Ti6WzVie74g"}
{"alias":"the-drink-at-lakewood-mandan","categories":[{"alias":"bars","title":"Bars"}],"coordinates":{"latitude":46.794143,"longitude":-100.837675},"display_phone":"(701) 751-2898","hours":[{"open":[{"is_overnight":true,"start":"0900","end":"0100","day":0},{"is_overnight":true,"start":"0900","end":"0100","day":1},{"is_overnight":true,"start":"0900","end":"0100","day":2},{"is_overnight":true,"start":"0900","end":"0100","day":3},{"is_overnight":true,"start":"0900","end":"0100","day":4},{"is_overnight":true,"start":"0900","end":"0100","day":5},{"is_overnight":true,"start":"0900","end":"0100","day":6}],"hours_type":"REGULAR","is_open_now":true}],"id":"8fsZcLADFrPTbGrFqMACpg","image_url":"https:\/\/s3-media1.fl.yelpcdn.com\/bphoto\/J-EW4Efv0-Hwj5YBGSn47w\/o.jpg","is_claimed":false,"is_closed":false,"location":{"address1":"4007 S Bay Dr SE","address2":"","address3":"","city":"Mandan","zip_code":"58554","country":"US","state":"ND","display_address":["4007 S Bay Dr SE","Mandan, ND 58554"],"cross_streets":""},"name":"The Drink at Lakewood","phone":"+17017512898","photos":["https:\/\/s3-media1.fl.yelpcdn.com\/bphoto\/J-EW4Efv0-Hwj5YBGSn47w\/o.jpg"],"price":"$$","rating":2.5,"review_count":10,"transactions":[],"url":"https:\/\/www.yelp.com\/biz\/the-drink-at-lakewood-mandan?adjust_creative=3XFlswbSIE7Ti6WzVie74g&utm_campaign=yelp_api_v3&utm_medium=api_v3_business_lookup&utm_source=3XFlswbSIE7Ti6WzVie74g"}
{"alias":"broken-oar-bar-mandan","categories":[{"alias":"bars","title":"Bars"}],"coordinates":{"latitude":46.796608,"longitude":-100.822654},"display_phone":"(701) 667-2159","hours":[{"open":[{"is_overnight":true,"start":"1200","end":"0100","day":0},{"is_overnight":true,"start":"1200","end":"0100","day":1},{"is_overnight":true,"start":"1200","end":"0100","day":2},{"is_overnight":true,"start":"1200","end":"0100","day":3},{"is_overnight":true,"start":"1200","end":"0100","day":4},{"is_overnight":true,"start":"1200","end":"0100","day":5},{"is_overnight":true,"start":"1200","end":"0100","day":6}],"hours_type":"REGULAR","is_open_now":true}],"id":"I4AKJdvHQTp82uo7O1Sg9A","image_url":"","is_claimed":true,"is_closed":false,"location":{"address1":"4724 Pintail Lp","address2":"","address3":"","city":"Mandan","zip_code":"58554","country":"US","state":"ND","display_address":["4724 Pintail Lp","Mandan, ND 58554"],"cross_streets":""},"name":"Broken Oar Bar","phone":"+17016672159","photos":[],"price":"$$","rating":4.0,"review_count":2,"transactions":[],"url":"https:\/\/www.yelp.com\/biz\/broken-oar-bar-mandan?adjust_creative=3XFlswbSIE7Ti6WzVie74g&utm_campaign=yelp_api_v3&utm_medium=api_v3_business_lookup&utm_source=3XFlswbSIE7Ti6WzVie74g"}
{"alias":"our-place-tavern-bismarck","categories":[{"alias":"bars","title":"Bars"}],"coordinates":{"latitude":46.80381,"longitude":-100.77199},"display_phone":"(701) 223-1901","hours":null,"id":"QT7_ck8ZLX4P2TBYC7ZkZg","image_url":"","is_claimed":false,"is_closed":false,"location":{"address1":"1305 E Front Ave","address2":"","address3":"","city":"Bismarck","zip_code":"58504","country":"US","state":"ND","display_address":["1305 E Front Ave","Bismarck, ND 58504"],"cross_streets":""},"name":"Our Place Tavern","phone":"+17012231901","photos":[],"price":null,"rating":5.0,"review_count":1,"transactions":[],"url":"https:\/\/www.yelp.com\/biz\/our-place-tavern-bismarck?adjust_creative=3XFlswbSIE7Ti6WzVie74g&utm_campaign=yelp_api_v3&utm_medium=api_v3_business_lookup&utm_source=3XFlswbSIE7Ti6WzVie74g"}
{"alias":"burnt-creek-club-bismarck","categories":[{"alias":"bars","title":"Bars"}],"coordinates":{"latitude":46.877514,"longitude":-100.771255},"display_phone":"(701) 222-8845","hours":null,"id":"7-6kdj2VCF4w4qm6GhnNgQ","image_url":"","is_claimed":false,"is_closed":false,"location":{"address1":"1205 Northstar Dr","address2":"","address3":"","city":"Bismarck","zip_code":"58503","country":"US","state":"ND","display_address":["1205 Northstar Dr","Bismarck, ND 58503"],"cross_streets":""},"name":"Burnt Creek Club","phone":"+17012228845","photos":[],"price":"$$","rating":3.5,"review_count":2,"transactions":[],"url":"https:\/\/www.yelp.com\/biz\/burnt-creek-club-bismarck?adjust_creative=3XFlswbSIE7Ti6WzVie74g&utm_campaign=yelp_api_v3&utm_medium=api_v3_business_lookup&utm_source=3XFlswbSIE7Ti6WzVie74g"}
{"alias":"thomas-and-moriartys-mandan","categories":[{"alias":"cocktailbars","title":"Cocktail Bars"}],"coordinates":{"latitude":46.8263554,"longitude":-100.8914311},"display_phone":"","hours":[{"open":[{"is_overnight":true,"start":"1600","end":"0100","day":1},{"is_overnight":true,"start":"1600","end":"0100","day":2},{"is_overnight":true,"start":"1600","end":"0100","day":3},{"is_overnight":true,"start":"1600","end":"0100","day":4},{"is_overnight":true,"start":"1600","end":"0100","day":5}],"hours_type":"REGULAR","is_open_now":false}],"id":"nydz7aLVOQqbRPxKbeyTaw","image_url":"https:\/\/s3-media3.fl.yelpcdn.com\/bphoto\/y8yKIHhxiVMXYH0z1Sbw6Q\/o.jpg","is_claimed":false,"is_closed":false,"location":{"address1":"200 W Main St","address2":"","address3":null,"city":"Mandan","zip_code":"58554","country":"US","state":"ND","display_address":["200 W Main St","Mandan, ND 58554"],"cross_streets":""},"name":"Thomas & Moriarty's","phone":"","photos":["https:\/\/s3-media3.fl.yelpcdn.com\/bphoto\/y8yKIHhxiVMXYH0z1Sbw6Q\/o.jpg","https:\/\/s3-media1.fl.yelpcdn.com\/bphoto\/-L65GczcOdEMbWFEPbyhRg\/o.jpg"],"price":null,"rating":3.5,"review_count":3,"transactions":[],"url":"https:\/\/www.yelp.com\/biz\/thomas-and-moriartys-mandan?adjust_creative=3XFlswbSIE7Ti6WzVie74g&utm_campaign=yelp_api_v3&utm_medium=api_v3_business_lookup&utm_source=3XFlswbSIE7Ti6WzVie74g"}
{"alias":"scapegoat-bar-mandan","categories":[{"alias":"divebars","title":"Dive Bars"}],"coordinates":{"latitude":46.82698,"longitude":-100.88798},"display_phone":"(701) 751-2213","hours":[{"open":[{"is_overnight":true,"start":"1100","end":"0100","day":0},{"is_overnight":true,"start":"1100","end":"0100","day":1},{"is_overnight":true,"start":"1100","end":"0100","day":2},{"is_overnight":true,"start":"1100","end":"0100","day":3},{"is_overnight":true,"start":"1100","end":"0100","day":4},{"is_overnight":true,"start":"1100","end":"0100","day":5},{"is_overnight":true,"start":"1100","end":"0100","day":6}],"hours_type":"REGULAR","is_open_now":true}],"id":"W0O2d5geOuvTIzoiMeEr_A","image_url":"https:\/\/s3-media1.fl.yelpcdn.com\/bphoto\/uC9qpOSlqyHeKEw5osl73w\/o.jpg","is_claimed":false,"is_closed":false,"location":{"address1":"202 E Main St","address2":"","address3":null,"city":"Mandan","zip_code":"58554","country":"US","state":"ND","display_address":["202 E Main St","Mandan, ND 58554"],"cross_streets":""},"name":"Scapegoat Bar","phone":"+17017512213","photos":["https:\/\/s3-media1.fl.yelpcdn.com\/bphoto\/uC9qpOSlqyHeKEw5osl73w\/o.jpg","https:\/\/s3-media2.fl.yelpcdn.com\/bphoto\/hOndanri-2IowE1ly1vkkA\/o.jpg","https:\/\/s3-media1.fl.yelpcdn.com\/bphoto\/_c3Lewy2CWB8UadVKOUPHg\/o.jpg"],"price":null,"rating":5.0,"review_count":1,"transactions":[],"url":"https:\/\/www.yelp.com\/biz\/scapegoat-bar-mandan?adjust_creative=3XFlswbSIE7Ti6WzVie74g&utm_campaign=yelp_api_v3&utm_medium=api_v3_business_lookup&utm_source=3XFlswbSIE7Ti6WzVie74g"}
{"alias":"mandan-depot-bier-hall-mandan","categories":[{"alias":"german","title":"German"},{"alias":"pubs","title":"Pubs"}],"coordinates":{"latitude":46.825688557,"longitude":-100.8939013589},"display_phone":"(701) 712-8878","hours":[{"open":[{"is_overnight":false,"start":"1100","end":"2200","day":1},{"is_overnight":false,"start":"1100","end":"2200","day":2},{"is_overnight":false,"start":"1100","end":"2200","day":3},{"is_overnight":false,"start":"1100","end":"2300","day":4},{"is_overnight":false,"start":"1100","end":"2300","day":5}],"hours_type":"REGULAR","is_open_now":true}],"id":"jjqdSErmqzcK6wAHSc5JJQ","image_url":"https:\/\/s3-media1.fl.yelpcdn.com\/bphoto\/Xlv90mMO5c4ejfENc8GVgA\/o.jpg","is_claimed":false,"is_closed":false,"location":{"address1":"401 W Main St","address2":"","address3":null,"city":"Mandan","zip_code":"58554","country":"US","state":"ND","display_address":["401 W Main St","Mandan, ND 58554"],"cross_streets":""},"name":"Mandan Depot Bier Hall","phone":"+17017128878","photos":["https:\/\/s3-media1.fl.yelpcdn.com\/bphoto\/Xlv90mMO5c4ejfENc8GVgA\/o.jpg","https:\/\/s3-media2.fl.yelpcdn.com\/bphoto\/hzBcPkll8S57tcX7vBVIxg\/o.jpg","https:\/\/s3-media2.fl.yelpcdn.com\/bphoto\/2Nyo6sKcF9VLltml9OgO-Q\/o.jpg"],"price":null,"rating":4.5,"review_count":2,"transactions":[],"url":"https:\/\/www.yelp.com\/biz\/mandan-depot-bier-hall-mandan?adjust_creative=3XFlswbSIE7Ti6WzVie74g&utm_campaign=yelp_api_v3&utm_medium=api_v3_business_lookup&utm_source=3XFlswbSIE7Ti6WzVie74g"}
{"alias":"colonial-lounge-and-liquor-mandan","categories":[{"alias":"lounges","title":"Lounges"}],"coordinates":{"latitude":46.80796,"longitude":-100.83096},"display_phone":"(701) 663-0355","hours":null,"id":"m6vsstOeXtV56bbye_Rp3w","image_url":"https:\/\/s3-media4.fl.yelpcdn.com\/bphoto\/H4njXRmEZaLHxPdHnHHp8w\/o.jpg","is_claimed":false,"is_closed":false,"location":{"address1":"4631 Memorial Hwy","address2":"","address3":"","city":"Mandan","zip_code":"58554","country":"US","state":"ND","display_address":["4631 Memorial Hwy","Mandan, ND 58554"],"cross_streets":""},"name":"Colonial Lounge & Liquor","phone":"+17016630355","photos":["https:\/\/s3-media4.fl.yelpcdn.com\/bphoto\/H4njXRmEZaLHxPdHnHHp8w\/o.jpg"],"price":"$","rating":5.0,"review_count":1,"transactions":[],"url":"https:\/\/www.yelp.com\/biz\/colonial-lounge-and-liquor-mandan?adjust_creative=3XFlswbSIE7Ti6WzVie74g&utm_campaign=yelp_api_v3&utm_medium=api_v3_business_lookup&utm_source=3XFlswbSIE7Ti6WzVie74g"}
{"alias":"moscow-bar-mandan","categories":[{"alias":"bars","title":"Bars"}],"coordinates":{"latitude":46.8268166,"longitude":-100.8879242},"display_phone":"(701) 426-1322","hours":null,"id":"mrbD3FLhbl5xG-Sl7uRw6w","image_url":"","is_claimed":false,"is_closed":false,"location":{"address1":"202 E Main St","address2":"","address3":"","city":"Mandan","zip_code":"58554","country":"US","state":"ND","display_address":["202 E Main St","Mandan, ND 58554"],"cross_streets":""},"name":"Moscow Bar","phone":"+17014261322","photos":[],"price":"$$","rating":1.5,"review_count":5,"transactions":[],"url":"https:\/\/www.yelp.com\/biz\/moscow-bar-mandan?adjust_creative=3XFlswbSIE7Ti6WzVie74g&utm_campaign=yelp_api_v3&utm_medium=api_v3_business_lookup&utm_source=3XFlswbSIE7Ti6WzVie74g"}
{"alias":"last-call-bar-mandan","categories":[{"alias":"bars","title":"Bars"}],"coordinates":{"latitude":46.8265793,"longitude":-100.8908636},"display_phone":"(701) 663-9211","hours":[{"open":[{"is_overnight":true,"start":"1100","end":"0100","day":0},{"is_overnight":true,"start":"1100","end":"0100","day":1},{"is_overnight":true,"start":"1100","end":"0100","day":2},{"is_overnight":true,"start":"1100","end":"0100","day":3},{"is_overnight":true,"start":"1100","end":"0100","day":4},{"is_overnight":true,"start":"1100","end":"0100","day":5},{"is_overnight":false,"start":"0000","end":"0100","day":6}],"hours_type":"REGULAR","is_open_now":true}],"id":"9yuMXFCdncgSFyWgBu07xA","image_url":"https:\/\/s3-media2.fl.yelpcdn.com\/bphoto\/L_-WutDu-U5tX6m4aikK6g\/o.jpg","is_claimed":false,"is_closed":false,"location":{"address1":"118 W Main St","address2":null,"address3":null,"city":"Mandan","zip_code":"58554","country":"US","state":"ND","display_address":["118 W Main St","Mandan, ND 58554"],"cross_streets":""},"name":"Last Call Bar","phone":"+17016639211","photos":["https:\/\/s3-media2.fl.yelpcdn.com\/bphoto\/L_-WutDu-U5tX6m4aikK6g\/o.jpg"],"price":null,"rating":3.0,"review_count":2,"transactions":[],"url":"https:\/\/www.yelp.com\/biz\/last-call-bar-mandan?adjust_creative=3XFlswbSIE7Ti6WzVie74g&utm_campaign=yelp_api_v3&utm_medium=api_v3_business_lookup&utm_source=3XFlswbSIE7Ti6WzVie74g"}
{"alias":"rhythm-records-and-cafe-bismarck","categories":[{"alias":"musicvenues","title":"Music Venues"},{"alias":"vinyl_records","title":"Vinyl Records"},{"alias":"cafes","title":"Cafes"}],"coordinates":{"latitude":46.80574,"longitude":-100.78838},"display_phone":"(701) 390-9717","hours":[{"open":[{"is_overnight":false,"start":"1330","end":"1900","day":0},{"is_overnight":false,"start":"1330","end":"1900","day":1},{"is_overnight":false,"start":"1330","end":"1900","day":3},{"is_overnight":false,"start":"1330","end":"1900","day":4},{"is_overnight":false,"start":"1330","end":"1900","day":5}],"hours_type":"REGULAR","is_open_now":false}],"id":"iW0pSGd5sRsh36vnBeNvZg","image_url":"https:\/\/s3-media1.fl.yelpcdn.com\/bphoto\/j3Nmg7PBpO2VbPXCGd4Qmw\/o.jpg","is_claimed":false,"is_closed":false,"location":{"address1":"212 E Main Ave","address2":"","address3":"","city":"Bismarck","zip_code":"58501","country":"US","state":"ND","display_address":["212 E Main Ave","Bismarck, ND 58501"],"cross_streets":""},"name":"Rhythm Records & Cafe","phone":"+17013909717","photos":["https:\/\/s3-media1.fl.yelpcdn.com\/bphoto\/j3Nmg7PBpO2VbPXCGd4Qmw\/o.jpg","https:\/\/s3-media3.fl.yelpcdn.com\/bphoto\/wuNjvkytlatK4LMgcVszIQ\/o.jpg","https:\/\/s3-media2.fl.yelpcdn.com\/bphoto\/1I0sHDSVH7AJvm5w0FT8kw\/o.jpg"],"price":"$$","rating":5.0,"review_count":4,"transactions":[],"url":"https:\/\/www.yelp.com\/biz\/rhythm-records-and-cafe-bismarck?adjust_creative=3XFlswbSIE7Ti6WzVie74g&utm_campaign=yelp_api_v3&utm_medium=api_v3_business_lookup&utm_source=3XFlswbSIE7Ti6WzVie74g"}
{"alias":"pancheros-mexican-grill-bismarck-3","categories":[{"alias":"mexican","title":"Mexican"}],"coordinates":{"latitude":46.8597840566,"longitude":-100.7709685711},"display_phone":"(701) 751-3255","hours":null,"id":"2gHzomllAqN-c43V4qfRZQ","image_url":"https:\/\/s3-media3.fl.yelpcdn.com\/bphoto\/nPXkca6k1SpPGUsSWA9DIQ\/o.jpg","is_claimed":true,"is_closed":false,"location":{"address1":"1485 E Lasalle Dr","address2":"","address3":null,"city":"Bismarck","zip_code":"58503","country":"US","state":"ND","display_address":["1485 E Lasalle Dr","Bismarck, ND 58503"],"cross_streets":""},"name":"Pancheros Mexican Grill","phone":"+17017513255","photos":["https:\/\/s3-media3.fl.yelpcdn.com\/bphoto\/nPXkca6k1SpPGUsSWA9DIQ\/o.jpg"],"price":null,"rating":3.0,"review_count":5,"transactions":[],"url":"https:\/\/www.yelp.com\/biz\/pancheros-mexican-grill-bismarck-3?adjust_creative=3XFlswbSIE7Ti6WzVie74g&utm_campaign=yelp_api_v3&utm_medium=api_v3_business_lookup&utm_source=3XFlswbSIE7Ti6WzVie74g"}
{"alias":"tacos-to-go-bismarck","categories":[{"alias":"mexican","title":"Mexican"}],"coordinates":{"latitude":46.8364246638,"longitude":-100.7770080183},"display_phone":"(701) 751-4844","hours":[{"open":[{"is_overnight":false,"start":"1100","end":"1700","day":0},{"is_overnight":false,"start":"1100","end":"1700","day":1},{"is_overnight":false,"start":"1100","end":"1700","day":2},{"is_overnight":false,"start":"1100","end":"1700","day":3},{"is_overnight":false,"start":"1100","end":"1700","day":4},{"is_overnight":false,"start":"1100","end":"1700","day":5}],"hours_type":"REGULAR","is_open_now":true}],"id":"trCLMjTK9JFxZpQ6hOBBPg","image_url":"https:\/\/s3-media4.fl.yelpcdn.com\/bphoto\/R5GeDpU23TC-nKoq5U_J8w\/o.jpg","is_claimed":false,"is_closed":false,"location":{"address1":"2700 State St","address2":null,"address3":"Gateway Mall","city":"Bismarck","zip_code":"58501","country":"US","state":"ND","display_address":["2700 State St","Gateway Mall","Bismarck, ND 58501"],"cross_streets":""},"name":"Tacos to Go","phone":"+17017514844","photos":["https:\/\/s3-media4.fl.yelpcdn.com\/bphoto\/R5GeDpU23TC-nKoq5U_J8w\/o.jpg"],"price":null,"rating":2.0,"review_count":1,"transactions":[],"url":"https:\/\/www.yelp.com\/biz\/tacos-to-go-bismarck?adjust_creative=3XFlswbSIE7Ti6WzVie74g&utm_campaign=yelp_api_v3&utm_medium=api_v3_business_lookup&utm_source=3XFlswbSIE7Ti6WzVie74g"}
{"alias":"rock-n-50s-bismarck","categories":[{"alias":"tradamerican","title":"American (Traditional)"}],"coordinates":{"latitude":46.835735,"longitude":-100.777122},"display_phone":"","hours":null,"id":"KV2I0O-x8mWllpbYZCveMA","image_url":"","is_claimed":false,"is_closed":false,"location":{"address1":"2700 State St","address2":"","address3":"","city":"Bismarck","zip_code":"58503","country":"US","state":"ND","display_address":["2700 State St","Bismarck, ND 58503"],"cross_streets":""},"name":"Rock N 50's","phone":"","photos":[],"price":null,"rating":4.5,"review_count":2,"transactions":[],"url":"https:\/\/www.yelp.com\/biz\/rock-n-50s-bismarck?adjust_creative=3XFlswbSIE7Ti6WzVie74g&utm_campaign=yelp_api_v3&utm_medium=api_v3_business_lookup&utm_source=3XFlswbSIE7Ti6WzVie74g"}
{"alias":"dairy-queen-bismarck","categories":[{"alias":"icecream","title":"Ice Cream & Frozen Yogurt"},{"alias":"tradamerican","title":"American (Traditional)"}],"coordinates":{"latitude":46.8069,"longitude":-100.79393},"display_phone":"(701) 223-0548","hours":null,"id":"UO-4X0HjR3otZBtN_C9NkQ","image_url":"https:\/\/s3-media2.fl.yelpcdn.com\/bphoto\/Wsi7XB-oVaf5slmqniO1vQ\/o.jpg","is_claimed":false,"is_closed":false,"location":{"address1":"230 W Broadway Ave","address2":"","address3":"","city":"Bismarck","zip_code":"58501","country":"US","state":"ND","display_address":["230 W Broadway Ave","Bismarck, ND 58501"],"cross_streets":""},"name":"Dairy Queen","phone":"+17012230548","photos":["https:\/\/s3-media2.fl.yelpcdn.com\/bphoto\/Wsi7XB-oVaf5slmqniO1vQ\/o.jpg"],"price":"$","rating":4.0,"review_count":4,"transactions":[],"url":"https:\/\/www.yelp.com\/biz\/dairy-queen-bismarck?adjust_creative=3XFlswbSIE7Ti6WzVie74g&utm_campaign=yelp_api_v3&utm_medium=api_v3_business_lookup&utm_source=3XFlswbSIE7Ti6WzVie74g"}
{"alias":"pinch-and-pour-bismarck","categories":[{"alias":"herbsandspices","title":"Herbs & Spices"},{"alias":"cheese","title":"Cheese Shops"},{"alias":"oliveoil","title":"Olive Oil"}],"coordinates":{"latitude":46.80634,"longitude":-100.78354},"display_phone":"(701) 527-5736","hours":[{"open":[{"is_overnight":false,"start":"1000","end":"1800","day":1},{"is_overnight":false,"start":"1100","end":"1800","day":2},{"is_overnight":false,"start":"1100","end":"1800","day":3},{"is_overnight":false,"start":"1100","end":"1800","day":4},{"is_overnight":false,"start":"1030","end":"1700","day":5}],"hours_type":"REGULAR","is_open_now":true}],"id":"Tqd_FgI5iCDv2yfV0LR0fw","image_url":"https:\/\/s3-media2.fl.yelpcdn.com\/bphoto\/C70cgccLTmhLeYwjB6wkgg\/o.jpg","is_claimed":true,"is_closed":false,"location":{"address1":"523 E Broadway Ave","address2":"","address3":"","city":"Bismarck","zip_code":"58501","country":"US","state":"ND","display_address":["523 E Broadway Ave","Bismarck, ND 58501"],"cross_streets":""},"name":"Pinch & Pour","phone":"+17015275736","photos":["https:\/\/s3-media2.fl.yelpcdn.com\/bphoto\/C70cgccLTmhLeYwjB6wkgg\/o.jpg","https:\/\/s3-media4.fl.yelpcdn.com\/bphoto\/ncA4jsKVJOBYsjwldweHsg\/o.jpg","https:\/\/s3-media1.fl.yelpcdn.com\/bphoto\/3-HjzXRDIrZDdypBrnAYBw\/o.jpg"],"price":null,"rating":3.0,"review_count":4,"transactions":[],"url":"https:\/\/www.yelp.com\/biz\/pinch-and-pour-bismarck?adjust_creative=3XFlswbSIE7Ti6WzVie74g&utm_campaign=yelp_api_v3&utm_medium=api_v3_business_lookup&utm_source=3XFlswbSIE7Ti6WzVie74g"}
{"alias":"magicandle-cakery-bismarck","categories":[{"alias":"bakeries","title":"Bakeries"}],"coordinates":{"latitude":46.80643,"longitude":-100.75698},"display_phone":"(701) 223-6242","hours":[{"open":[{"is_overnight":false,"start":"1000","end":"1730","day":0},{"is_overnight":false,"start":"1000","end":"1730","day":1},{"is_overnight":false,"start":"1000","end":"1730","day":2},{"is_overnight":false,"start":"1000","end":"1730","day":3},{"is_overnight":false,"start":"1000","end":"1730","day":4},{"is_overnight":false,"start":"1000","end":"1600","day":5}],"hours_type":"REGULAR","is_open_now":true}],"id":"j8z1iC4q8wamR24lPCJ6ng","image_url":"https:\/\/s3-media1.fl.yelpcdn.com\/bphoto\/qAKaitFoogIaIF-vh9HfMA\/o.jpg","is_claimed":true,"is_closed":false,"location":{"address1":"2304 E Broadway Ave","address2":"","address3":"","city":"Bismarck","zip_code":"58501","country":"US","state":"ND","display_address":["2304 E Broadway Ave","Bismarck, ND 58501"],"cross_streets":""},"name":"Magicandle Cakery","phone":"+17012236242","photos":["https:\/\/s3-media1.fl.yelpcdn.com\/bphoto\/qAKaitFoogIaIF-vh9HfMA\/o.jpg","https:\/\/s3-media4.fl.yelpcdn.com\/bphoto\/Tdpt49Cpxh0y6IckLmaP4A\/o.jpg","https:\/\/s3-media2.fl.yelpcdn.com\/bphoto\/UKUDxUqtC7OJUeZIsJ39UQ\/o.jpg"],"price":null,"rating":4.0,"review_count":6,"transactions":[],"url":"https:\/\/www.yelp.com\/biz\/magicandle-cakery-bismarck?adjust_creative=3XFlswbSIE7Ti6WzVie74g&utm_campaign=yelp_api_v3&utm_medium=api_v3_business_lookup&utm_source=3XFlswbSIE7Ti6WzVie74g"}
{"alias":"sweet-treats-cupcake-bar-and-bakery-bismarck","categories":[{"alias":"bakeries","title":"Bakeries"}],"coordinates":{"latitude":46.806305,"longitude":-100.786598},"display_phone":"(701) 751-3993","hours":null,"id":"7KC1tMDoG7PSr-kDlNNooQ","image_url":"https:\/\/s3-media2.fl.yelpcdn.com\/bphoto\/-_lUlHIS_HsHhWZp7fooaw\/o.jpg","is_claimed":true,"is_closed":false,"location":{"address1":"118 N 4th St","address2":"","address3":"","city":"Bismarck","zip_code":"58501","country":"US","state":"ND","display_address":["118 N 4th St","Bismarck, ND 58501"],"cross_streets":""},"name":"Sweet Treats Cupcake Bar and Bakery","phone":"+17017513993","photos":["https:\/\/s3-media2.fl.yelpcdn.com\/bphoto\/-_lUlHIS_HsHhWZp7fooaw\/o.jpg","https:\/\/s3-media4.fl.yelpcdn.com\/bphoto\/WlPXD7jMpaHtX1karYoglA\/o.jpg","https:\/\/s3-media2.fl.yelpcdn.com\/bphoto\/mdx6EKvt2AqZ6mtuP4YKKA\/o.jpg"],"price":"$$","rating":2.5,"review_count":12,"transactions":[],"url":"https:\/\/www.yelp.com\/biz\/sweet-treats-cupcake-bar-and-bakery-bismarck?adjust_creative=3XFlswbSIE7Ti6WzVie74g&utm_campaign=yelp_api_v3&utm_medium=api_v3_business_lookup&utm_source=3XFlswbSIE7Ti6WzVie74g"}
{"alias":"cold-stone-creamery-bismarck-2","categories":[{"alias":"icecream","title":"Ice Cream & Frozen Yogurt"},{"alias":"customcakes","title":"Custom Cakes"},{"alias":"cupcakes","title":"Cupcakes"}],"coordinates":{"latitude":46.832908988,"longitude":-100.8103892952},"display_phone":"(701) 751-2472","hours":[{"open":[{"is_overnight":false,"start":"1200","end":"2100","day":0},{"is_overnight":false,"start":"1200","end":"2100","day":1},{"is_overnight":false,"start":"1200","end":"2100","day":2},{"is_overnight":false,"start":"1100","end":"2200","day":3},{"is_overnight":false,"start":"1100","end":"2200","day":4},{"is_overnight":false,"start":"1200","end":"2100","day":5},{"is_overnight":false,"start":"1200","end":"2100","day":6}],"hours_type":"REGULAR","is_open_now":true}],"id":"bDI1CTYgyIuV2lqR4ycEbQ","image_url":"https:\/\/s3-media2.fl.yelpcdn.com\/bphoto\/C7xWGlVlSHLTQVHCL-OjDQ\/o.jpg","is_claimed":true,"is_closed":false,"location":{"address1":"1219 W Century Ave","address2":null,"address3":null,"city":"Bismarck","zip_code":"58501","country":"US","state":"ND","display_address":["1219 W Century Ave","Bismarck, ND 58501"],"cross_streets":""},"name":"Cold Stone Creamery","phone":"+17017512472","photos":["https:\/\/s3-media2.fl.yelpcdn.com\/bphoto\/C7xWGlVlSHLTQVHCL-OjDQ\/o.jpg"],"price":"$$","rating":5.0,"review_count":1,"transactions":[],"url":"https:\/\/www.yelp.com\/biz\/cold-stone-creamery-bismarck-2?adjust_creative=3XFlswbSIE7Ti6WzVie74g&utm_campaign=yelp_api_v3&utm_medium=api_v3_business_lookup&utm_source=3XFlswbSIE7Ti6WzVie74g"}
{"alias":"cake-dreams-mandan","categories":[{"alias":"desserts","title":"Desserts"},{"alias":"cupcakes","title":"Cupcakes"},{"alias":"bakeries","title":"Bakeries"}],"coordinates":{"latitude":46.82629776,"longitude":-100.8929672241},"display_phone":"(701) 226-1783","hours":[{"open":[{"is_overnight":false,"start":"0900","end":"1700","day":1},{"is_overnight":false,"start":"0900","end":"1700","day":2},{"is_overnight":false,"start":"0900","end":"1800","day":3},{"is_overnight":false,"start":"0900","end":"1800","day":4},{"is_overnight":false,"start":"0900","end":"1200","day":5}],"hours_type":"REGULAR","is_open_now":true}],"id":"SQQFUx7zDAy3ydPQ5U4Zbw","image_url":"","is_claimed":false,"is_closed":false,"location":{"address1":"300 W Main St","address2":"","address3":null,"city":"Mandan","zip_code":"58554","country":"US","state":"ND","display_address":["300 W Main St","Mandan, ND 58554"],"cross_streets":""},"name":"Cake Dreams","phone":"+17012261783","photos":[],"price":null,"rating":5.0,"review_count":2,"transactions":[],"url":"https:\/\/www.yelp.com\/biz\/cake-dreams-mandan?adjust_creative=3XFlswbSIE7Ti6WzVie74g&utm_campaign=yelp_api_v3&utm_medium=api_v3_business_lookup&utm_source=3XFlswbSIE7Ti6WzVie74g"}
{"alias":"mocha-mommas-bismarck","categories":[{"alias":"coffee","title":"Coffee & Tea"},{"alias":"coffeeroasteries","title":"Coffee Roasteries"}],"coordinates":{"latitude":46.8361305,"longitude":-100.7793571},"display_phone":"(701) 425-6358","hours":[{"open":[{"is_overnight":false,"start":"0730","end":"1700","day":0},{"is_overnight":false,"start":"0730","end":"1730","day":1},{"is_overnight":false,"start":"0730","end":"1730","day":2},{"is_overnight":false,"start":"0730","end":"1730","day":3},{"is_overnight":false,"start":"0730","end":"1700","day":4},{"is_overnight":false,"start":"0930","end":"1600","day":5}],"hours_type":"REGULAR","is_open_now":true}],"id":"AXrLxC7KkxNY9ARlpFyTdw","image_url":"https:\/\/s3-media2.fl.yelpcdn.com\/bphoto\/fArmfWkNVvn7Q4KDjGblbg\/o.jpg","is_claimed":false,"is_closed":false,"location":{"address1":"2700 State St","address2":"Ste K-2","address3":"","city":"Bismarck","zip_code":"58503","country":"US","state":"ND","display_address":["2700 State St","Ste K-2","Bismarck, ND 58503"],"cross_streets":""},"name":"Mocha Momma's","phone":"+17014256358","photos":["https:\/\/s3-media2.fl.yelpcdn.com\/bphoto\/fArmfWkNVvn7Q4KDjGblbg\/o.jpg","https:\/\/s3-media2.fl.yelpcdn.com\/bphoto\/5jzgMsi2QIxwPkD7IaHyig\/o.jpg","https:\/\/s3-media2.fl.yelpcdn.com\/bphoto\/-mIxqGsZffXz01KcS-bmJw\/o.jpg"],"price":null,"rating":4.5,"review_count":5,"transactions":[],"url":"https:\/\/www.yelp.com\/biz\/mocha-mommas-bismarck?adjust_creative=3XFlswbSIE7Ti6WzVie74g&utm_campaign=yelp_api_v3&utm_medium=api_v3_business_lookup&utm_source=3XFlswbSIE7Ti6WzVie74g"}