{"city":"Los Angeles", "Latitude":34.0522 , "Longitude":-118.2437 }
{"city":"San Fransisco", "Latitude":37.7749 , "Longitude":-122.4194 }
{"city":"San Jose", "Latitude":37.3382 , "Longitude":-121.8863 }
{"city":"Syracuse", "Latitude" : 43.0481, "Longitude" : -76.1474}
{"city":"New York City", "Latitude":40.7128, "Longitude": -74.0060}
{"city":"Rochester", "Latitude":43.1566, "Longitude":-77.6088}
{"city":"Buffalo", "Latitude":42.8864, "Longitude":-78.8784}
{"city":"Albany", "Latitude":42.6526, "Longitude":-73.7562}
{"city":"Utica", "Latitude":43.1009, "Longitude":-75.2327}
{"city":"Ithica", "Latitude":42.4440, "Longitude":-76.5019}
{"city":"Binghamton", "Latitude":42.0987, "Longitude":-75.9180}
{"city":"Auburn", "Latitude":32.6099, "Longitude":-85.4808}
{"city":"Birmingham", "Latitude":33.5186, "Longitude":-86.8104}
{"city":"Montgomery", "Latitude":32.3792, "Longitude":-86.3077}
{"city":"Atlanta", "Latitude":33.7490, "Longitude":-84.3880}
{"city":"Juneau", "Latitude":58.3019, "Longitude":-134.4197}
{"city":"Phoenix", "Latitude":33.4484, "Longitude":-112.0740}
{"city":"Little Rock", "Latitude":34.7465, "Longitude":-92.2896}
{"city":"Sacramento", "Latitude":38.5816, "Longitude":-121.4944}
{"city":"Denver", "Latitude":39.7392, "Longitude":-104.9903}
{"city":"Hartford", "Latitude":41.7658, "Longitude":-72.6734}
{"city":"Dover", "Latitude":39.1582, "Longitude":-75.5244}
{"city":"Tallahassee", "Latitude":30.4383, "Longitude":-84.2807}
{"city":"Miami", "Latitude":25.7617, "Longitude":-80.1918}
{"city":"Honolulu", "Latitude":21.3069, "Longitude":-157.8583}
{"city":"Boise", "Latitude":43.6150, "Longitude":-116.2023}
{"city":"Springfield", "Latitude":39.7817, "Longitude":-89.6501}
{"city":"Indianapolis", "Latitude":39.7684, "Longitude":-86.1581}
{"city":"Des Moines", "Latitude":41.5868, "Longitude":-93.6250}
{"city":"Topeka", "Latitude":39.0473, "Longitude":-95.6752}
{"city":"Frankfort", "Latitude":38.2009, "Longitude":-84.8733}
{"city":"Baton Rouge", "Latitude":30.471165, "Longitude":-91.147385 }
{"city":"Augusta", "Latitude":33.4735, "Longitude":-82.0105 }
{"city":"Annapolis", "Latitude":38.978443, "Longitude":-76.492180 }
{"city":"Boston", "Latitude":42.361145, "Longitude":-71.057083 }
{"city":"Lansing", "Latitude":42.732536, "Longitude":-84.555534 }
{"city":"Detroit", "Latitude":42.331429, "Longitude":-83.045753 }
{"city":"St. Paul", "Latitude":44.949642, "Longitude":-93.093124 }
{"city":"Jackson", "Latitude":32.298756, "Longitude":-90.184807 }
{"city":"Jefferson City", "Latitude":38.579575, "Longitude":-92.174782 }
{"city":"Helena", "Latitude":46.595806, "Longitude":-112.027031 }
{"city":"Lincoln", "Latitude":40.806862, "Longitude":-96.681679 }
{"city":"Carson City", "Latitude":39.1638, "Longitude":-119.7674} 
{"city":"Las Vegas", "Latitude":36.114647, "Longitude":-115.172813}
{"city":"Concord", "Latitude":43.2081, "Longitude":-71.5376}  
{"city":"Trenton", "Latitude":40.217052, "Longitude":-74.742935} 
{"city":"Newark", "Latitude":40.735657, "Longitude":-74.172363} 
{"city":"Santa Fe", "Latitude":35.691544, "Longitude":-105.944183}  
{"city":"Raleigh", "Latitude":35.787743, "Longitude":-78.644257}  
{"city":"Charlotte", "Latitude":35.227085, "Longitude":-80.843124} 
{"city":"Bismarck", "Latitude":46.825905, "Longitude":-100.778275} 
{"city":"Columbus", "Latitude":39.9612, "Longitude":-82.9988}  
{"city":"Oklahoma City", "Latitude":35.481918, "Longitude":-97.508469}  
{"city":"Salem", "Latitude":44.944099, "Longitude":-123.040283}
{"city":"Harrisburg", "Latitude":40.2732, "Longitude":-76.8867} 
{"city":"Austin", "Latitude":30.2672, "Longitude":-97.7431} 
{"city":"Dallas", "Latitude":32.7767, "Longitude":-96.7970} 
{"city":"Houston", "Latitude":29.7604, "Longitude":-95.3698} 
{"city":"Olympia", "Latitude":47.0379, "Longitude":-122.9007} 
{"city":"Seattle", "Latitude":47.6062, "Longitude":-122.3321} 
{"city":"Madison", "Latitude":43.0731, "Longitude":-89.4012}
{"city":"Cheyenne", "Latitude":41.1400, "Longitude":-104.8202} 