{"alias":"subway-helena-2","categories":[{"alias":"hotdogs","title":"Fast Food"},{"alias":"sandwiches","title":"Sandwiches"}],"coordinates":{"latitude":46.5969924927,"longitude":-112.0371780396},"display_phone":"(406) 422-1074","hours":[{"open":[{"is_overnight":false,"start":"0700","end":"2100","day":0},{"is_overnight":false,"start":"0700","end":"2100","day":1},{"is_overnight":false,"start":"0700","end":"2100","day":2},{"is_overnight":false,"start":"0700","end":"2100","day":3},{"is_overnight":false,"start":"0700","end":"2200","day":4},{"is_overnight":false,"start":"0700","end":"2200","day":5},{"is_overnight":false,"start":"0900","end":"2100","day":6}],"hours_type":"REGULAR","is_open_now":true}],"id":"O1Nj7qMFsTKrjygfOvJEZw","image_url":"https:\/\/s3-media3.fl.yelpcdn.com\/bphoto\/XnX_Sh7ukZn_YLhtS2KMNg\/o.jpg","is_claimed":true,"is_closed":false,"location":{"address1":"863 Great Northern Bvd","address2":"Ste 102","address3":"","city":"Helena","zip_code":"59601","country":"US","state":"MT","display_address":["863 Great Northern Bvd","Ste 102","Helena, MT 59601"],"cross_streets":""},"name":"Subway","phone":"+14064221074","photos":["https:\/\/s3-media3.fl.yelpcdn.com\/bphoto\/XnX_Sh7ukZn_YLhtS2KMNg\/o.jpg"],"price":"$","rating":2.5,"review_count":3,"transactions":[],"url":"https:\/\/www.yelp.com\/biz\/subway-helena-2?adjust_creative=3XFlswbSIE7Ti6WzVie74g&utm_campaign=yelp_api_v3&utm_medium=api_v3_business_lookup&utm_source=3XFlswbSIE7Ti6WzVie74g"}
{"alias":"the-rib-shack-helena","categories":[{"alias":"bbq","title":"Barbeque"},{"alias":"foodtrucks","title":"Food Trucks"}],"coordinates":{"latitude":46.6125337,"longitude":-112.0214635},"display_phone":"(406) 443-7427","hours":[{"open":[{"is_overnight":false,"start":"1200","end":"2000","day":1},{"is_overnight":false,"start":"1200","end":"2000","day":2},{"is_overnight":false,"start":"1200","end":"2000","day":3},{"is_overnight":false,"start":"1200","end":"2000","day":4},{"is_overnight":false,"start":"1200","end":"2000","day":5}],"hours_type":"REGULAR","is_open_now":false}],"id":"Kj7125KJLI5RsU2HSs7tFA","image_url":"https:\/\/s3-media4.fl.yelpcdn.com\/bphoto\/c9qPEgb-AEksLcxZmjK7ig\/o.jpg","is_claimed":false,"is_closed":false,"location":{"address1":"2800 N Montana Ave","address2":"","address3":"","city":"Helena","zip_code":"59601","country":"US","state":"MT","display_address":["2800 N Montana Ave","Helena, MT 59601"],"cross_streets":""},"name":"The Rib Shack","phone":"+14064437427","photos":["https:\/\/s3-media4.fl.yelpcdn.com\/bphoto\/c9qPEgb-AEksLcxZmjK7ig\/o.jpg","https:\/\/s3-media3.fl.yelpcdn.com\/bphoto\/MnxSMbyoRhugjANwxXPtmg\/o.jpg"],"price":"$","rating":3.0,"review_count":9,"transactions":[],"url":"https:\/\/www.yelp.com\/biz\/the-rib-shack-helena?adjust_creative=3XFlswbSIE7Ti6WzVie74g&utm_campaign=yelp_api_v3&utm_medium=api_v3_business_lookup&utm_source=3XFlswbSIE7Ti6WzVie74g"}
{"alias":"avon-family-cafe-avon","categories":[{"alias":"cafes","title":"Cafes"},{"alias":"tradamerican","title":"American (Traditional)"},{"alias":"bakeries","title":"Bakeries"}],"coordinates":{"latitude":46.5840817324,"longitude":-112.5489202673},"display_phone":"(406) 492-6381","hours":[{"open":[{"is_overnight":false,"start":"0700","end":"2000","day":0},{"is_overnight":false,"start":"0700","end":"2000","day":1},{"is_overnight":false,"start":"0700","end":"2000","day":2},{"is_overnight":false,"start":"0700","end":"2000","day":3},{"is_overnight":false,"start":"0700","end":"2000","day":4},{"is_overnight":false,"start":"0700","end":"2000","day":5},{"is_overnight":false,"start":"0700","end":"2000","day":6}],"hours_type":"REGULAR","is_open_now":true}],"id":"5hRWbUf3k6qt36lCRHaeZQ","image_url":"https:\/\/s3-media1.fl.yelpcdn.com\/bphoto\/RguCoN5rS4bvVrDjqKX-eA\/o.jpg","is_claimed":true,"is_closed":false,"location":{"address1":"13436 Highway 12 E","address2":"","address3":"","city":"Avon","zip_code":"59713","country":"US","state":"MT","display_address":["13436 Highway 12 E","Avon, MT 59713"],"cross_streets":""},"name":"Avon Family Cafe","phone":"+14064926381","photos":["https:\/\/s3-media1.fl.yelpcdn.com\/bphoto\/RguCoN5rS4bvVrDjqKX-eA\/o.jpg","https:\/\/s3-media4.fl.yelpcdn.com\/bphoto\/yI2ntVngQWvGpYoE3FB5rg\/o.jpg","https:\/\/s3-media1.fl.yelpcdn.com\/bphoto\/ye5t8AfsMTqOs6PCZuqORQ\/o.jpg"],"price":"$$","rating":4.5,"review_count":15,"transactions":[],"url":"https:\/\/www.yelp.com\/biz\/avon-family-cafe-avon?adjust_creative=3XFlswbSIE7Ti6WzVie74g&utm_campaign=yelp_api_v3&utm_medium=api_v3_business_lookup&utm_source=3XFlswbSIE7Ti6WzVie74g"}
{"alias":"mcdonalds-deer-lodge-2","categories":[{"alias":"coffee","title":"Coffee & Tea"},{"alias":"burgers","title":"Burgers"},{"alias":"hotdogs","title":"Fast Food"}],"coordinates":{"latitude":46.4121725943,"longitude":-112.7260646224},"display_phone":"(406) 846-3775","hours":[{"open":[{"is_overnight":false,"start":"0600","end":"2300","day":0},{"is_overnight":false,"start":"0600","end":"2300","day":1},{"is_overnight":false,"start":"0600","end":"2300","day":2},{"is_overnight":false,"start":"0600","end":"2300","day":3},{"is_overnight":false,"start":"0600","end":"0000","day":4},{"is_overnight":false,"start":"0600","end":"2300","day":5},{"is_overnight":false,"start":"0600","end":"2300","day":6}],"hours_type":"REGULAR","is_open_now":true}],"id":"37efhZW-QNj18a0Lu01tNQ","image_url":"https:\/\/s3-media3.fl.yelpcdn.com\/bphoto\/TkIU6QM6P89it1vSYtJ5nA\/o.jpg","is_claimed":true,"is_closed":false,"location":{"address1":"133 N Interchange","address2":null,"address3":null,"city":"Deer Lodge","zip_code":"59722","country":"US","state":"MT","display_address":["133 N Interchange","Deer Lodge, MT 59722"],"cross_streets":""},"name":"McDonald's","phone":"+14068463775","photos":["https:\/\/s3-media3.fl.yelpcdn.com\/bphoto\/TkIU6QM6P89it1vSYtJ5nA\/o.jpg","https:\/\/s3-media1.fl.yelpcdn.com\/bphoto\/xQfeXJdm0utXXVagztz9Ow\/o.jpg","https:\/\/s3-media2.fl.yelpcdn.com\/bphoto\/4dSeqNiizmxIxYPRUzLEVw\/o.jpg"],"price":"$","rating":2.5,"review_count":11,"transactions":[],"url":"https:\/\/www.yelp.com\/biz\/mcdonalds-deer-lodge-2?adjust_creative=3XFlswbSIE7Ti6WzVie74g&utm_campaign=yelp_api_v3&utm_medium=api_v3_business_lookup&utm_source=3XFlswbSIE7Ti6WzVie74g"}
{"alias":"prison-pizza-deer-lodge","categories":[{"alias":"pizza","title":"Pizza"}],"coordinates":{"latitude":46.3937769064,"longitude":-112.7356079221},"display_phone":"(406) 846-4800","hours":[{"open":[{"is_overnight":false,"start":"1100","end":"1400","day":0},{"is_overnight":false,"start":"1700","end":"0000","day":0},{"is_overnight":false,"start":"1100","end":"1400","day":1},{"is_overnight":false,"start":"1700","end":"0000","day":1},{"is_overnight":false,"start":"1100","end":"1400","day":2},{"is_overnight":false,"start":"1700","end":"0000","day":2},{"is_overnight":false,"start":"1100","end":"1400","day":3},{"is_overnight":false,"start":"1700","end":"0000","day":3},{"is_overnight":false,"start":"1100","end":"1400","day":4},{"is_overnight":false,"start":"1700","end":"0000","day":4},{"is_overnight":false,"start":"1100","end":"1400","day":5},{"is_overnight":false,"start":"1700","end":"0000","day":5},{"is_overnight":false,"start":"1100","end":"1400","day":6},{"is_overnight":false,"start":"1700","end":"0000","day":6}],"hours_type":"REGULAR","is_open_now":true}],"id":"osOajWsH5sft-l7lymrm8Q","image_url":"https:\/\/s3-media4.fl.yelpcdn.com\/bphoto\/LaMJuhpJ3TjqXgLBIjrJhw\/o.jpg","is_claimed":true,"is_closed":false,"location":{"address1":"818 Main St","address2":"","address3":null,"city":"Deer Lodge","zip_code":"59722","country":"US","state":"MT","display_address":["818 Main St","Deer Lodge, MT 59722"],"cross_streets":""},"name":"Prison Pizza","phone":"+14068464800","photos":["https:\/\/s3-media4.fl.yelpcdn.com\/bphoto\/LaMJuhpJ3TjqXgLBIjrJhw\/o.jpg","https:\/\/s3-media3.fl.yelpcdn.com\/bphoto\/QVEo9rBnK36e8YmfXLM4Vw\/o.jpg","https:\/\/s3-media3.fl.yelpcdn.com\/bphoto\/n0MbiowQFnJRlpnEb1SGwA\/o.jpg"],"price":null,"rating":4.0,"review_count":7,"transactions":[],"url":"https:\/\/www.yelp.com\/biz\/prison-pizza-deer-lodge?adjust_creative=3XFlswbSIE7Ti6WzVie74g&utm_campaign=yelp_api_v3&utm_medium=api_v3_business_lookup&utm_source=3XFlswbSIE7Ti6WzVie74g"}
{"alias":"mountie-moose-bakery-townsend","categories":[{"alias":"bakeries","title":"Bakeries"}],"coordinates":{"latitude":46.3196372986,"longitude":-111.5209884644},"display_phone":"(406) 266-5800","hours":null,"id":"PVTZvQbYsT1xbr1_kMFPkQ","image_url":"https:\/\/s3-media3.fl.yelpcdn.com\/bphoto\/Fg_X_QOSeXoH6mFeimvxNw\/o.jpg","is_claimed":false,"is_closed":false,"location":{"address1":"109 Broadway St","address2":null,"address3":null,"city":"Townsend","zip_code":"59644","country":"US","state":"MT","display_address":["109 Broadway St","Townsend, MT 59644"],"cross_streets":""},"name":"Mountie Moose Bakery","phone":"+14062665800","photos":["https:\/\/s3-media3.fl.yelpcdn.com\/bphoto\/Fg_X_QOSeXoH6mFeimvxNw\/o.jpg","https:\/\/s3-media1.fl.yelpcdn.com\/bphoto\/JG57ekU6LkYXbld7AH2zfg\/o.jpg"],"price":"$","rating":4.5,"review_count":11,"transactions":[],"url":"https:\/\/www.yelp.com\/biz\/mountie-moose-bakery-townsend?adjust_creative=3XFlswbSIE7Ti6WzVie74g&utm_campaign=yelp_api_v3&utm_medium=api_v3_business_lookup&utm_source=3XFlswbSIE7Ti6WzVie74g"}
{"alias":"boomerang-bakery-deer-lodge","categories":[{"alias":"bakeries","title":"Bakeries"}],"coordinates":{"latitude":46.39915,"longitude":-112.73489},"display_phone":"(406) 846-1884","hours":[{"open":[{"is_overnight":false,"start":"0600","end":"1700","day":1},{"is_overnight":false,"start":"0600","end":"1700","day":2},{"is_overnight":false,"start":"0600","end":"1700","day":3},{"is_overnight":false,"start":"0600","end":"1700","day":4}],"hours_type":"REGULAR","is_open_now":false}],"id":"r55jK8l7R1wXzQsHsu4cew","image_url":"https:\/\/s3-media2.fl.yelpcdn.com\/bphoto\/ZGQCPuW25qON_8nE_RlihQ\/o.jpg","is_claimed":false,"is_closed":false,"location":{"address1":"321 Main St","address2":"","address3":"","city":"Deer Lodge","zip_code":"59722","country":"US","state":"MT","display_address":["321 Main St","Deer Lodge, MT 59722"],"cross_streets":""},"name":"Boomerang Bakery","phone":"+14068461884","photos":["https:\/\/s3-media2.fl.yelpcdn.com\/bphoto\/ZGQCPuW25qON_8nE_RlihQ\/o.jpg","https:\/\/s3-media3.fl.yelpcdn.com\/bphoto\/38xWvW7MYilESgoNoR3oVA\/o.jpg","https:\/\/s3-media4.fl.yelpcdn.com\/bphoto\/fPFM8cUwg1BKnB9LU45oEw\/o.jpg"],"price":"$","rating":4.5,"review_count":3,"transactions":[],"url":"https:\/\/www.yelp.com\/biz\/boomerang-bakery-deer-lodge?adjust_creative=3XFlswbSIE7Ti6WzVie74g&utm_campaign=yelp_api_v3&utm_medium=api_v3_business_lookup&utm_source=3XFlswbSIE7Ti6WzVie74g"}
{"alias":"village-inn-pizza-helena","categories":[{"alias":"pizza","title":"Pizza"}],"coordinates":{"latitude":46.5914,"longitude":-112.00776},"display_phone":"(406) 443-1111","hours":[{"open":[{"is_overnight":false,"start":"1130","end":"2200","day":0},{"is_overnight":false,"start":"1130","end":"2200","day":1},{"is_overnight":false,"start":"1130","end":"2200","day":2},{"is_overnight":false,"start":"1130","end":"2200","day":3},{"is_overnight":false,"start":"1130","end":"2300","day":4},{"is_overnight":false,"start":"1130","end":"2300","day":5},{"is_overnight":false,"start":"1130","end":"2200","day":6}],"hours_type":"REGULAR","is_open_now":true}],"id":"HCe-bvWJd63whkWfPdgBRw","image_url":"https:\/\/s3-media3.fl.yelpcdn.com\/bphoto\/uGrBYLLxC54MCiezuLByPw\/o.jpg","is_claimed":true,"is_closed":false,"location":{"address1":"1830 Prospect Ave","address2":"","address3":"","city":"Helena","zip_code":"59601","country":"US","state":"MT","display_address":["1830 Prospect Ave","Helena, MT 59601"],"cross_streets":""},"name":"Village Inn Pizza","phone":"+14064431111","photos":["https:\/\/s3-media3.fl.yelpcdn.com\/bphoto\/uGrBYLLxC54MCiezuLByPw\/o.jpg","https:\/\/s3-media2.fl.yelpcdn.com\/bphoto\/rFXhGnGkqJyvHlFwabysJw\/o.jpg","https:\/\/s3-media4.fl.yelpcdn.com\/bphoto\/CcmdW5BgzzMwx2I_dGcNZA\/o.jpg"],"price":null,"rating":3.5,"review_count":7,"transactions":[],"url":"https:\/\/www.yelp.com\/biz\/village-inn-pizza-helena?adjust_creative=3XFlswbSIE7Ti6WzVie74g&utm_campaign=yelp_api_v3&utm_medium=api_v3_business_lookup&utm_source=3XFlswbSIE7Ti6WzVie74g"}
{"alias":"lewis-and-clark-brewery-helena","categories":[{"alias":"breweries","title":"Breweries"}],"coordinates":{"latitude":46.60039,"longitude":-112.02171},"display_phone":"(406) 442-5960","hours":[{"open":[{"is_overnight":false,"start":"1200","end":"2200","day":0},{"is_overnight":false,"start":"1200","end":"2200","day":1},{"is_overnight":false,"start":"1200","end":"2300","day":2},{"is_overnight":false,"start":"1200","end":"2300","day":3},{"is_overnight":false,"start":"1200","end":"2300","day":4},{"is_overnight":false,"start":"1200","end":"2300","day":5},{"is_overnight":false,"start":"1200","end":"2200","day":6}],"hours_type":"REGULAR","is_open_now":true}],"id":"Ve9SbTpZ97GjwqB2VjgoDw","image_url":"https:\/\/s3-media2.fl.yelpcdn.com\/bphoto\/J2GB99m9Q24qjvOhNSgJog\/o.jpg","is_claimed":true,"is_closed":false,"location":{"address1":"1517 Dodge Ave","address2":"","address3":"","city":"Helena","zip_code":"59601","country":"US","state":"MT","display_address":["1517 Dodge Ave","Helena, MT 59601"],"cross_streets":""},"name":"Lewis & Clark Brewery","phone":"+14064425960","photos":["https:\/\/s3-media2.fl.yelpcdn.com\/bphoto\/J2GB99m9Q24qjvOhNSgJog\/o.jpg","https:\/\/s3-media2.fl.yelpcdn.com\/bphoto\/_zOPGbY4fHTuoRBtreoyuw\/o.jpg","https:\/\/s3-media4.fl.yelpcdn.com\/bphoto\/G8O0DCM-4hNIW-ELlduIqg\/o.jpg"],"price":"$","rating":4.5,"review_count":54,"transactions":[],"url":"https:\/\/www.yelp.com\/biz\/lewis-and-clark-brewery-helena?adjust_creative=3XFlswbSIE7Ti6WzVie74g&utm_campaign=yelp_api_v3&utm_medium=api_v3_business_lookup&utm_source=3XFlswbSIE7Ti6WzVie74g"}
{"alias":"blackfoot-river-brewing-company-helena","categories":[{"alias":"breweries","title":"Breweries"}],"coordinates":{"latitude":46.5862121582,"longitude":-112.0418930054},"display_phone":"(406) 449-3005","hours":[{"open":[{"is_overnight":false,"start":"1400","end":"2000","day":0},{"is_overnight":false,"start":"1400","end":"2000","day":1},{"is_overnight":false,"start":"1400","end":"2000","day":2},{"is_overnight":false,"start":"1400","end":"2000","day":3},{"is_overnight":false,"start":"1200","end":"2000","day":4},{"is_overnight":false,"start":"1200","end":"2000","day":5},{"is_overnight":false,"start":"1200","end":"2000","day":6}],"hours_type":"REGULAR","is_open_now":true}],"id":"frFYRzJ6zEyBGsdcqHAcvA","image_url":"https:\/\/s3-media2.fl.yelpcdn.com\/bphoto\/HjRL1TZsOW2DlFCpORQhVA\/o.jpg","is_claimed":true,"is_closed":false,"location":{"address1":"66 S Park Ave","address2":"","address3":"","city":"Helena","zip_code":"59601","country":"US","state":"MT","display_address":["66 S Park Ave","Helena, MT 59601"],"cross_streets":""},"name":"Blackfoot River Brewing Company","phone":"+14064493005","photos":["https:\/\/s3-media2.fl.yelpcdn.com\/bphoto\/HjRL1TZsOW2DlFCpORQhVA\/o.jpg","https:\/\/s3-media4.fl.yelpcdn.com\/bphoto\/svTYt2PUS5XgHC_xvMrYWQ\/o.jpg","https:\/\/s3-media2.fl.yelpcdn.com\/bphoto\/VRzccqLxd_UdZPw-ABR3jw\/o.jpg"],"price":"$","rating":4.5,"review_count":73,"transactions":[],"url":"https:\/\/www.yelp.com\/biz\/blackfoot-river-brewing-company-helena?adjust_creative=3XFlswbSIE7Ti6WzVie74g&utm_campaign=yelp_api_v3&utm_medium=api_v3_business_lookup&utm_source=3XFlswbSIE7Ti6WzVie74g"}
{"alias":"little-caesars-helena-2","categories":[{"alias":"pizza","title":"Pizza"}],"coordinates":{"latitude":46.605579,"longitude":-112.02248},"display_phone":"(406) 502-1707","hours":[{"open":[{"is_overnight":false,"start":"1030","end":"2200","day":0},{"is_overnight":false,"start":"1030","end":"2200","day":1},{"is_overnight":false,"start":"1030","end":"2200","day":2},{"is_overnight":false,"start":"1030","end":"2200","day":3},{"is_overnight":false,"start":"1030","end":"2200","day":4},{"is_overnight":false,"start":"1030","end":"2200","day":5},{"is_overnight":false,"start":"1030","end":"2100","day":6}],"hours_type":"REGULAR","is_open_now":true}],"id":"tiFvQkJpB1i0Ypfquj3hdw","image_url":"https:\/\/s3-media3.fl.yelpcdn.com\/bphoto\/nBRma75bdcmhY4SSegVEOQ\/o.jpg","is_claimed":true,"is_closed":false,"location":{"address1":"2051 N Last Chance Gulch","address2":"","address3":"","city":"Helena","zip_code":"59601","country":"US","state":"MT","display_address":["2051 N Last Chance Gulch","Helena, MT 59601"],"cross_streets":""},"name":"Little Caesars","phone":"+14065021707","photos":["https:\/\/s3-media3.fl.yelpcdn.com\/bphoto\/nBRma75bdcmhY4SSegVEOQ\/o.jpg","https:\/\/s3-media1.fl.yelpcdn.com\/bphoto\/YEtVwne29qcdo7ROw64XxQ\/o.jpg","https:\/\/s3-media1.fl.yelpcdn.com\/bphoto\/B6Whe_-7tg4fOTSuObwmKA\/o.jpg"],"price":null,"rating":3.0,"review_count":2,"transactions":[],"url":"https:\/\/www.yelp.com\/biz\/little-caesars-helena-2?adjust_creative=3XFlswbSIE7Ti6WzVie74g&utm_campaign=yelp_api_v3&utm_medium=api_v3_business_lookup&utm_source=3XFlswbSIE7Ti6WzVie74g"}
{"alias":"scenic-brew-helena","categories":[{"alias":"coffee","title":"Coffee & Tea"}],"coordinates":{"latitude":46.61607,"longitude":-112.01504},"display_phone":"(406) 204-0150","hours":[{"open":[{"is_overnight":false,"start":"0600","end":"2100","day":0},{"is_overnight":false,"start":"0600","end":"2100","day":1},{"is_overnight":false,"start":"0600","end":"2100","day":2},{"is_overnight":false,"start":"0600","end":"2100","day":3},{"is_overnight":false,"start":"0600","end":"2100","day":4},{"is_overnight":false,"start":"0600","end":"2100","day":5},{"is_overnight":false,"start":"0800","end":"1800","day":6}],"hours_type":"REGULAR","is_open_now":false}],"id":"u8VeR39q9YFzni25A4PWRw","image_url":"https:\/\/s3-media3.fl.yelpcdn.com\/bphoto\/H_PEDzsUFFUzYuL0bHk18w\/o.jpg","is_claimed":true,"is_closed":false,"location":{"address1":"3091 N Sanders St","address2":"Ste E","address3":"","city":"Helena","zip_code":"59601","country":"US","state":"MT","display_address":["3091 N Sanders St","Ste E","Helena, MT 59601"],"cross_streets":""},"name":"Scenic Brew","phone":"+14062040150","photos":["https:\/\/s3-media3.fl.yelpcdn.com\/bphoto\/H_PEDzsUFFUzYuL0bHk18w\/o.jpg","https:\/\/s3-media1.fl.yelpcdn.com\/bphoto\/OO_fwPd-Jfp7wCuBSZ4KHw\/o.jpg","https:\/\/s3-media4.fl.yelpcdn.com\/bphoto\/YbmFiwhp6HYH28qhU_VqvQ\/o.jpg"],"price":"$$","rating":4.0,"review_count":24,"transactions":[],"url":"https:\/\/www.yelp.com\/biz\/scenic-brew-helena?adjust_creative=3XFlswbSIE7Ti6WzVie74g&utm_campaign=yelp_api_v3&utm_medium=api_v3_business_lookup&utm_source=3XFlswbSIE7Ti6WzVie74g"}
{"alias":"the-corner-cafe-east-helena","categories":[{"alias":"diners","title":"Diners"}],"coordinates":{"latitude":46.58972,"longitude":-111.92316},"display_phone":"","hours":null,"id":"ih9W-ZBy9e6KJ2be53FLlg","image_url":"","is_claimed":false,"is_closed":false,"location":{"address1":"24 W Main St","address2":"","address3":"","city":"East Helena","zip_code":"59635","country":"US","state":"MT","display_address":["24 W Main St","East Helena, MT 59635"],"cross_streets":""},"name":"The Corner Cafe","phone":"","photos":[],"price":null,"rating":4.0,"review_count":2,"transactions":[],"url":"https:\/\/www.yelp.com\/biz\/the-corner-cafe-east-helena?adjust_creative=3XFlswbSIE7Ti6WzVie74g&utm_campaign=yelp_api_v3&utm_medium=api_v3_business_lookup&utm_source=3XFlswbSIE7Ti6WzVie74g"}
{"alias":"leilanis-lattes-east-helena","categories":[{"alias":"coffee","title":"Coffee & Tea"}],"coordinates":{"latitude":46.5895398872,"longitude":-111.9093181599},"display_phone":"(406) 439-9363","hours":[{"open":[{"is_overnight":false,"start":"0600","end":"1700","day":0},{"is_overnight":false,"start":"0600","end":"1700","day":1},{"is_overnight":false,"start":"0600","end":"1700","day":2},{"is_overnight":false,"start":"0600","end":"1700","day":3},{"is_overnight":false,"start":"0600","end":"1700","day":4},{"is_overnight":false,"start":"0700","end":"1600","day":5}],"hours_type":"REGULAR","is_open_now":false}],"id":"FKmC0_xEkENR2f0E-fK4pQ","image_url":"https:\/\/s3-media2.fl.yelpcdn.com\/bphoto\/xhNoFzFI38MQ28oA58VWyg\/o.jpg","is_claimed":true,"is_closed":false,"location":{"address1":"700 E Main St","address2":"","address3":"","city":"East Helena","zip_code":"59635","country":"US","state":"MT","display_address":["700 E Main St","East Helena, MT 59635"],"cross_streets":""},"name":"Leilani's Lattes","phone":"+14064399363","photos":["https:\/\/s3-media2.fl.yelpcdn.com\/bphoto\/xhNoFzFI38MQ28oA58VWyg\/o.jpg","https:\/\/s3-media2.fl.yelpcdn.com\/bphoto\/zTLFMPVLMo1-aVFgMOa7Pw\/o.jpg"],"price":"$","rating":5.0,"review_count":1,"transactions":[],"url":"https:\/\/www.yelp.com\/biz\/leilanis-lattes-east-helena?adjust_creative=3XFlswbSIE7Ti6WzVie74g&utm_campaign=yelp_api_v3&utm_medium=api_v3_business_lookup&utm_source=3XFlswbSIE7Ti6WzVie74g"}
{"alias":"bobs-valley-market-helena","categories":[{"alias":"gourmet","title":"Specialty Food"},{"alias":"grocery","title":"Grocery"}],"coordinates":{"latitude":46.70464,"longitude":-112.02073},"display_phone":"(406) 458-5140","hours":null,"id":"msKvyBToJCrhgbIqfB0d3g","image_url":"","is_claimed":false,"is_closed":false,"location":{"address1":"7507 N Montana Ave","address2":"","address3":"","city":"Helena","zip_code":"59602","country":"US","state":"MT","display_address":["7507 N Montana Ave","Helena, MT 59602"],"cross_streets":""},"name":"Bob's Valley Market","phone":"+14064585140","photos":[],"price":"$$$","rating":2.5,"review_count":5,"transactions":[],"url":"https:\/\/www.yelp.com\/biz\/bobs-valley-market-helena?adjust_creative=3XFlswbSIE7Ti6WzVie74g&utm_campaign=yelp_api_v3&utm_medium=api_v3_business_lookup&utm_source=3XFlswbSIE7Ti6WzVie74g"}
{"alias":"haps-beer-parlor-helena","categories":[{"alias":"sportsbars","title":"Sports Bars"}],"coordinates":{"latitude":46.59956,"longitude":-112.01451},"display_phone":"(406) 443-2804","hours":[{"open":[{"is_overnight":true,"start":"1000","end":"0200","day":0},{"is_overnight":true,"start":"1000","end":"0200","day":1},{"is_overnight":true,"start":"1000","end":"0200","day":2},{"is_overnight":true,"start":"1000","end":"0200","day":3},{"is_overnight":true,"start":"1000","end":"0200","day":4},{"is_overnight":true,"start":"1000","end":"0200","day":5},{"is_overnight":true,"start":"1000","end":"0200","day":6}],"hours_type":"REGULAR","is_open_now":true}],"id":"aSan7b6xkggiV46YaKqjKQ","image_url":"https:\/\/s3-media2.fl.yelpcdn.com\/bphoto\/xJo6djPCe0W0gSa6UgHeuQ\/o.jpg","is_claimed":true,"is_closed":false,"location":{"address1":"1505 Railroad Ave","address2":"","address3":"","city":"Helena","zip_code":"59601","country":"US","state":"MT","display_address":["1505 Railroad Ave","Helena, MT 59601"],"cross_streets":""},"name":"Hap's Beer Parlor","phone":"+14064432804","photos":["https:\/\/s3-media2.fl.yelpcdn.com\/bphoto\/xJo6djPCe0W0gSa6UgHeuQ\/o.jpg","https:\/\/s3-media3.fl.yelpcdn.com\/bphoto\/-y2RWV0SjTOK7SJQ54_vHg\/o.jpg","https:\/\/s3-media1.fl.yelpcdn.com\/bphoto\/uKHlYWk0GeREw0m0yZK4qA\/o.jpg"],"price":"$","rating":4.5,"review_count":14,"transactions":[],"url":"https:\/\/www.yelp.com\/biz\/haps-beer-parlor-helena?adjust_creative=3XFlswbSIE7Ti6WzVie74g&utm_campaign=yelp_api_v3&utm_medium=api_v3_business_lookup&utm_source=3XFlswbSIE7Ti6WzVie74g"}
{"alias":"the-hawthorn-helena","categories":[{"alias":"wine_bars","title":"Wine Bars"}],"coordinates":{"latitude":46.58843,"longitude":-112.03908},"display_phone":"(406) 282-0111","hours":[{"open":[{"is_overnight":false,"start":"1200","end":"2300","day":1},{"is_overnight":false,"start":"1200","end":"2300","day":2},{"is_overnight":false,"start":"1200","end":"2300","day":3},{"is_overnight":false,"start":"1200","end":"2300","day":4},{"is_overnight":false,"start":"1200","end":"2300","day":5},{"is_overnight":false,"start":"1400","end":"2100","day":6}],"hours_type":"REGULAR","is_open_now":true}],"id":"xcsgAt4-Rv1Xlxpme0fJgA","image_url":"https:\/\/s3-media1.fl.yelpcdn.com\/bphoto\/2Xh85g4SlRk1JFnLJvyvjw\/o.jpg","is_claimed":false,"is_closed":false,"location":{"address1":"46 N Last Chance Gulch","address2":"","address3":null,"city":"Helena","zip_code":"59601","country":"US","state":"MT","display_address":["46 N Last Chance Gulch","Helena, MT 59601"],"cross_streets":""},"name":"The Hawthorn","phone":"+14062820111","photos":["https:\/\/s3-media1.fl.yelpcdn.com\/bphoto\/2Xh85g4SlRk1JFnLJvyvjw\/o.jpg","https:\/\/s3-media3.fl.yelpcdn.com\/bphoto\/PwaeX1lMYV9WNYwmT47KGw\/o.jpg","https:\/\/s3-media2.fl.yelpcdn.com\/bphoto\/K1hJKre_qO9hGXDT0WSolA\/o.jpg"],"price":"$$","rating":5.0,"review_count":41,"transactions":[],"url":"https:\/\/www.yelp.com\/biz\/the-hawthorn-helena?adjust_creative=3XFlswbSIE7Ti6WzVie74g&utm_campaign=yelp_api_v3&utm_medium=api_v3_business_lookup&utm_source=3XFlswbSIE7Ti6WzVie74g"}
{"alias":"gold-bar-and-western-bar-helena","categories":[{"alias":"bars","title":"Bars"}],"coordinates":{"latitude":46.590713501,"longitude":-112.0376663208},"display_phone":"(406) 442-2250","hours":[{"open":[{"is_overnight":true,"start":"0800","end":"0200","day":0},{"is_overnight":true,"start":"0800","end":"0200","day":1},{"is_overnight":true,"start":"0800","end":"0200","day":2},{"is_overnight":true,"start":"0800","end":"0200","day":3},{"is_overnight":true,"start":"0800","end":"0200","day":4},{"is_overnight":true,"start":"0800","end":"0200","day":5},{"is_overnight":true,"start":"0800","end":"0200","day":6}],"hours_type":"REGULAR","is_open_now":true}],"id":"jz7uHPrATy_UjNIeRM9BlQ","image_url":"https:\/\/s3-media2.fl.yelpcdn.com\/bphoto\/0Oh5MtlryhGY8oxntUB8OQ\/o.jpg","is_claimed":true,"is_closed":false,"location":{"address1":"400 N Last Chance Gulch","address2":null,"address3":null,"city":"Helena","zip_code":"59601","country":"US","state":"MT","display_address":["400 N Last Chance Gulch","Helena, MT 59601"],"cross_streets":""},"name":"Gold Bar & Western Bar","phone":"+14064422250","photos":["https:\/\/s3-media2.fl.yelpcdn.com\/bphoto\/0Oh5MtlryhGY8oxntUB8OQ\/o.jpg","https:\/\/s3-media2.fl.yelpcdn.com\/bphoto\/H9hWVx6uB84TZG1fPak01g\/o.jpg","https:\/\/s3-media2.fl.yelpcdn.com\/bphoto\/mPO-liRL7cVGBapgyhlMYQ\/o.jpg"],"price":"$","rating":4.0,"review_count":7,"transactions":[],"url":"https:\/\/www.yelp.com\/biz\/gold-bar-and-western-bar-helena?adjust_creative=3XFlswbSIE7Ti6WzVie74g&utm_campaign=yelp_api_v3&utm_medium=api_v3_business_lookup&utm_source=3XFlswbSIE7Ti6WzVie74g"}
{"alias":"rialto-bar-helena-2","categories":[{"alias":"bars","title":"Bars"}],"coordinates":{"latitude":46.5887025744,"longitude":-112.0386325568},"display_phone":"(406) 442-1890","hours":[{"open":[{"is_overnight":true,"start":"1400","end":"0200","day":0},{"is_overnight":true,"start":"1400","end":"0200","day":1},{"is_overnight":true,"start":"1400","end":"0200","day":2},{"is_overnight":true,"start":"1400","end":"0200","day":3},{"is_overnight":true,"start":"1400","end":"0200","day":4},{"is_overnight":true,"start":"1700","end":"0200","day":5}],"hours_type":"REGULAR","is_open_now":false}],"id":"MyHy7aoBdj7Lc6xxOawccA","image_url":"https:\/\/s3-media1.fl.yelpcdn.com\/bphoto\/torP1Q_zAyvObMvlg3ap1A\/o.jpg","is_claimed":true,"is_closed":false,"location":{"address1":"52 N Last Chance Gulch St","address2":"","address3":"","city":"Helena","zip_code":"59601","country":"US","state":"MT","display_address":["52 N Last Chance Gulch St","Helena, MT 59601"],"cross_streets":""},"name":"Rialto Bar","phone":"+14064421890","photos":["https:\/\/s3-media1.fl.yelpcdn.com\/bphoto\/torP1Q_zAyvObMvlg3ap1A\/o.jpg","https:\/\/s3-media3.fl.yelpcdn.com\/bphoto\/2qngYpBif0XENnqL3buRIQ\/o.jpg","https:\/\/s3-media1.fl.yelpcdn.com\/bphoto\/YMwylCvpLOZ-g7pjh7S_GA\/o.jpg"],"price":"$","rating":3.5,"review_count":6,"transactions":[],"url":"https:\/\/www.yelp.com\/biz\/rialto-bar-helena-2?adjust_creative=3XFlswbSIE7Ti6WzVie74g&utm_campaign=yelp_api_v3&utm_medium=api_v3_business_lookup&utm_source=3XFlswbSIE7Ti6WzVie74g"}
{"alias":"the-sapphire-helena","categories":[{"alias":"bars","title":"Bars"}],"coordinates":{"latitude":46.5877101049,"longitude":-112.0388347283},"display_phone":"(406) 502-1028","hours":[{"open":[{"is_overnight":false,"start":"1100","end":"2300","day":0},{"is_overnight":false,"start":"1100","end":"2300","day":1},{"is_overnight":false,"start":"1100","end":"2300","day":2},{"is_overnight":false,"start":"1100","end":"2300","day":3},{"is_overnight":true,"start":"1100","end":"0200","day":4},{"is_overnight":true,"start":"1100","end":"0200","day":5},{"is_overnight":false,"start":"1100","end":"2300","day":6}],"hours_type":"REGULAR","is_open_now":true}],"id":"s-tEFOy_kY_ALZeL_XJT5g","image_url":"https:\/\/s3-media1.fl.yelpcdn.com\/bphoto\/uJw30wwrYH_LhkSZcrX3tg\/o.jpg","is_claimed":false,"is_closed":false,"location":{"address1":"101 N Last Chance Gulch","address2":"Ste A","address3":"","city":"Helena","zip_code":"59601","country":"US","state":"MT","display_address":["101 N Last Chance Gulch","Ste A","Helena, MT 59601"],"cross_streets":""},"name":"The Sapphire","phone":"+14065021028","photos":["https:\/\/s3-media1.fl.yelpcdn.com\/bphoto\/uJw30wwrYH_LhkSZcrX3tg\/o.jpg","https:\/\/s3-media1.fl.yelpcdn.com\/bphoto\/9dT61ppTwcqfE9_eGWU-gg\/o.jpg","https:\/\/s3-media2.fl.yelpcdn.com\/bphoto\/4aJiTrgaQWU2gBOurb_46A\/o.jpg"],"price":null,"rating":2.5,"review_count":2,"transactions":[],"url":"https:\/\/www.yelp.com\/biz\/the-sapphire-helena?adjust_creative=3XFlswbSIE7Ti6WzVie74g&utm_campaign=yelp_api_v3&utm_medium=api_v3_business_lookup&utm_source=3XFlswbSIE7Ti6WzVie74g"}
{"alias":"muni-s-sports-grill-helena","categories":[{"alias":"sportsbars","title":"Sports Bars"}],"coordinates":{"latitude":46.6093859376,"longitude":-112.0385323831},"display_phone":"(406) 447-1603","hours":[{"open":[{"is_overnight":false,"start":"0900","end":"2200","day":0},{"is_overnight":false,"start":"0900","end":"2200","day":1},{"is_overnight":false,"start":"0900","end":"2200","day":2},{"is_overnight":false,"start":"0900","end":"2200","day":3},{"is_overnight":false,"start":"0900","end":"2200","day":4},{"is_overnight":false,"start":"0900","end":"2200","day":5},{"is_overnight":false,"start":"0900","end":"2200","day":6}],"hours_type":"REGULAR","is_open_now":true}],"id":"lfJnAAM9yNFsT9xi45NIfA","image_url":"https:\/\/s3-media2.fl.yelpcdn.com\/bphoto\/X8Pnl0XY4uLJwplvnjjjlQ\/o.jpg","is_claimed":false,"is_closed":false,"location":{"address1":"Bill Roberts Golf Course","address2":"2201 N Benton Ave","address3":null,"city":"Helena","zip_code":"59601","country":"US","state":"MT","display_address":["Bill Roberts Golf Course","2201 N Benton Ave","Helena, MT 59601"],"cross_streets":""},"name":"Muni\u2019s Sports Grill","phone":"+14064471603","photos":["https:\/\/s3-media2.fl.yelpcdn.com\/bphoto\/X8Pnl0XY4uLJwplvnjjjlQ\/o.jpg"],"price":null,"rating":5.0,"review_count":1,"transactions":[],"url":"https:\/\/www.yelp.com\/biz\/muni-s-sports-grill-helena?adjust_creative=3XFlswbSIE7Ti6WzVie74g&utm_campaign=yelp_api_v3&utm_medium=api_v3_business_lookup&utm_source=3XFlswbSIE7Ti6WzVie74g"}
{"alias":"rialto-poker-room-helena-2","categories":[{"alias":"bars","title":"Bars"},{"alias":"casinos","title":"Casinos"}],"coordinates":{"latitude":46.5887025744,"longitude":-112.0386325568},"display_phone":"(406) 461-6457","hours":[{"open":[{"is_overnight":true,"start":"1930","end":"0200","day":0},{"is_overnight":true,"start":"1930","end":"0200","day":1},{"is_overnight":true,"start":"2000","end":"0200","day":2},{"is_overnight":true,"start":"1930","end":"0200","day":3},{"is_overnight":true,"start":"1800","end":"0200","day":4},{"is_overnight":true,"start":"1930","end":"0200","day":5}],"hours_type":"REGULAR","is_open_now":false}],"id":"HmhMJd1_oWqP5JD7o5ytGw","image_url":"https:\/\/s3-media1.fl.yelpcdn.com\/bphoto\/AA89MfzzBYMRuBBYp0JIpA\/o.jpg","is_claimed":true,"is_closed":false,"location":{"address1":"52 N Last Chance Gulch","address2":null,"address3":"","city":"Helena","zip_code":"59601","country":"US","state":"MT","display_address":["52 N Last Chance Gulch","Helena, MT 59601"],"cross_streets":""},"name":"Rialto Poker Room","phone":"+14064616457","photos":["https:\/\/s3-media1.fl.yelpcdn.com\/bphoto\/AA89MfzzBYMRuBBYp0JIpA\/o.jpg","https:\/\/s3-media3.fl.yelpcdn.com\/bphoto\/3uYAe5Fgfquuk5NevhZbpQ\/o.jpg","https:\/\/s3-media1.fl.yelpcdn.com\/bphoto\/0TX6Zw2kc5zGdE7w4xCN9w\/o.jpg"],"price":"$","rating":4.0,"review_count":1,"transactions":[],"url":"https:\/\/www.yelp.com\/biz\/rialto-poker-room-helena-2?adjust_creative=3XFlswbSIE7Ti6WzVie74g&utm_campaign=yelp_api_v3&utm_medium=api_v3_business_lookup&utm_source=3XFlswbSIE7Ti6WzVie74g"}
{"alias":"sleeping-giant-business-center-helena","categories":[{"alias":"airportlounges","title":"Airport Lounges"}],"coordinates":{"latitude":46.6102158073,"longitude":-111.9898232576},"display_phone":"","hours":null,"id":"m2tAJ9HKyBGdcMqg2M1o8A","image_url":"https:\/\/s3-media3.fl.yelpcdn.com\/bphoto\/9bizddv7qDwAttHs7FDOAg\/o.jpg","is_claimed":false,"is_closed":false,"location":{"address1":"2850 Skyway Dr","address2":"","address3":null,"city":"Helena","zip_code":"59602","country":"US","state":"MT","display_address":["2850 Skyway Dr","Helena, MT 59602"],"cross_streets":""},"name":"Sleeping Giant Business Center","phone":"","photos":["https:\/\/s3-media3.fl.yelpcdn.com\/bphoto\/9bizddv7qDwAttHs7FDOAg\/o.jpg","https:\/\/s3-media3.fl.yelpcdn.com\/bphoto\/ZfFBD0WBqjE3CimRY2xYYQ\/o.jpg"],"price":null,"rating":4.0,"review_count":1,"transactions":[],"url":"https:\/\/www.yelp.com\/biz\/sleeping-giant-business-center-helena?adjust_creative=3XFlswbSIE7Ti6WzVie74g&utm_campaign=yelp_api_v3&utm_medium=api_v3_business_lookup&utm_source=3XFlswbSIE7Ti6WzVie74g"}
{"alias":"saigon-alley-helena","categories":[{"alias":"foodtrucks","title":"Food Trucks"},{"alias":"vietnamese","title":"Vietnamese"}],"coordinates":{"latitude":46.5943708,"longitude":-111.9894049},"display_phone":"(406) 396-8775","hours":null,"id":"ODEN0mhjBCWDSULM4NfbrQ","image_url":"https:\/\/s3-media3.fl.yelpcdn.com\/bphoto\/nJcUuN1Qdsss6VeydfROww\/o.jpg","is_claimed":true,"is_closed":false,"location":{"address1":"2828 Billings Ave","address2":"","address3":null,"city":"Helena","zip_code":"59601","country":"US","state":"MT","display_address":["2828 Billings Ave","Helena, MT 59601"],"cross_streets":""},"name":"Saigon Alley","phone":"+14063968775","photos":["https:\/\/s3-media3.fl.yelpcdn.com\/bphoto\/nJcUuN1Qdsss6VeydfROww\/o.jpg","https:\/\/s3-media3.fl.yelpcdn.com\/bphoto\/x2mpOu4eHhqBLueRTHpnIA\/o.jpg"],"price":"$$","rating":5.0,"review_count":5,"transactions":[],"url":"https:\/\/www.yelp.com\/biz\/saigon-alley-helena?adjust_creative=3XFlswbSIE7Ti6WzVie74g&utm_campaign=yelp_api_v3&utm_medium=api_v3_business_lookup&utm_source=3XFlswbSIE7Ti6WzVie74g"}
{"alias":"chinese-garden-restaurant-deer-lodge","categories":[{"alias":"chinese","title":"Chinese"}],"coordinates":{"latitude":46.4119172,"longitude":-112.7253391},"display_phone":"(406) 846-1662","hours":null,"id":"Ua-QHF33F7QgH2MQmYkf_g","image_url":"https:\/\/s3-media2.fl.yelpcdn.com\/bphoto\/IUyskMJvrfMbEJvoDxF9Zw\/o.jpg","is_claimed":false,"is_closed":false,"location":{"address1":"141 Village Ln","address2":null,"address3":null,"city":"Deer Lodge","zip_code":"59722","country":"US","state":"MT","display_address":["141 Village Ln","Deer Lodge, MT 59722"],"cross_streets":""},"name":"Chinese Garden Restaurant","phone":"+14068461662","photos":["https:\/\/s3-media2.fl.yelpcdn.com\/bphoto\/IUyskMJvrfMbEJvoDxF9Zw\/o.jpg","https:\/\/s3-media3.fl.yelpcdn.com\/bphoto\/fevt4E2t_p3GGrQxzGTO2A\/o.jpg","https:\/\/s3-media3.fl.yelpcdn.com\/bphoto\/SVKItzTvG6zOsNbJXMjysA\/o.jpg"],"price":"$$","rating":4.5,"review_count":24,"transactions":[],"url":"https:\/\/www.yelp.com\/biz\/chinese-garden-restaurant-deer-lodge?adjust_creative=3XFlswbSIE7Ti6WzVie74g&utm_campaign=yelp_api_v3&utm_medium=api_v3_business_lookup&utm_source=3XFlswbSIE7Ti6WzVie74g"}
{"alias":"sesame-wok-deer-lodge","categories":[{"alias":"chinese","title":"Chinese"}],"coordinates":{"latitude":46.4133911,"longitude":-112.7251129},"display_phone":"(406) 846-1662","hours":null,"id":"-gjV7ROd34EJTYMQQ1V0ZA","image_url":"https:\/\/s3-media1.fl.yelpcdn.com\/bphoto\/N4ByqvyC5QHWsQSpikyXTw\/o.jpg","is_claimed":false,"is_closed":false,"location":{"address1":"1007 Village Ln","address2":"","address3":"","city":"Deer Lodge","zip_code":"59722","country":"US","state":"MT","display_address":["1007 Village Ln","Deer Lodge, MT 59722"],"cross_streets":""},"name":"Sesame Wok","phone":"+14068461662","photos":["https:\/\/s3-media1.fl.yelpcdn.com\/bphoto\/N4ByqvyC5QHWsQSpikyXTw\/o.jpg","https:\/\/s3-media1.fl.yelpcdn.com\/bphoto\/k7Oyy6jS7mMh_kwFEqtz-Q\/o.jpg","https:\/\/s3-media3.fl.yelpcdn.com\/bphoto\/kZ1hIlsFKFbywy6v1f_Dyw\/o.jpg"],"price":"$$","rating":4.0,"review_count":31,"transactions":[],"url":"https:\/\/www.yelp.com\/biz\/sesame-wok-deer-lodge?adjust_creative=3XFlswbSIE7Ti6WzVie74g&utm_campaign=yelp_api_v3&utm_medium=api_v3_business_lookup&utm_source=3XFlswbSIE7Ti6WzVie74g"}
{"alias":"ten-mile-creek-brewery-helena","categories":[{"alias":"breweries","title":"Breweries"}],"coordinates":{"latitude":46.5883635,"longitude":-112.0389426},"display_phone":"(406) 502-1382","hours":[{"open":[{"is_overnight":false,"start":"1200","end":"2000","day":0},{"is_overnight":false,"start":"1200","end":"2000","day":1},{"is_overnight":false,"start":"1200","end":"2000","day":2},{"is_overnight":false,"start":"1200","end":"2000","day":3},{"is_overnight":false,"start":"1200","end":"2000","day":4},{"is_overnight":false,"start":"1200","end":"2000","day":5},{"is_overnight":false,"start":"1200","end":"2000","day":6}],"hours_type":"REGULAR","is_open_now":true}],"id":"d62G1SseMbNBQWByr-9DkQ","image_url":"https:\/\/s3-media1.fl.yelpcdn.com\/bphoto\/LrQC89nPsTeDF-JRC99GFQ\/o.jpg","is_claimed":true,"is_closed":false,"location":{"address1":"48 N Last Chance Gulch","address2":"","address3":"","city":"Helena","zip_code":"59601","country":"US","state":"MT","display_address":["48 N Last Chance Gulch","Helena, MT 59601"],"cross_streets":""},"name":"Ten Mile Creek Brewery","phone":"+14065021382","photos":["https:\/\/s3-media1.fl.yelpcdn.com\/bphoto\/LrQC89nPsTeDF-JRC99GFQ\/o.jpg","https:\/\/s3-media1.fl.yelpcdn.com\/bphoto\/Acm1JaQQaiMPHpMR9kn2AQ\/o.jpg","https:\/\/s3-media1.fl.yelpcdn.com\/bphoto\/GfIhXcdKGcmfqk9Sok_QAQ\/o.jpg"],"price":"$","rating":4.0,"review_count":28,"transactions":[],"url":"https:\/\/www.yelp.com\/biz\/ten-mile-creek-brewery-helena?adjust_creative=3XFlswbSIE7Ti6WzVie74g&utm_campaign=yelp_api_v3&utm_medium=api_v3_business_lookup&utm_source=3XFlswbSIE7Ti6WzVie74g"}
{"alias":"grub-stake-helena","categories":[{"alias":"steak","title":"Steakhouses"},{"alias":"burgers","title":"Burgers"},{"alias":"tradamerican","title":"American (Traditional)"}],"coordinates":{"latitude":46.704494975,"longitude":-112.0093715845},"display_phone":"(406) 458-9808","hours":[{"open":[{"is_overnight":false,"start":"0800","end":"0000","day":0},{"is_overnight":false,"start":"0800","end":"0000","day":1},{"is_overnight":false,"start":"0800","end":"0000","day":2},{"is_overnight":false,"start":"0800","end":"1200","day":3},{"is_overnight":false,"start":"1300","end":"1400","day":3},{"is_overnight":true,"start":"0800","end":"0200","day":4},{"is_overnight":true,"start":"0800","end":"0200","day":5},{"is_overnight":false,"start":"0800","end":"0000","day":6}],"hours_type":"REGULAR","is_open_now":true}],"id":"u9Xk6zXoTc7YILHKUaIQpA","image_url":"https:\/\/s3-media3.fl.yelpcdn.com\/bphoto\/3SJ4fIouD5U1d_oBKnaENw\/o.jpg","is_claimed":true,"is_closed":false,"location":{"address1":"1450 E Lincoln Rd","address2":"","address3":"","city":"Helena","zip_code":"59602","country":"US","state":"MT","display_address":["1450 E Lincoln Rd","Helena, MT 59602"],"cross_streets":""},"name":"Grub-Stake","phone":"+14064589808","photos":["https:\/\/s3-media3.fl.yelpcdn.com\/bphoto\/3SJ4fIouD5U1d_oBKnaENw\/o.jpg","https:\/\/s3-media2.fl.yelpcdn.com\/bphoto\/RxlPcY9EO0r3ozxcp_jz7w\/o.jpg","https:\/\/s3-media4.fl.yelpcdn.com\/bphoto\/WSbr3Z9NxPO6gApRz9MQqQ\/o.jpg"],"price":"$$","rating":3.0,"review_count":44,"transactions":[],"url":"https:\/\/www.yelp.com\/biz\/grub-stake-helena?adjust_creative=3XFlswbSIE7Ti6WzVie74g&utm_campaign=yelp_api_v3&utm_medium=api_v3_business_lookup&utm_source=3XFlswbSIE7Ti6WzVie74g"}
{"alias":"chubbys-bar-and-grill-clancy","categories":[{"alias":"steak","title":"Steakhouses"},{"alias":"bars","title":"Bars"},{"alias":"sandwiches","title":"Sandwiches"}],"coordinates":{"latitude":46.4643630123,"longitude":-111.9858933946},"display_phone":"(406) 933-5547","hours":null,"id":"2tQ7EVONS-ClCtcVYb8luA","image_url":"https:\/\/s3-media1.fl.yelpcdn.com\/bphoto\/3Pj58_CkHYAUVZLcYxOZLQ\/o.jpg","is_claimed":false,"is_closed":false,"location":{"address1":"9 N Main St","address2":"","address3":"","city":"Clancy","zip_code":"59634","country":"US","state":"MT","display_address":["9 N Main St","Clancy, MT 59634"],"cross_streets":""},"name":"Chubby's Bar & Grill","phone":"+14069335547","photos":["https:\/\/s3-media1.fl.yelpcdn.com\/bphoto\/3Pj58_CkHYAUVZLcYxOZLQ\/o.jpg","https:\/\/s3-media2.fl.yelpcdn.com\/bphoto\/uoOher52ZzOWFVCVVQcwhA\/o.jpg","https:\/\/s3-media4.fl.yelpcdn.com\/bphoto\/r_QDXD26ALdnky0ViiiRHA\/o.jpg"],"price":"$$","rating":4.0,"review_count":26,"transactions":[],"url":"https:\/\/www.yelp.com\/biz\/chubbys-bar-and-grill-clancy?adjust_creative=3XFlswbSIE7Ti6WzVie74g&utm_campaign=yelp_api_v3&utm_medium=api_v3_business_lookup&utm_source=3XFlswbSIE7Ti6WzVie74g"}