{"alias":"subway-ithaca-13","categories":[{"alias":"sandwiches","title":"Sandwiches"},{"alias":"hotdogs","title":"Fast Food"}],"coordinates":{"latitude":42.4370576,"longitude":-76.4646974},"display_phone":"(607) 277-7827","hours":[{"open":[{"is_overnight":false,"start":"0700","end":"2100","day":0},{"is_overnight":false,"start":"0700","end":"2130","day":1},{"is_overnight":false,"start":"0700","end":"2100","day":2},{"is_overnight":false,"start":"0700","end":"2130","day":3},{"is_overnight":false,"start":"0700","end":"2130","day":4},{"is_overnight":false,"start":"0800","end":"2130","day":5},{"is_overnight":false,"start":"0800","end":"2100","day":6}],"hours_type":"REGULAR","is_open_now":true}],"id":"J6MITPR20MrZjxQKHuIHIA","image_url":"","is_claimed":false,"is_closed":false,"location":{"address1":"325 Pine Tree Rd","address2":"","address3":"","city":"Ithaca","zip_code":"14850","country":"US","state":"NY","display_address":["325 Pine Tree Rd","Ithaca, NY 14850"],"cross_streets":""},"name":"Subway","phone":"+16072777827","photos":[],"price":null,"rating":1.0,"review_count":5,"transactions":["pickup"],"url":"https:\/\/www.yelp.com\/biz\/subway-ithaca-13?adjust_creative=0jni649dTuZ0usGzzhLUrg&utm_campaign=yelp_api_v3&utm_medium=api_v3_business_lookup&utm_source=0jni649dTuZ0usGzzhLUrg"}
{"alias":"byrne-dairy-canandaigua-2","categories":[{"alias":"convenience","title":"Convenience Stores"},{"alias":"servicestations","title":"Gas Stations"},{"alias":"icecream","title":"Ice Cream & Frozen Yogurt"}],"coordinates":{"latitude":42.88426,"longitude":-77.2898},"display_phone":"(315) 789-0802","hours":[{"open":[{"is_overnight":false,"start":"0600","end":"0000","day":0},{"is_overnight":false,"start":"0600","end":"0000","day":1},{"is_overnight":false,"start":"0600","end":"0000","day":2},{"is_overnight":false,"start":"0600","end":"0000","day":3},{"is_overnight":false,"start":"0600","end":"0000","day":4},{"is_overnight":false,"start":"0600","end":"0000","day":5},{"is_overnight":false,"start":"0600","end":"0000","day":6}],"hours_type":"REGULAR","is_open_now":true}],"id":"R4GefLshiHmdiIH9yM30Kw","image_url":"https:\/\/s3-media2.fl.yelpcdn.com\/bphoto\/_5LOKh5Z00Y13wVWhfhjOA\/o.jpg","is_claimed":false,"is_closed":false,"location":{"address1":"201 West Ave","address2":"","address3":null,"city":"Canandaigua","zip_code":"14424","country":"US","state":"NY","display_address":["201 West Ave","Canandaigua, NY 14424"],"cross_streets":""},"name":"Byrne Dairy","phone":"+13157890802","photos":["https:\/\/s3-media2.fl.yelpcdn.com\/bphoto\/_5LOKh5Z00Y13wVWhfhjOA\/o.jpg","https:\/\/s3-media4.fl.yelpcdn.com\/bphoto\/UakKB4dHKyjDGfzIXeshrA\/o.jpg"],"price":null,"rating":3.5,"review_count":4,"transactions":[],"url":"https:\/\/www.yelp.com\/biz\/byrne-dairy-canandaigua-2?adjust_creative=0jni649dTuZ0usGzzhLUrg&utm_campaign=yelp_api_v3&utm_medium=api_v3_business_lookup&utm_source=0jni649dTuZ0usGzzhLUrg"}
{"alias":"2nd-landing-cafe-ithaca","categories":[{"alias":"delis","title":"Delis"},{"alias":"breakfast_brunch","title":"Breakfast & Brunch"},{"alias":"cafes","title":"Cafes"}],"coordinates":{"latitude":42.4894208461,"longitude":-76.4624974877},"display_phone":"(607) 229-2880","hours":[{"open":[{"is_overnight":false,"start":"0430","end":"1700","day":0},{"is_overnight":false,"start":"0430","end":"1700","day":1},{"is_overnight":false,"start":"0430","end":"1700","day":2},{"is_overnight":false,"start":"0430","end":"1700","day":3},{"is_overnight":false,"start":"0430","end":"1700","day":4},{"is_overnight":false,"start":"0600","end":"1500","day":5},{"is_overnight":false,"start":"0430","end":"1700","day":6}],"hours_type":"REGULAR","is_open_now":false}],"id":"qDaEZVlcsvbqCc9ANRnl4g","image_url":"https:\/\/s3-media4.fl.yelpcdn.com\/bphoto\/dmvmF06FVTbGSizGX4Z-GQ\/o.jpg","is_claimed":true,"is_closed":false,"location":{"address1":"1 Culligan Dr","address2":"","address3":"","city":"Ithaca","zip_code":"14850","country":"US","state":"NY","display_address":["1 Culligan Dr","Ithaca, NY 14850"],"cross_streets":""},"name":"2nd Landing Cafe","phone":"+16072292880","photos":["https:\/\/s3-media4.fl.yelpcdn.com\/bphoto\/dmvmF06FVTbGSizGX4Z-GQ\/o.jpg","https:\/\/s3-media3.fl.yelpcdn.com\/bphoto\/yRYcy4d8FSqnm_WJkFeEgw\/o.jpg"],"price":"$","rating":3.5,"review_count":5,"transactions":[],"url":"https:\/\/www.yelp.com\/biz\/2nd-landing-cafe-ithaca?adjust_creative=0jni649dTuZ0usGzzhLUrg&utm_campaign=yelp_api_v3&utm_medium=api_v3_business_lookup&utm_source=0jni649dTuZ0usGzzhLUrg"}
{"alias":"krispy-krunchy-chicken-ithaca","categories":[{"alias":"chickenshop","title":"Chicken Shop"},{"alias":"hotdogs","title":"Fast Food"},{"alias":"cajun","title":"Cajun\/Creole"}],"coordinates":{"latitude":42.44742,"longitude":-76.50506},"display_phone":"(607) 319-5020","hours":[{"open":[{"is_overnight":false,"start":"1000","end":"1830","day":0},{"is_overnight":false,"start":"1000","end":"1830","day":1},{"is_overnight":false,"start":"1000","end":"1830","day":2},{"is_overnight":false,"start":"1000","end":"1830","day":3},{"is_overnight":false,"start":"1000","end":"1830","day":4},{"is_overnight":false,"start":"1000","end":"1830","day":5},{"is_overnight":false,"start":"1000","end":"1830","day":6}],"hours_type":"REGULAR","is_open_now":true}],"id":"PDNk0BrBzJOzT6X6JwggJQ","image_url":"https:\/\/s3-media1.fl.yelpcdn.com\/bphoto\/_HpJGsOIixH_GvhjPssR6w\/o.jpg","is_claimed":false,"is_closed":false,"location":{"address1":"317 3rd St","address2":"","address3":null,"city":"Ithaca","zip_code":"14853","country":"US","state":"NY","display_address":["317 3rd St","Ithaca, NY 14853"],"cross_streets":""},"name":"Krispy Krunchy Chicken","phone":"+16073195020","photos":["https:\/\/s3-media1.fl.yelpcdn.com\/bphoto\/_HpJGsOIixH_GvhjPssR6w\/o.jpg","https:\/\/s3-media2.fl.yelpcdn.com\/bphoto\/ufW3BN-GrVaI8hvg_YsKyg\/o.jpg"],"price":null,"rating":5.0,"review_count":4,"transactions":[],"url":"https:\/\/www.yelp.com\/biz\/krispy-krunchy-chicken-ithaca?adjust_creative=0jni649dTuZ0usGzzhLUrg&utm_campaign=yelp_api_v3&utm_medium=api_v3_business_lookup&utm_source=0jni649dTuZ0usGzzhLUrg"}
{"alias":"subway-ithaca","categories":[{"alias":"sandwiches","title":"Sandwiches"},{"alias":"hotdogs","title":"Fast Food"}],"coordinates":{"latitude":42.419442,"longitude":-76.519452},"display_phone":"(607) 273-7770","hours":[{"open":[{"is_overnight":false,"start":"0700","end":"2100","day":0},{"is_overnight":false,"start":"0700","end":"2100","day":1},{"is_overnight":false,"start":"0700","end":"2100","day":2},{"is_overnight":false,"start":"0700","end":"2100","day":3},{"is_overnight":false,"start":"0700","end":"2100","day":4},{"is_overnight":false,"start":"0800","end":"2100","day":5},{"is_overnight":false,"start":"0900","end":"2100","day":6}],"hours_type":"REGULAR","is_open_now":true}],"id":"yF8TrnDbnj_6nUZ0Intt3Q","image_url":"","is_claimed":true,"is_closed":false,"location":{"address1":"401 Elmira Rd","address2":"Ste 1","address3":"","city":"Ithaca","zip_code":"14850","country":"US","state":"NY","display_address":["401 Elmira Rd","Ste 1","Ithaca, NY 14850"],"cross_streets":""},"name":"Subway","phone":"+16072737770","photos":[],"price":"$","rating":2.5,"review_count":3,"transactions":[],"url":"https:\/\/www.yelp.com\/biz\/subway-ithaca?adjust_creative=0jni649dTuZ0usGzzhLUrg&utm_campaign=yelp_api_v3&utm_medium=api_v3_business_lookup&utm_source=0jni649dTuZ0usGzzhLUrg"}
{"alias":"subway-ithaca-5","categories":[{"alias":"sandwiches","title":"Sandwiches"},{"alias":"hotdogs","title":"Fast Food"}],"coordinates":{"latitude":42.44178,"longitude":-76.48695},"display_phone":"(607) 256-2222","hours":[{"open":[{"is_overnight":false,"start":"0700","end":"2200","day":0},{"is_overnight":false,"start":"0700","end":"2200","day":1},{"is_overnight":false,"start":"0700","end":"2200","day":2},{"is_overnight":false,"start":"0700","end":"2300","day":3},{"is_overnight":false,"start":"0700","end":"2300","day":4},{"is_overnight":false,"start":"0800","end":"2300","day":5},{"is_overnight":false,"start":"0800","end":"2200","day":6}],"hours_type":"REGULAR","is_open_now":true}],"id":"rFEkPPc0w2Y3Z9sLXWoxdQ","image_url":"","is_claimed":true,"is_closed":false,"location":{"address1":"105 Dryden Rd","address2":null,"address3":null,"city":"Ithaca","zip_code":"14850","country":"US","state":"NY","display_address":["105 Dryden Rd","Ithaca, NY 14850"],"cross_streets":""},"name":"Subway","phone":"+16072562222","photos":[],"price":"$","rating":1.0,"review_count":6,"transactions":["pickup","delivery"],"url":"https:\/\/www.yelp.com\/biz\/subway-ithaca-5?adjust_creative=0jni649dTuZ0usGzzhLUrg&utm_campaign=yelp_api_v3&utm_medium=api_v3_business_lookup&utm_source=0jni649dTuZ0usGzzhLUrg"}
{"alias":"ling-ling-restaurant-ithaca","categories":[{"alias":"restaurants","title":"Restaurants"}],"coordinates":{"latitude":42.42997,"longitude":-76.50691},"display_phone":"(607) 272-0718","hours":null,"id":"81Z-hyEQ3m5s3iNjozHFxw","image_url":"https:\/\/s3-media2.fl.yelpcdn.com\/bphoto\/_dDkReRyxQ4Wi9KEBilx2A\/o.jpg","is_claimed":false,"is_closed":false,"location":{"address1":"222 Elmira Rd","address2":"","address3":"","city":"Ithaca","zip_code":"14850","country":"US","state":"NY","display_address":["222 Elmira Rd","Ithaca, NY 14850"],"cross_streets":""},"name":"Ling Ling Restaurant","phone":"+16072720718","photos":["https:\/\/s3-media2.fl.yelpcdn.com\/bphoto\/_dDkReRyxQ4Wi9KEBilx2A\/o.jpg"],"price":null,"rating":3.5,"review_count":13,"transactions":["pickup"],"url":"https:\/\/www.yelp.com\/biz\/ling-ling-restaurant-ithaca?adjust_creative=0jni649dTuZ0usGzzhLUrg&utm_campaign=yelp_api_v3&utm_medium=api_v3_business_lookup&utm_source=0jni649dTuZ0usGzzhLUrg"}
{"alias":"ithaca-to-go-ithaca","categories":[{"alias":"fooddeliveryservices","title":"Food Delivery Services"}],"coordinates":{"latitude":42.4391298,"longitude":-76.515105},"display_phone":"(607) 216-9310","hours":[{"open":[{"is_overnight":false,"start":"1100","end":"2300","day":0},{"is_overnight":false,"start":"1100","end":"2300","day":1},{"is_overnight":false,"start":"1100","end":"2300","day":2},{"is_overnight":false,"start":"1100","end":"2300","day":3},{"is_overnight":false,"start":"1100","end":"0000","day":4},{"is_overnight":false,"start":"0900","end":"0000","day":5},{"is_overnight":false,"start":"0900","end":"2300","day":6}],"hours_type":"REGULAR","is_open_now":true}],"id":"uPvM9by48kKU_070aZTioQ","image_url":"https:\/\/s3-media1.fl.yelpcdn.com\/bphoto\/sBEaqzKHN0wHzSk_dg-Ouw\/o.jpg","is_claimed":true,"is_closed":false,"location":{"address1":null,"address2":null,"address3":"","city":"Ithaca","zip_code":"14850","country":"US","state":"NY","display_address":["Ithaca, NY 14850"],"cross_streets":""},"name":"Ithaca To Go","phone":"+16072169310","photos":["https:\/\/s3-media1.fl.yelpcdn.com\/bphoto\/sBEaqzKHN0wHzSk_dg-Ouw\/o.jpg","https:\/\/s3-media1.fl.yelpcdn.com\/bphoto\/tqShjHSBCPT9PiiySdSLEQ\/o.jpg","https:\/\/s3-media2.fl.yelpcdn.com\/bphoto\/Fukm1PHIqJmPota7-hGBjQ\/o.jpg"],"price":"$$","rating":2.5,"review_count":19,"transactions":[],"url":"https:\/\/www.yelp.com\/biz\/ithaca-to-go-ithaca?adjust_creative=0jni649dTuZ0usGzzhLUrg&utm_campaign=yelp_api_v3&utm_medium=api_v3_business_lookup&utm_source=0jni649dTuZ0usGzzhLUrg"}
{"alias":"macro-mamas-ithaca","categories":[{"alias":"catering","title":"Caterers"}],"coordinates":{"latitude":42.4503956001,"longitude":-76.5095752594},"display_phone":"(607) 387-9111","hours":null,"id":"OqjZvcPIUQb7AkDGDe6qeg","image_url":"https:\/\/s3-media1.fl.yelpcdn.com\/bphoto\/AI8dB56U7-7R5GeyjzJ22A\/o.jpg","is_claimed":false,"is_closed":false,"location":{"address1":"Farmer's Market","address2":"","address3":"","city":"Ithaca","zip_code":"14850","country":"US","state":"NY","display_address":["Farmer's Market","Ithaca, NY 14850"],"cross_streets":""},"name":"Macro Mama's","phone":"+16073879111","photos":["https:\/\/s3-media1.fl.yelpcdn.com\/bphoto\/AI8dB56U7-7R5GeyjzJ22A\/o.jpg","https:\/\/s3-media2.fl.yelpcdn.com\/bphoto\/atR_yTlYLLkilqDFo_93pw\/o.jpg"],"price":null,"rating":4.5,"review_count":6,"transactions":[],"url":"https:\/\/www.yelp.com\/biz\/macro-mamas-ithaca?adjust_creative=0jni649dTuZ0usGzzhLUrg&utm_campaign=yelp_api_v3&utm_medium=api_v3_business_lookup&utm_source=0jni649dTuZ0usGzzhLUrg"}
{"alias":"flying-pig-roast-syracuse","categories":[{"alias":"catering","title":"Caterers"},{"alias":"wedding_planning","title":"Wedding Planning"}],"coordinates":{"latitude":43.0502815247,"longitude":-76.1473770142},"display_phone":"(315) 703-3030","hours":[{"open":[{"is_overnight":false,"start":"1000","end":"2200","day":0},{"is_overnight":false,"start":"1000","end":"2200","day":1},{"is_overnight":false,"start":"1000","end":"2200","day":2},{"is_overnight":false,"start":"1000","end":"2200","day":3},{"is_overnight":false,"start":"0900","end":"2300","day":4},{"is_overnight":false,"start":"0900","end":"2300","day":5},{"is_overnight":false,"start":"1100","end":"2100","day":6}],"hours_type":"REGULAR","is_open_now":true}],"id":"IEc4R932gCt8HnQ6Nz9e9Q","image_url":"https:\/\/s3-media1.fl.yelpcdn.com\/bphoto\/0f_T2esf4_zzq0csIppHQQ\/o.jpg","is_claimed":true,"is_closed":false,"location":{"address1":"","address2":"","address3":"","city":"Syracuse","zip_code":"13088","country":"US","state":"NY","display_address":["Syracuse, NY 13088"],"cross_streets":""},"name":"Flying Pig Roast","phone":"+13157033030","photos":["https:\/\/s3-media1.fl.yelpcdn.com\/bphoto\/0f_T2esf4_zzq0csIppHQQ\/o.jpg","https:\/\/s3-media3.fl.yelpcdn.com\/bphoto\/dY03mMC8aW7dG4r4rWx9RQ\/o.jpg","https:\/\/s3-media3.fl.yelpcdn.com\/bphoto\/UYxo2dKP-VPp_wsqy5FeAg\/o.jpg"],"price":null,"rating":5.0,"review_count":3,"transactions":[],"url":"https:\/\/www.yelp.com\/biz\/flying-pig-roast-syracuse?adjust_creative=0jni649dTuZ0usGzzhLUrg&utm_campaign=yelp_api_v3&utm_medium=api_v3_business_lookup&utm_source=0jni649dTuZ0usGzzhLUrg"}
{"alias":"indian-creek-farm-ithaca","categories":[{"alias":"markets","title":"Fruits & Veggies"},{"alias":"farmersmarket","title":"Farmers Market"}],"coordinates":{"latitude":42.4714108343,"longitude":-76.548524709},"display_phone":"(607) 227-8248","hours":[{"open":[{"is_overnight":false,"start":"0800","end":"1700","day":0},{"is_overnight":false,"start":"0800","end":"1700","day":1},{"is_overnight":false,"start":"0800","end":"1700","day":2},{"is_overnight":false,"start":"0800","end":"1700","day":3},{"is_overnight":false,"start":"0800","end":"1700","day":4},{"is_overnight":false,"start":"0800","end":"1700","day":5},{"is_overnight":false,"start":"0800","end":"1700","day":6}],"hours_type":"REGULAR","is_open_now":false}],"id":"RvT1fRZIyEBeeUX_0MN2nQ","image_url":"https:\/\/s3-media1.fl.yelpcdn.com\/bphoto\/9aSGVchdymMqmg_fWmX-Qw\/o.jpg","is_claimed":true,"is_closed":false,"location":{"address1":"1408 Trumansburg Rd","address2":"","address3":"","city":"Ithaca","zip_code":"14850","country":"US","state":"NY","display_address":["1408 Trumansburg Rd","Ithaca, NY 14850"],"cross_streets":""},"name":"Indian Creek Farm","phone":"+16072278248","photos":["https:\/\/s3-media1.fl.yelpcdn.com\/bphoto\/9aSGVchdymMqmg_fWmX-Qw\/o.jpg","https:\/\/s3-media2.fl.yelpcdn.com\/bphoto\/8V_CNPmKv6cdYq-fZyGkqQ\/o.jpg","https:\/\/s3-media4.fl.yelpcdn.com\/bphoto\/40PnET2mWVMuBE06Z5gYNw\/o.jpg"],"price":"$","rating":4.5,"review_count":17,"transactions":[],"url":"https:\/\/www.yelp.com\/biz\/indian-creek-farm-ithaca?adjust_creative=0jni649dTuZ0usGzzhLUrg&utm_campaign=yelp_api_v3&utm_medium=api_v3_business_lookup&utm_source=0jni649dTuZ0usGzzhLUrg"}
{"alias":"dunkin-donuts-ithaca","categories":[{"alias":"coffee","title":"Coffee & Tea"},{"alias":"donuts","title":"Donuts"}],"coordinates":{"latitude":42.43809,"longitude":-76.50785},"display_phone":"(607) 272-3619","hours":[{"open":[{"is_overnight":false,"start":"0500","end":"0000","day":0},{"is_overnight":false,"start":"0500","end":"0000","day":1},{"is_overnight":false,"start":"0500","end":"0000","day":2},{"is_overnight":false,"start":"0500","end":"0000","day":3},{"is_overnight":false,"start":"0500","end":"0000","day":4},{"is_overnight":false,"start":"0500","end":"0000","day":5},{"is_overnight":false,"start":"0500","end":"0000","day":6}],"hours_type":"REGULAR","is_open_now":true}],"id":"eAZ6O8mY7_iH5i6njXVWnA","image_url":"https:\/\/s3-media2.fl.yelpcdn.com\/bphoto\/rH5XOLHPXadgnrC1egkuwg\/o.jpg","is_claimed":false,"is_closed":false,"location":{"address1":"205 S Meadow St","address2":"","address3":"","city":"Ithaca","zip_code":"14850","country":"US","state":"NY","display_address":["205 S Meadow St","Ithaca, NY 14850"],"cross_streets":""},"name":"Dunkin' Donuts","phone":"+16072723619","photos":["https:\/\/s3-media2.fl.yelpcdn.com\/bphoto\/rH5XOLHPXadgnrC1egkuwg\/o.jpg"],"price":"$$","rating":2.0,"review_count":11,"transactions":[],"url":"https:\/\/www.yelp.com\/biz\/dunkin-donuts-ithaca?adjust_creative=0jni649dTuZ0usGzzhLUrg&utm_campaign=yelp_api_v3&utm_medium=api_v3_business_lookup&utm_source=0jni649dTuZ0usGzzhLUrg"}
{"alias":"dunkin-donuts-ithaca-2","categories":[{"alias":"coffee","title":"Coffee & Tea"},{"alias":"donuts","title":"Donuts"}],"coordinates":{"latitude":42.4182021,"longitude":-76.5222352},"display_phone":"(607) 379-6269","hours":[{"open":[{"is_overnight":false,"start":"0400","end":"2300","day":0},{"is_overnight":false,"start":"0400","end":"2300","day":1},{"is_overnight":false,"start":"0400","end":"2300","day":2},{"is_overnight":false,"start":"0400","end":"2300","day":3},{"is_overnight":false,"start":"0400","end":"2300","day":4},{"is_overnight":false,"start":"0400","end":"2300","day":5},{"is_overnight":false,"start":"0400","end":"2300","day":6}],"hours_type":"REGULAR","is_open_now":true}],"id":"dMvR-khu_DdQ1cLP6x9Spw","image_url":"","is_claimed":false,"is_closed":false,"location":{"address1":"408 Elmira Rd","address2":"Ste 200","address3":"","city":"Ithaca","zip_code":"14850","country":"US","state":"NY","display_address":["408 Elmira Rd","Ste 200","Ithaca, NY 14850"],"cross_streets":""},"name":"Dunkin' Donuts","phone":"+16073796269","photos":[],"price":"$","rating":2.5,"review_count":7,"transactions":[],"url":"https:\/\/www.yelp.com\/biz\/dunkin-donuts-ithaca-2?adjust_creative=0jni649dTuZ0usGzzhLUrg&utm_campaign=yelp_api_v3&utm_medium=api_v3_business_lookup&utm_source=0jni649dTuZ0usGzzhLUrg"}
{"alias":"big-als-hilltop-quikstop-ithaca","categories":[{"alias":"pizza","title":"Pizza"}],"coordinates":{"latitude":42.40686,"longitude":-76.50242},"display_phone":"(607) 272-3448","hours":null,"id":"2yB1wx6AHtTyOcR-J4rTyw","image_url":"","is_claimed":false,"is_closed":false,"location":{"address1":"1103 Danby Rd","address2":"","address3":"","city":"Ithaca","zip_code":"14850","country":"US","state":"NY","display_address":["1103 Danby Rd","Ithaca, NY 14850"],"cross_streets":""},"name":"Big Al's Hilltop Quikstop","phone":"+16072723448","photos":[],"price":null,"rating":3.0,"review_count":3,"transactions":[],"url":"https:\/\/www.yelp.com\/biz\/big-als-hilltop-quikstop-ithaca?adjust_creative=0jni649dTuZ0usGzzhLUrg&utm_campaign=yelp_api_v3&utm_medium=api_v3_business_lookup&utm_source=0jni649dTuZ0usGzzhLUrg"}
{"alias":"pinkies-bbq-binghamton","categories":[{"alias":"bbq","title":"Barbeque"}],"coordinates":{"latitude":42.15215,"longitude":-75.89767},"display_phone":"","hours":null,"id":"ag4q579Ux5KRHy4UfDsTKw","image_url":"https:\/\/s3-media1.fl.yelpcdn.com\/bphoto\/3Wn14_yaD0890jPJ4zhdSA\/o.jpg","is_claimed":false,"is_closed":false,"location":{"address1":"1168 Front St","address2":"","address3":null,"city":"Binghamton","zip_code":"13905","country":"US","state":"NY","display_address":["1168 Front St","Binghamton, NY 13905"],"cross_streets":""},"name":"Pinkies BBQ","phone":"","photos":["https:\/\/s3-media1.fl.yelpcdn.com\/bphoto\/3Wn14_yaD0890jPJ4zhdSA\/o.jpg","https:\/\/s3-media3.fl.yelpcdn.com\/bphoto\/_6PwOuk4gCSLLl090EDR2w\/o.jpg","https:\/\/s3-media1.fl.yelpcdn.com\/bphoto\/8OlH34XIpnai8Sompp-UPA\/o.jpg"],"price":"$$","rating":4.5,"review_count":24,"transactions":[],"url":"https:\/\/www.yelp.com\/biz\/pinkies-bbq-binghamton?adjust_creative=0jni649dTuZ0usGzzhLUrg&utm_campaign=yelp_api_v3&utm_medium=api_v3_business_lookup&utm_source=0jni649dTuZ0usGzzhLUrg"}
{"alias":"press-cafe-ithaca","categories":[{"alias":"cafes","title":"Cafes"}],"coordinates":{"latitude":42.43884,"longitude":-76.50004},"display_phone":"","hours":[{"open":[{"is_overnight":false,"start":"0800","end":"1900","day":0},{"is_overnight":false,"start":"0800","end":"1900","day":1},{"is_overnight":false,"start":"0800","end":"1900","day":2},{"is_overnight":false,"start":"0800","end":"1900","day":3},{"is_overnight":false,"start":"0800","end":"1900","day":4},{"is_overnight":false,"start":"0900","end":"1900","day":5},{"is_overnight":false,"start":"0900","end":"1700","day":6}],"hours_type":"REGULAR","is_open_now":true}],"id":"_ujmzDTlKMtlnSgZ-nS-9Q","image_url":"https:\/\/s3-media2.fl.yelpcdn.com\/bphoto\/2YePuG2MypXUSXdHUzzKaw\/o.jpg","is_claimed":true,"is_closed":false,"location":{"address1":"118 W Green St","address2":"Ste 1","address3":"","city":"Ithaca","zip_code":"14850","country":"US","state":"NY","display_address":["118 W Green St","Ste 1","Ithaca, NY 14850"],"cross_streets":""},"name":"Press Cafe","phone":"","photos":["https:\/\/s3-media2.fl.yelpcdn.com\/bphoto\/2YePuG2MypXUSXdHUzzKaw\/o.jpg","https:\/\/s3-media2.fl.yelpcdn.com\/bphoto\/XUqluSHvNngqqo7UNTdD-w\/o.jpg","https:\/\/s3-media4.fl.yelpcdn.com\/bphoto\/ry40zDp_OJLQzC0Joc9QTA\/o.jpg"],"price":"$","rating":4.0,"review_count":25,"transactions":[],"url":"https:\/\/www.yelp.com\/biz\/press-cafe-ithaca?adjust_creative=0jni649dTuZ0usGzzhLUrg&utm_campaign=yelp_api_v3&utm_medium=api_v3_business_lookup&utm_source=0jni649dTuZ0usGzzhLUrg"}
{"alias":"chatty-cathy-ithaca","categories":[{"alias":"coffee","title":"Coffee & Tea"},{"alias":"juicebars","title":"Juice Bars & Smoothies"},{"alias":"acaibowls","title":"Acai Bowls"}],"coordinates":{"latitude":42.44163,"longitude":-76.48724},"display_phone":"(607) 319-4176","hours":[{"open":[{"is_overnight":false,"start":"0900","end":"1800","day":0},{"is_overnight":false,"start":"0900","end":"1800","day":1},{"is_overnight":false,"start":"0900","end":"1800","day":2},{"is_overnight":false,"start":"0900","end":"1800","day":3},{"is_overnight":false,"start":"0900","end":"1800","day":4},{"is_overnight":false,"start":"0900","end":"1800","day":5},{"is_overnight":false,"start":"0900","end":"1700","day":6}],"hours_type":"REGULAR","is_open_now":true}],"id":"i6TQnb0UI5N65RbM7NId-g","image_url":"https:\/\/s3-media1.fl.yelpcdn.com\/bphoto\/gKVHjvNTThYAUt_EvWm1jw\/o.jpg","is_claimed":true,"is_closed":false,"location":{"address1":"327 Eddy St","address2":null,"address3":"","city":"Ithaca","zip_code":"14850","country":"US","state":"NY","display_address":["327 Eddy St","Ithaca, NY 14850"],"cross_streets":""},"name":"Chatty Cathy","phone":"+16073194176","photos":["https:\/\/s3-media1.fl.yelpcdn.com\/bphoto\/gKVHjvNTThYAUt_EvWm1jw\/o.jpg","https:\/\/s3-media2.fl.yelpcdn.com\/bphoto\/VMA79m9V2XDDuzjvGTtR4A\/o.jpg","https:\/\/s3-media2.fl.yelpcdn.com\/bphoto\/fPPC6xaIeactDmuSmvTN3w\/o.jpg"],"price":"$$","rating":4.5,"review_count":39,"transactions":[],"url":"https:\/\/www.yelp.com\/biz\/chatty-cathy-ithaca?adjust_creative=0jni649dTuZ0usGzzhLUrg&utm_campaign=yelp_api_v3&utm_medium=api_v3_business_lookup&utm_source=0jni649dTuZ0usGzzhLUrg"}
{"alias":"sunny-days-ithaca-2","categories":[{"alias":"giftshops","title":"Gift Shops"},{"alias":"souvenirs","title":"Souvenir Shops"},{"alias":"gourmet","title":"Specialty Food"}],"coordinates":{"latitude":42.4387480878,"longitude":-76.4988501472},"display_phone":"(607) 319-5260","hours":[{"open":[{"is_overnight":false,"start":"1000","end":"2000","day":0},{"is_overnight":false,"start":"1000","end":"2000","day":1},{"is_overnight":false,"start":"1000","end":"2000","day":2},{"is_overnight":false,"start":"1000","end":"2000","day":3},{"is_overnight":false,"start":"1000","end":"2200","day":4},{"is_overnight":false,"start":"1000","end":"2200","day":5},{"is_overnight":false,"start":"1000","end":"2000","day":6}],"hours_type":"REGULAR","is_open_now":true}],"id":"vXwTHb4ejO5Jm-FEhPjtnw","image_url":"https:\/\/s3-media4.fl.yelpcdn.com\/bphoto\/alqgbwaDRfq46Bp0bV8vpw\/o.jpg","is_claimed":true,"is_closed":false,"location":{"address1":"123 S Cayuga St","address2":"","address3":"","city":"Ithaca","zip_code":"14850","country":"US","state":"NY","display_address":["123 S Cayuga St","Ithaca, NY 14850"],"cross_streets":""},"name":"Sunny Days","phone":"+16073195260","photos":["https:\/\/s3-media4.fl.yelpcdn.com\/bphoto\/alqgbwaDRfq46Bp0bV8vpw\/o.jpg","https:\/\/s3-media2.fl.yelpcdn.com\/bphoto\/KcDfyPZ5p0LRuvk_Fyt6DA\/o.jpg","https:\/\/s3-media3.fl.yelpcdn.com\/bphoto\/GKPKFs2XJaA6ANiRZl5u5g\/o.jpg"],"price":"$$","rating":5.0,"review_count":15,"transactions":[],"url":"https:\/\/www.yelp.com\/biz\/sunny-days-ithaca-2?adjust_creative=0jni649dTuZ0usGzzhLUrg&utm_campaign=yelp_api_v3&utm_medium=api_v3_business_lookup&utm_source=0jni649dTuZ0usGzzhLUrg"}
{"alias":"7-eleven-ithaca","categories":[{"alias":"convenience","title":"Convenience Stores"},{"alias":"coffee","title":"Coffee & Tea"}],"coordinates":{"latitude":42.4421562,"longitude":-76.4851184},"display_phone":"(607) 256-9672","hours":[{"open":[{"is_overnight":true,"start":"0000","end":"0000","day":0},{"is_overnight":true,"start":"0000","end":"0000","day":1},{"is_overnight":true,"start":"0000","end":"0000","day":2},{"is_overnight":true,"start":"0000","end":"0000","day":3},{"is_overnight":true,"start":"0000","end":"0000","day":4},{"is_overnight":true,"start":"0000","end":"0000","day":5},{"is_overnight":true,"start":"0000","end":"0000","day":6}],"hours_type":"REGULAR","is_open_now":true}],"id":"BkwCUXtSxf_oW1Q6rJce-g","image_url":"https:\/\/s3-media3.fl.yelpcdn.com\/bphoto\/CH0N9aS6jhqqd_p9lRheIg\/o.jpg","is_claimed":true,"is_closed":false,"location":{"address1":"409 College Ave","address2":"","address3":"","city":"Ithaca","zip_code":"14850","country":"US","state":"NY","display_address":["409 College Ave","Ithaca, NY 14850"],"cross_streets":""},"name":"7-Eleven","phone":"+16072569672","photos":["https:\/\/s3-media3.fl.yelpcdn.com\/bphoto\/CH0N9aS6jhqqd_p9lRheIg\/o.jpg","https:\/\/s3-media2.fl.yelpcdn.com\/bphoto\/P7gWNe8jVCJ-SyE_pru9mQ\/o.jpg","https:\/\/s3-media3.fl.yelpcdn.com\/bphoto\/OtRXsGP-S_MxPpUuEcgjBQ\/o.jpg"],"price":"$","rating":2.0,"review_count":3,"transactions":[],"url":"https:\/\/www.yelp.com\/biz\/7-eleven-ithaca?adjust_creative=0jni649dTuZ0usGzzhLUrg&utm_campaign=yelp_api_v3&utm_medium=api_v3_business_lookup&utm_source=0jni649dTuZ0usGzzhLUrg"}
{"alias":"green-castle-asian-market-ithaca-8","categories":[{"alias":"intlgrocery","title":"International Grocery"},{"alias":"catering","title":"Caterers"},{"alias":"gourmet","title":"Specialty Food"}],"coordinates":{"latitude":42.44156,"longitude":-76.48726},"display_phone":"(607) 273-7611","hours":[{"open":[{"is_overnight":false,"start":"1200","end":"2000","day":0},{"is_overnight":false,"start":"1200","end":"2000","day":1},{"is_overnight":false,"start":"1200","end":"2000","day":2},{"is_overnight":false,"start":"1200","end":"2000","day":3},{"is_overnight":false,"start":"1200","end":"2000","day":4},{"is_overnight":false,"start":"1200","end":"2000","day":5}],"hours_type":"REGULAR","is_open_now":true}],"id":"urPsinII1A2PzFHm_lsbVw","image_url":"https:\/\/s3-media2.fl.yelpcdn.com\/bphoto\/do8yrb5WjeLP78Knf-Rftw\/o.jpg","is_claimed":true,"is_closed":false,"location":{"address1":"321 Eddy St","address2":"","address3":"","city":"Ithaca","zip_code":"14850","country":"US","state":"NY","display_address":["321 Eddy St","Ithaca, NY 14850"],"cross_streets":""},"name":"Green Castle Asian Market","phone":"+16072737611","photos":["https:\/\/s3-media2.fl.yelpcdn.com\/bphoto\/do8yrb5WjeLP78Knf-Rftw\/o.jpg","https:\/\/s3-media3.fl.yelpcdn.com\/bphoto\/r329SeXDTncf0bTB1ULiVg\/o.jpg","https:\/\/s3-media3.fl.yelpcdn.com\/bphoto\/Gc2mkAlQkOiaXOrMUXrO6Q\/o.jpg"],"price":null,"rating":4.0,"review_count":5,"transactions":[],"url":"https:\/\/www.yelp.com\/biz\/green-castle-asian-market-ithaca-8?adjust_creative=0jni649dTuZ0usGzzhLUrg&utm_campaign=yelp_api_v3&utm_medium=api_v3_business_lookup&utm_source=0jni649dTuZ0usGzzhLUrg"}
{"alias":"starbucks-ithaca-3","categories":[{"alias":"coffee","title":"Coffee & Tea"}],"coordinates":{"latitude":42.483772,"longitude":-76.48738},"display_phone":"(607) 257-3387","hours":[{"open":[{"is_overnight":false,"start":"0800","end":"2100","day":0},{"is_overnight":false,"start":"0800","end":"2100","day":1},{"is_overnight":false,"start":"0800","end":"2100","day":2},{"is_overnight":false,"start":"0800","end":"2100","day":3},{"is_overnight":false,"start":"0800","end":"2100","day":4},{"is_overnight":false,"start":"0800","end":"2000","day":5},{"is_overnight":false,"start":"0800","end":"2100","day":6}],"hours_type":"REGULAR","is_open_now":true}],"id":"4o6B9KEbFg3p8lbpnBUVRQ","image_url":"https:\/\/s3-media1.fl.yelpcdn.com\/bphoto\/37mUFiMcaUkhqnF214XFbw\/o.jpg","is_claimed":true,"is_closed":false,"location":{"address1":"40 Catherwood Rd","address2":"","address3":"Target","city":"Ithaca","zip_code":"14850","country":"US","state":"NY","display_address":["40 Catherwood Rd","Target","Ithaca, NY 14850"],"cross_streets":""},"name":"Starbucks","phone":"+16072573387","photos":["https:\/\/s3-media1.fl.yelpcdn.com\/bphoto\/37mUFiMcaUkhqnF214XFbw\/o.jpg","https:\/\/s3-media2.fl.yelpcdn.com\/bphoto\/SPAMzTTqFT9MUGY_GfE64Q\/o.jpg","https:\/\/s3-media2.fl.yelpcdn.com\/bphoto\/rRjrdKxjHJA2x8i8o9N32g\/o.jpg"],"price":"$$","rating":2.5,"review_count":4,"transactions":[],"url":"https:\/\/www.yelp.com\/biz\/starbucks-ithaca-3?adjust_creative=0jni649dTuZ0usGzzhLUrg&utm_campaign=yelp_api_v3&utm_medium=api_v3_business_lookup&utm_source=0jni649dTuZ0usGzzhLUrg"}
{"alias":"green-castle-asian-market-ithaca","categories":[{"alias":"gourmet","title":"Specialty Food"},{"alias":"intlgrocery","title":"International Grocery"},{"alias":"catering","title":"Caterers"}],"coordinates":{"latitude":42.4800456759,"longitude":-76.4811503135},"display_phone":"(607) 266-7879","hours":[{"open":[{"is_overnight":false,"start":"1030","end":"2000","day":0},{"is_overnight":false,"start":"1030","end":"2000","day":1},{"is_overnight":false,"start":"1030","end":"2000","day":2},{"is_overnight":false,"start":"1030","end":"2000","day":3},{"is_overnight":false,"start":"1030","end":"2000","day":4},{"is_overnight":false,"start":"1030","end":"2000","day":5},{"is_overnight":false,"start":"1230","end":"1900","day":6}],"hours_type":"REGULAR","is_open_now":true}],"id":"4Gzv_B96ssWG6OO5V5Bwtg","image_url":"https:\/\/s3-media3.fl.yelpcdn.com\/bphoto\/ZXeakMxsrdU60lu5mha0kQ\/o.jpg","is_claimed":true,"is_closed":false,"location":{"address1":"2255 N Triphammer Rd","address2":"","address3":"","city":"Ithaca","zip_code":"14850","country":"US","state":"NY","display_address":["2255 N Triphammer Rd","Ithaca, NY 14850"],"cross_streets":""},"name":"Green Castle Asian Market","phone":"+16072667879","photos":["https:\/\/s3-media3.fl.yelpcdn.com\/bphoto\/ZXeakMxsrdU60lu5mha0kQ\/o.jpg","https:\/\/s3-media4.fl.yelpcdn.com\/bphoto\/_Ui1FS5IvdzznRaZyWOzpQ\/o.jpg","https:\/\/s3-media4.fl.yelpcdn.com\/bphoto\/3jpTQ-TTv73QJ3NtRdAaeA\/o.jpg"],"price":"$$","rating":4.0,"review_count":8,"transactions":[],"url":"https:\/\/www.yelp.com\/biz\/green-castle-asian-market-ithaca?adjust_creative=0jni649dTuZ0usGzzhLUrg&utm_campaign=yelp_api_v3&utm_medium=api_v3_business_lookup&utm_source=0jni649dTuZ0usGzzhLUrg"}
{"alias":"cornell-orchards-ithaca","categories":[{"alias":"markets","title":"Fruits & Veggies"},{"alias":"farmersmarket","title":"Farmers Market"}],"coordinates":{"latitude":42.4468021,"longitude":-76.4597284},"display_phone":"(607) 255-4542","hours":[{"open":[{"is_overnight":false,"start":"1000","end":"1800","day":0},{"is_overnight":false,"start":"1000","end":"1800","day":1},{"is_overnight":false,"start":"1000","end":"1800","day":2},{"is_overnight":false,"start":"1000","end":"1800","day":3},{"is_overnight":false,"start":"1000","end":"1800","day":4},{"is_overnight":false,"start":"1100","end":"1700","day":5},{"is_overnight":false,"start":"1100","end":"1700","day":6}],"hours_type":"REGULAR","is_open_now":true}],"id":"pow4nSYu60xDY-jtC_rOgQ","image_url":"https:\/\/s3-media4.fl.yelpcdn.com\/bphoto\/ufDjafZa8FwHB2vpqAhdSg\/o.jpg","is_claimed":true,"is_closed":false,"location":{"address1":"709 Dryden Rd","address2":"","address3":"","city":"Ithaca","zip_code":"14850","country":"US","state":"NY","display_address":["709 Dryden Rd","Ithaca, NY 14850"],"cross_streets":""},"name":"Cornell Orchards","phone":"+16072554542","photos":["https:\/\/s3-media4.fl.yelpcdn.com\/bphoto\/ufDjafZa8FwHB2vpqAhdSg\/o.jpg","https:\/\/s3-media2.fl.yelpcdn.com\/bphoto\/3GiVRYdXyRXKR-FFwo19Gg\/o.jpg","https:\/\/s3-media2.fl.yelpcdn.com\/bphoto\/sbJnWMy8cRL9QBKCh2hj8A\/o.jpg"],"price":"$","rating":4.0,"review_count":14,"transactions":[],"url":"https:\/\/www.yelp.com\/biz\/cornell-orchards-ithaca?adjust_creative=0jni649dTuZ0usGzzhLUrg&utm_campaign=yelp_api_v3&utm_medium=api_v3_business_lookup&utm_source=0jni649dTuZ0usGzzhLUrg"}
{"alias":"the-loft-ithaca","categories":[{"alias":"bars","title":"Bars"}],"coordinates":{"latitude":42.4418159486,"longitude":-76.4896140742},"display_phone":"(607) 645-0152","hours":[{"open":[{"is_overnight":false,"start":"1630","end":"2300","day":2},{"is_overnight":false,"start":"1630","end":"2300","day":3},{"is_overnight":false,"start":"1630","end":"0000","day":4},{"is_overnight":false,"start":"1630","end":"0000","day":5}],"hours_type":"REGULAR","is_open_now":true}],"id":"2zpObYpke5VlgflNn-mYEg","image_url":"https:\/\/s3-media4.fl.yelpcdn.com\/bphoto\/xlA82ezXzu8V94-b2vLJ2A\/o.jpg","is_claimed":true,"is_closed":false,"location":{"address1":"305 Stewart Ave","address2":"Fl 2","address3":null,"city":"Ithaca","zip_code":"14850","country":"US","state":"NY","display_address":["305 Stewart Ave","Fl 2","Ithaca, NY 14850"],"cross_streets":""},"name":"The Loft","phone":"+16076450152","photos":["https:\/\/s3-media4.fl.yelpcdn.com\/bphoto\/xlA82ezXzu8V94-b2vLJ2A\/o.jpg","https:\/\/s3-media2.fl.yelpcdn.com\/bphoto\/fT6Khf6U5T0i0Pg95Wmj8g\/o.jpg","https:\/\/s3-media1.fl.yelpcdn.com\/bphoto\/3KhmfFp8Vh2Mt4yA7RW62w\/o.jpg"],"price":null,"rating":4.5,"review_count":11,"transactions":[],"url":"https:\/\/www.yelp.com\/biz\/the-loft-ithaca?adjust_creative=0jni649dTuZ0usGzzhLUrg&utm_campaign=yelp_api_v3&utm_medium=api_v3_business_lookup&utm_source=0jni649dTuZ0usGzzhLUrg"}
{"alias":"bar-argos-ithaca","categories":[{"alias":"cocktailbars","title":"Cocktail Bars"}],"coordinates":{"latitude":42.4397202,"longitude":-76.4930573},"display_phone":"(607) 319-4437","hours":[{"open":[{"is_overnight":false,"start":"1600","end":"2200","day":0},{"is_overnight":false,"start":"1600","end":"2200","day":1},{"is_overnight":false,"start":"1600","end":"2200","day":2},{"is_overnight":false,"start":"1600","end":"2200","day":3},{"is_overnight":false,"start":"1600","end":"2200","day":4},{"is_overnight":false,"start":"1600","end":"2200","day":5},{"is_overnight":false,"start":"1600","end":"2200","day":6}],"hours_type":"REGULAR","is_open_now":true}],"id":"cnH0qX1HOrksbwLOEWl7Gg","image_url":"https:\/\/s3-media1.fl.yelpcdn.com\/bphoto\/kAUf2dgjDKjZdnyEJ_Fxag\/o.jpg","is_claimed":true,"is_closed":false,"location":{"address1":"408 E State St","address2":"","address3":"Argos Inn","city":"Ithaca","zip_code":"14850","country":"US","state":"NY","display_address":["408 E State St","Argos Inn","Ithaca, NY 14850"],"cross_streets":""},"name":"Bar Argos","phone":"+16073194437","photos":["https:\/\/s3-media1.fl.yelpcdn.com\/bphoto\/kAUf2dgjDKjZdnyEJ_Fxag\/o.jpg","https:\/\/s3-media1.fl.yelpcdn.com\/bphoto\/PeImgi5PEAyUyH2SjfKTkQ\/o.jpg","https:\/\/s3-media2.fl.yelpcdn.com\/bphoto\/w6JUvt8e8Z4AmL2-p1X8nQ\/o.jpg"],"price":"$$","rating":4.0,"review_count":51,"transactions":[],"url":"https:\/\/www.yelp.com\/biz\/bar-argos-ithaca?adjust_creative=0jni649dTuZ0usGzzhLUrg&utm_campaign=yelp_api_v3&utm_medium=api_v3_business_lookup&utm_source=0jni649dTuZ0usGzzhLUrg"}
{"alias":"fall-creek-house-ithaca","categories":[{"alias":"divebars","title":"Dive Bars"}],"coordinates":{"latitude":42.4527,"longitude":-76.49496},"display_phone":"(607) 277-4112","hours":[{"open":[{"is_overnight":true,"start":"1000","end":"0030","day":0},{"is_overnight":true,"start":"1000","end":"0030","day":1},{"is_overnight":true,"start":"1000","end":"0030","day":2},{"is_overnight":true,"start":"1000","end":"0030","day":3},{"is_overnight":true,"start":"1000","end":"0100","day":4},{"is_overnight":true,"start":"1000","end":"0100","day":5},{"is_overnight":true,"start":"1200","end":"0030","day":6}],"hours_type":"REGULAR","is_open_now":true}],"id":"sBlXj41G7RPtFYCfnOlD0g","image_url":"https:\/\/s3-media4.fl.yelpcdn.com\/bphoto\/Uj125oEnDtR6j531JsDXdg\/o.jpg","is_claimed":true,"is_closed":false,"location":{"address1":"302 Lake St","address2":"","address3":"","city":"Ithaca","zip_code":"14850","country":"US","state":"NY","display_address":["302 Lake St","Ithaca, NY 14850"],"cross_streets":""},"name":"Fall Creek House","phone":"+16072774112","photos":["https:\/\/s3-media4.fl.yelpcdn.com\/bphoto\/Uj125oEnDtR6j531JsDXdg\/o.jpg","https:\/\/s3-media4.fl.yelpcdn.com\/bphoto\/NRqky9ZTlWpzY6oRTieIOQ\/o.jpg"],"price":"$","rating":4.5,"review_count":13,"transactions":[],"url":"https:\/\/www.yelp.com\/biz\/fall-creek-house-ithaca?adjust_creative=0jni649dTuZ0usGzzhLUrg&utm_campaign=yelp_api_v3&utm_medium=api_v3_business_lookup&utm_source=0jni649dTuZ0usGzzhLUrg"}
{"alias":"silky-jones-ithaca","categories":[{"alias":"lounges","title":"Lounges"},{"alias":"beerbar","title":"Beer Bar"},{"alias":"cocktailbars","title":"Cocktail Bars"}],"coordinates":{"latitude":42.43974,"longitude":-76.49616},"display_phone":"(607) 288-3424","hours":[{"open":[{"is_overnight":true,"start":"1700","end":"0100","day":0},{"is_overnight":true,"start":"1700","end":"0100","day":1},{"is_overnight":true,"start":"1700","end":"0100","day":2},{"is_overnight":true,"start":"1700","end":"0100","day":3},{"is_overnight":true,"start":"1700","end":"0100","day":4},{"is_overnight":true,"start":"1700","end":"0100","day":5},{"is_overnight":true,"start":"2000","end":"0100","day":6}],"hours_type":"REGULAR","is_open_now":true}],"id":"NrN-0SRAb33cVyTXHj3kPg","image_url":"https:\/\/s3-media3.fl.yelpcdn.com\/bphoto\/s7dhokAU7loaXe3ao2yTgA\/o.jpg","is_claimed":false,"is_closed":false,"location":{"address1":"214 E State St","address2":"","address3":"","city":"Ithaca","zip_code":"14850","country":"US","state":"NY","display_address":["214 E State St","Ithaca, NY 14850"],"cross_streets":""},"name":"Silky Jones","phone":"+16072883424","photos":["https:\/\/s3-media3.fl.yelpcdn.com\/bphoto\/s7dhokAU7loaXe3ao2yTgA\/o.jpg","https:\/\/s3-media1.fl.yelpcdn.com\/bphoto\/x3fteONI_pr3avskEKDxug\/o.jpg","https:\/\/s3-media1.fl.yelpcdn.com\/bphoto\/iqR-aaQugEXy75YNGHjvbA\/o.jpg"],"price":"$","rating":4.0,"review_count":17,"transactions":[],"url":"https:\/\/www.yelp.com\/biz\/silky-jones-ithaca?adjust_creative=0jni649dTuZ0usGzzhLUrg&utm_campaign=yelp_api_v3&utm_medium=api_v3_business_lookup&utm_source=0jni649dTuZ0usGzzhLUrg"}
{"alias":"the-range-ithaca","categories":[{"alias":"bars","title":"Bars"},{"alias":"musicvenues","title":"Music Venues"}],"coordinates":{"latitude":42.4395489785,"longitude":-76.49817992},"display_phone":"(607) 555-1212","hours":[{"open":[{"is_overnight":true,"start":"1600","end":"0100","day":0},{"is_overnight":true,"start":"1600","end":"0100","day":1},{"is_overnight":true,"start":"1600","end":"0100","day":2},{"is_overnight":true,"start":"1600","end":"0100","day":3},{"is_overnight":true,"start":"1600","end":"0100","day":4},{"is_overnight":true,"start":"1600","end":"0100","day":5},{"is_overnight":true,"start":"1600","end":"0100","day":6}],"hours_type":"REGULAR","is_open_now":true}],"id":"T5APSfj74xtlFHwDLifZSA","image_url":"https:\/\/s3-media3.fl.yelpcdn.com\/bphoto\/JbgqgPj0f86j9rcD21FM2A\/o.jpg","is_claimed":true,"is_closed":false,"location":{"address1":"119 E State St","address2":"","address3":null,"city":"Ithaca","zip_code":"14850","country":"US","state":"NY","display_address":["119 E State St","Ithaca, NY 14850"],"cross_streets":""},"name":"The Range","phone":"+16075551212","photos":["https:\/\/s3-media3.fl.yelpcdn.com\/bphoto\/JbgqgPj0f86j9rcD21FM2A\/o.jpg","https:\/\/s3-media1.fl.yelpcdn.com\/bphoto\/vgU5BHmWl6onGC1OiDRiGA\/o.jpg","https:\/\/s3-media3.fl.yelpcdn.com\/bphoto\/KGMtir8hNzi9_EjVQ0ngwA\/o.jpg"],"price":"$$","rating":4.0,"review_count":4,"transactions":[],"url":"https:\/\/www.yelp.com\/biz\/the-range-ithaca?adjust_creative=0jni649dTuZ0usGzzhLUrg&utm_campaign=yelp_api_v3&utm_medium=api_v3_business_lookup&utm_source=0jni649dTuZ0usGzzhLUrg"}
{"alias":"lot-10-ithaca","categories":[{"alias":"musicvenues","title":"Music Venues"},{"alias":"lounges","title":"Lounges"}],"coordinates":{"latitude":42.4391518,"longitude":-76.4992065},"display_phone":"(607) 272-7224","hours":[{"open":[{"is_overnight":true,"start":"1700","end":"0100","day":1},{"is_overnight":true,"start":"1700","end":"0100","day":2},{"is_overnight":true,"start":"1700","end":"0100","day":3},{"is_overnight":true,"start":"1700","end":"0100","day":4},{"is_overnight":true,"start":"1700","end":"0100","day":5}],"hours_type":"REGULAR","is_open_now":true}],"id":"C7SC0GWXcXmknid8ktTsaQ","image_url":"https:\/\/s3-media3.fl.yelpcdn.com\/bphoto\/bn6EptDsJTKZUf2Z5HP25g\/o.jpg","is_claimed":true,"is_closed":false,"location":{"address1":"106 S Cayuga St","address2":"","address3":"","city":"Ithaca","zip_code":"14850","country":"US","state":"NY","display_address":["106 S Cayuga St","Ithaca, NY 14850"],"cross_streets":""},"name":"Lot 10","phone":"+16072727224","photos":["https:\/\/s3-media3.fl.yelpcdn.com\/bphoto\/bn6EptDsJTKZUf2Z5HP25g\/o.jpg","https:\/\/s3-media2.fl.yelpcdn.com\/bphoto\/23hpXPqm_3NoNQRsurYCJQ\/o.jpg","https:\/\/s3-media2.fl.yelpcdn.com\/bphoto\/CDr5SoDeXWYG-jBFP3HLrw\/o.jpg"],"price":"$$","rating":4.0,"review_count":29,"transactions":[],"url":"https:\/\/www.yelp.com\/biz\/lot-10-ithaca?adjust_creative=0jni649dTuZ0usGzzhLUrg&utm_campaign=yelp_api_v3&utm_medium=api_v3_business_lookup&utm_source=0jni649dTuZ0usGzzhLUrg"}
{"alias":"sacred-root-kava-lounge-and-tea-bar-ithaca-3","categories":[{"alias":"bars","title":"Bars"},{"alias":"desserts","title":"Desserts"},{"alias":"coffee","title":"Coffee & Tea"}],"coordinates":{"latitude":42.439333,"longitude":-76.5005364},"display_phone":"(607) 272-5282","hours":[{"open":[{"is_overnight":false,"start":"1500","end":"0000","day":0},{"is_overnight":false,"start":"1500","end":"0000","day":1},{"is_overnight":false,"start":"1500","end":"0000","day":2},{"is_overnight":false,"start":"1500","end":"0000","day":3},{"is_overnight":false,"start":"1500","end":"0000","day":4},{"is_overnight":false,"start":"1500","end":"0000","day":5},{"is_overnight":false,"start":"1500","end":"0000","day":6}],"hours_type":"REGULAR","is_open_now":true}],"id":"gxRWEghSeNtpICRkQzkcIw","image_url":"https:\/\/s3-media2.fl.yelpcdn.com\/bphoto\/YrhbAk_-ZzHcWazxUzUTVg\/o.jpg","is_claimed":true,"is_closed":false,"location":{"address1":"103 S Geneva St","address2":"","address3":"","city":"Ithaca","zip_code":"14850","country":"US","state":"NY","display_address":["103 S Geneva St","Ithaca, NY 14850"],"cross_streets":""},"name":"Sacred Root Kava Lounge & Tea Bar","phone":"+16072725282","photos":["https:\/\/s3-media2.fl.yelpcdn.com\/bphoto\/YrhbAk_-ZzHcWazxUzUTVg\/o.jpg","https:\/\/s3-media4.fl.yelpcdn.com\/bphoto\/3Q8Y_NlKJNQ01YK6yqvoeQ\/o.jpg","https:\/\/s3-media4.fl.yelpcdn.com\/bphoto\/EeMyD8oyKsfYcz1LFAP5HQ\/o.jpg"],"price":"$$","rating":4.5,"review_count":11,"transactions":[],"url":"https:\/\/www.yelp.com\/biz\/sacred-root-kava-lounge-and-tea-bar-ithaca-3?adjust_creative=0jni649dTuZ0usGzzhLUrg&utm_campaign=yelp_api_v3&utm_medium=api_v3_business_lookup&utm_source=0jni649dTuZ0usGzzhLUrg"}
{"alias":"chanticleer-ithaca","categories":[{"alias":"divebars","title":"Dive Bars"},{"alias":"poolhalls","title":"Pool Halls"}],"coordinates":{"latitude":42.43937,"longitude":-76.49917},"display_phone":"(607) 272-9678","hours":null,"id":"ZHG5k1PBawdJ-DYMoFaMcg","image_url":"https:\/\/s3-media4.fl.yelpcdn.com\/bphoto\/19lcC36Tw1gl6V_yBr9nPQ\/o.jpg","is_claimed":false,"is_closed":false,"location":{"address1":"101 W State St","address2":"","address3":"","city":"Ithaca","zip_code":"14850","country":"US","state":"NY","display_address":["101 W State St","Ithaca, NY 14850"],"cross_streets":""},"name":"Chanticleer","phone":"+16072729678","photos":["https:\/\/s3-media4.fl.yelpcdn.com\/bphoto\/19lcC36Tw1gl6V_yBr9nPQ\/o.jpg","https:\/\/s3-media3.fl.yelpcdn.com\/bphoto\/8s9b2_0Gp0W2rVH_qDD3aw\/o.jpg","https:\/\/s3-media2.fl.yelpcdn.com\/bphoto\/7bTc3Fi6tkWB-PtAze8fsg\/o.jpg"],"price":"$","rating":3.5,"review_count":18,"transactions":[],"url":"https:\/\/www.yelp.com\/biz\/chanticleer-ithaca?adjust_creative=0jni649dTuZ0usGzzhLUrg&utm_campaign=yelp_api_v3&utm_medium=api_v3_business_lookup&utm_source=0jni649dTuZ0usGzzhLUrg"}
{"alias":"petes-cayuga-bar-ithaca","categories":[{"alias":"divebars","title":"Dive Bars"}],"coordinates":{"latitude":42.43903,"longitude":-76.49919},"display_phone":"(607) 272-9697","hours":null,"id":"bl2Hb7TuKyzrPBzwZXSg4Q","image_url":"","is_claimed":false,"is_closed":false,"location":{"address1":"116 S Cayuga St","address2":"","address3":"","city":"Ithaca","zip_code":"14850","country":"US","state":"NY","display_address":["116 S Cayuga St","Ithaca, NY 14850"],"cross_streets":""},"name":"Pete's Cayuga Bar","phone":"+16072729697","photos":[],"price":"$","rating":4.5,"review_count":3,"transactions":[],"url":"https:\/\/www.yelp.com\/biz\/petes-cayuga-bar-ithaca?adjust_creative=0jni649dTuZ0usGzzhLUrg&utm_campaign=yelp_api_v3&utm_medium=api_v3_business_lookup&utm_source=0jni649dTuZ0usGzzhLUrg"}
{"alias":"the-dock-ithaca","categories":[{"alias":"musicvenues","title":"Music Venues"}],"coordinates":{"latitude":42.4444575,"longitude":-76.5125301},"display_phone":"(607) 319-4214","hours":[{"open":[{"is_overnight":true,"start":"1600","end":"0100","day":0},{"is_overnight":true,"start":"1600","end":"0100","day":1},{"is_overnight":true,"start":"1600","end":"0100","day":2},{"is_overnight":true,"start":"1600","end":"0100","day":3},{"is_overnight":true,"start":"1600","end":"0100","day":4},{"is_overnight":true,"start":"1600","end":"0100","day":5},{"is_overnight":true,"start":"1600","end":"0100","day":6}],"hours_type":"REGULAR","is_open_now":true}],"id":"KT-al57yee5Ixv-gVx2jxA","image_url":"https:\/\/s3-media4.fl.yelpcdn.com\/bphoto\/n71lqpmMfTffq8p3mMr2CQ\/o.jpg","is_claimed":true,"is_closed":false,"location":{"address1":"415 Taughannock Blvd","address2":"","address3":"","city":"Ithaca","zip_code":"14850","country":"US","state":"NY","display_address":["415 Taughannock Blvd","Ithaca, NY 14850"],"cross_streets":""},"name":"The Dock","phone":"+16073194214","photos":["https:\/\/s3-media4.fl.yelpcdn.com\/bphoto\/n71lqpmMfTffq8p3mMr2CQ\/o.jpg","https:\/\/s3-media2.fl.yelpcdn.com\/bphoto\/hKnAQAHIj4CDXG0on1Kt1w\/o.jpg","https:\/\/s3-media2.fl.yelpcdn.com\/bphoto\/q8sCnSdzPpZVqsOqTYNfbQ\/o.jpg"],"price":"$$","rating":3.0,"review_count":10,"transactions":[],"url":"https:\/\/www.yelp.com\/biz\/the-dock-ithaca?adjust_creative=0jni649dTuZ0usGzzhLUrg&utm_campaign=yelp_api_v3&utm_medium=api_v3_business_lookup&utm_source=0jni649dTuZ0usGzzhLUrg"}
{"alias":"easy-wok-ithaca","categories":[{"alias":"chinese","title":"Chinese"}],"coordinates":{"latitude":42.48308,"longitude":-76.49099},"display_phone":"(607) 257-8889","hours":null,"id":"qeNoKe7cKDV72-98xIOPQA","image_url":"https:\/\/s3-media4.fl.yelpcdn.com\/bphoto\/Wi4S2mPwSH8FuzWvnnFOzA\/o.jpg","is_claimed":false,"is_closed":false,"location":{"address1":"40 Catherwood Rd","address2":null,"address3":null,"city":"Ithaca","zip_code":"14850","country":"US","state":"NY","display_address":["40 Catherwood Rd","Ithaca, NY 14850"],"cross_streets":""},"name":"Easy Wok","phone":"+16072578889","photos":["https:\/\/s3-media4.fl.yelpcdn.com\/bphoto\/Wi4S2mPwSH8FuzWvnnFOzA\/o.jpg","https:\/\/s3-media1.fl.yelpcdn.com\/bphoto\/I3Pa52dMC-9xOXL7ECkE5Q\/o.jpg"],"price":null,"rating":3.5,"review_count":4,"transactions":[],"url":"https:\/\/www.yelp.com\/biz\/easy-wok-ithaca?adjust_creative=0jni649dTuZ0usGzzhLUrg&utm_campaign=yelp_api_v3&utm_medium=api_v3_business_lookup&utm_source=0jni649dTuZ0usGzzhLUrg"}
{"alias":"little-thai-house-ithaca","categories":[{"alias":"thai","title":"Thai"}],"coordinates":{"latitude":42.4416854936,"longitude":-76.4849065586},"display_phone":"(607) 273-1977","hours":[{"open":[{"is_overnight":false,"start":"1100","end":"2200","day":0},{"is_overnight":false,"start":"1100","end":"2200","day":1},{"is_overnight":false,"start":"1100","end":"2200","day":2},{"is_overnight":false,"start":"1100","end":"2200","day":3},{"is_overnight":false,"start":"1100","end":"2200","day":4},{"is_overnight":false,"start":"1100","end":"2200","day":5},{"is_overnight":false,"start":"1100","end":"2200","day":6}],"hours_type":"REGULAR","is_open_now":true}],"id":"7Tp-J0La7FJtubAJpWd0nw","image_url":"https:\/\/s3-media2.fl.yelpcdn.com\/bphoto\/6LifKKpKXCvsegJiF7O30Q\/o.jpg","is_claimed":true,"is_closed":false,"location":{"address1":"202 Dryden Ct","address2":"","address3":"","city":"Ithaca","zip_code":"14850","country":"US","state":"NY","display_address":["202 Dryden Ct","Ithaca, NY 14850"],"cross_streets":""},"name":"Little Thai House","phone":"+16072731977","photos":["https:\/\/s3-media2.fl.yelpcdn.com\/bphoto\/6LifKKpKXCvsegJiF7O30Q\/o.jpg","https:\/\/s3-media2.fl.yelpcdn.com\/bphoto\/OrLZw1vmAijllso6nLWaSA\/o.jpg","https:\/\/s3-media2.fl.yelpcdn.com\/bphoto\/-VQTf2RLz0AiamtwYkxvCQ\/o.jpg"],"price":"$","rating":3.5,"review_count":30,"transactions":["pickup"],"url":"https:\/\/www.yelp.com\/biz\/little-thai-house-ithaca?adjust_creative=0jni649dTuZ0usGzzhLUrg&utm_campaign=yelp_api_v3&utm_medium=api_v3_business_lookup&utm_source=0jni649dTuZ0usGzzhLUrg"}
{"alias":"the-ivy-room-ithaca","categories":[{"alias":"food_court","title":"Food Court"}],"coordinates":{"latitude":42.446747,"longitude":-76.485687},"display_phone":"(607) 255-1364","hours":[{"open":[{"is_overnight":false,"start":"1000","end":"1930","day":0},{"is_overnight":false,"start":"1000","end":"1930","day":1},{"is_overnight":false,"start":"1000","end":"2100","day":2},{"is_overnight":false,"start":"1000","end":"2100","day":3},{"is_overnight":false,"start":"1000","end":"1900","day":4}],"hours_type":"REGULAR","is_open_now":true}],"id":"UPMjT5GXoaODJYpmqe9Rxw","image_url":"https:\/\/s3-media4.fl.yelpcdn.com\/bphoto\/Q9vyfiehQv63aKejND4r0w\/o.jpg","is_claimed":false,"is_closed":false,"location":{"address1":"Cornell University","address2":"Willard Straight Hall Fl 2","address3":"","city":"Ithaca","zip_code":"14853","country":"US","state":"NY","display_address":["Cornell University","Willard Straight Hall Fl 2","Ithaca, NY 14853"],"cross_streets":""},"name":"The Ivy Room","phone":"+16072551364","photos":["https:\/\/s3-media4.fl.yelpcdn.com\/bphoto\/Q9vyfiehQv63aKejND4r0w\/o.jpg","https:\/\/s3-media2.fl.yelpcdn.com\/bphoto\/Hkgxy1JX7LBJNYvgp19dLA\/o.jpg","https:\/\/s3-media4.fl.yelpcdn.com\/bphoto\/dz0QGABiC97jqS4kgR-nlQ\/o.jpg"],"price":"$","rating":3.5,"review_count":5,"transactions":[],"url":"https:\/\/www.yelp.com\/biz\/the-ivy-room-ithaca?adjust_creative=0jni649dTuZ0usGzzhLUrg&utm_campaign=yelp_api_v3&utm_medium=api_v3_business_lookup&utm_source=0jni649dTuZ0usGzzhLUrg"}
{"alias":"flavors-canandaigua","categories":[{"alias":"indpak","title":"Indian"},{"alias":"vegetarian","title":"Vegetarian"},{"alias":"buffets","title":"Buffets"}],"coordinates":{"latitude":42.8862047091,"longitude":-77.2780251361},"display_phone":"(585) 412-6342","hours":[{"open":[{"is_overnight":false,"start":"1130","end":"1430","day":0},{"is_overnight":false,"start":"1630","end":"2100","day":0},{"is_overnight":false,"start":"1130","end":"1430","day":1},{"is_overnight":false,"start":"1630","end":"2100","day":1},{"is_overnight":false,"start":"1130","end":"1430","day":2},{"is_overnight":false,"start":"1630","end":"2100","day":2},{"is_overnight":false,"start":"1130","end":"1430","day":3},{"is_overnight":false,"start":"1630","end":"2100","day":3},{"is_overnight":false,"start":"1130","end":"1430","day":4},{"is_overnight":false,"start":"1630","end":"2100","day":4},{"is_overnight":false,"start":"1130","end":"1430","day":5},{"is_overnight":false,"start":"1630","end":"2100","day":5},{"is_overnight":false,"start":"1130","end":"1430","day":6},{"is_overnight":false,"start":"1630","end":"2100","day":6}],"hours_type":"REGULAR","is_open_now":true}],"id":"Kh1_yt_q24uqbuqMjvDD2g","image_url":"https:\/\/s3-media2.fl.yelpcdn.com\/bphoto\/qYBIzr1oWyGBE4pfAdx4oQ\/o.jpg","is_claimed":true,"is_closed":false,"location":{"address1":"35 Lafayette Ave","address2":"","address3":"","city":"Canandaigua","zip_code":"14424","country":"US","state":"NY","display_address":["35 Lafayette Ave","Canandaigua, NY 14424"],"cross_streets":""},"name":"Flavors","phone":"+15854126342","photos":["https:\/\/s3-media2.fl.yelpcdn.com\/bphoto\/qYBIzr1oWyGBE4pfAdx4oQ\/o.jpg","https:\/\/s3-media3.fl.yelpcdn.com\/bphoto\/yxmauUxAXUo8lv_ydWnmTQ\/o.jpg","https:\/\/s3-media4.fl.yelpcdn.com\/bphoto\/mx0rZydF6Q_6UWDRtQxJiA\/o.jpg"],"price":"$$","rating":4.5,"review_count":92,"transactions":["pickup","delivery"],"url":"https:\/\/www.yelp.com\/biz\/flavors-canandaigua?adjust_creative=0jni649dTuZ0usGzzhLUrg&utm_campaign=yelp_api_v3&utm_medium=api_v3_business_lookup&utm_source=0jni649dTuZ0usGzzhLUrg"}
{"alias":"the-royal-indian-bar-and-grill-vestal","categories":[{"alias":"indpak","title":"Indian"},{"alias":"bars","title":"Bars"}],"coordinates":{"latitude":42.0943635,"longitude":-75.9754145},"display_phone":"(607) 238-1346","hours":[{"open":[{"is_overnight":false,"start":"1130","end":"2200","day":0},{"is_overnight":false,"start":"1130","end":"2200","day":1},{"is_overnight":false,"start":"1130","end":"2200","day":2},{"is_overnight":false,"start":"1130","end":"2200","day":3},{"is_overnight":false,"start":"1130","end":"2200","day":4},{"is_overnight":false,"start":"1130","end":"2200","day":5},{"is_overnight":false,"start":"1130","end":"2200","day":6}],"hours_type":"REGULAR","is_open_now":true}],"id":"-ZpEKPuLevtU0JFs-8S_-Q","image_url":"https:\/\/s3-media2.fl.yelpcdn.com\/bphoto\/PkKekkOcMvnYLJZsgKKQUw\/o.jpg","is_claimed":true,"is_closed":false,"location":{"address1":"1101 Bunn Hill Rd","address2":"","address3":"","city":"Vestal","zip_code":"13850","country":"US","state":"NY","display_address":["1101 Bunn Hill Rd","Vestal, NY 13850"],"cross_streets":""},"name":"The Royal Indian Bar & Grill","phone":"+16072381346","photos":["https:\/\/s3-media2.fl.yelpcdn.com\/bphoto\/PkKekkOcMvnYLJZsgKKQUw\/o.jpg","https:\/\/s3-media4.fl.yelpcdn.com\/bphoto\/MaSRmcLehcSRbPwea2lgAw\/o.jpg","https:\/\/s3-media1.fl.yelpcdn.com\/bphoto\/OspdcSd5OVVke9xDmCV2ww\/o.jpg"],"price":"$$","rating":4.5,"review_count":78,"transactions":["delivery","pickup"],"url":"https:\/\/www.yelp.com\/biz\/the-royal-indian-bar-and-grill-vestal?adjust_creative=0jni649dTuZ0usGzzhLUrg&utm_campaign=yelp_api_v3&utm_medium=api_v3_business_lookup&utm_source=0jni649dTuZ0usGzzhLUrg"}
{"alias":"dosa-grill-syracuse","categories":[{"alias":"indpak","title":"Indian"}],"coordinates":{"latitude":43.03535,"longitude":-76.06626},"display_phone":"(315) 445-5555","hours":[{"open":[{"is_overnight":false,"start":"1100","end":"1430","day":0},{"is_overnight":false,"start":"1630","end":"2200","day":0},{"is_overnight":false,"start":"1100","end":"1430","day":1},{"is_overnight":false,"start":"1630","end":"2200","day":1},{"is_overnight":false,"start":"1100","end":"1430","day":2},{"is_overnight":false,"start":"1630","end":"2200","day":2},{"is_overnight":false,"start":"1100","end":"1430","day":3},{"is_overnight":false,"start":"1630","end":"2200","day":3},{"is_overnight":false,"start":"1100","end":"1430","day":4},{"is_overnight":false,"start":"1630","end":"2200","day":4},{"is_overnight":false,"start":"1100","end":"1430","day":5},{"is_overnight":false,"start":"1630","end":"2200","day":5},{"is_overnight":false,"start":"1100","end":"1430","day":6},{"is_overnight":false,"start":"1630","end":"2130","day":6}],"hours_type":"REGULAR","is_open_now":true}],"id":"WGzvjCOZlnnrgU5hNCRCJg","image_url":"https:\/\/s3-media4.fl.yelpcdn.com\/bphoto\/xrTmOOri2Jnq8rdxFSFoHg\/o.jpg","is_claimed":false,"is_closed":false,"location":{"address1":"4467 E Genesee St","address2":"","address3":"","city":"Syracuse","zip_code":"13214","country":"US","state":"NY","display_address":["4467 E Genesee St","Syracuse, NY 13214"],"cross_streets":""},"name":"Dosa Grill","phone":"+13154455555","photos":["https:\/\/s3-media4.fl.yelpcdn.com\/bphoto\/xrTmOOri2Jnq8rdxFSFoHg\/o.jpg","https:\/\/s3-media3.fl.yelpcdn.com\/bphoto\/K1qLmlP79eBOknfo0u1iSg\/o.jpg","https:\/\/s3-media2.fl.yelpcdn.com\/bphoto\/1rrgv7t3dbFLg2KHj0D-qw\/o.jpg"],"price":"$$","rating":4.0,"review_count":184,"transactions":["pickup","delivery"],"url":"https:\/\/www.yelp.com\/biz\/dosa-grill-syracuse?adjust_creative=0jni649dTuZ0usGzzhLUrg&utm_campaign=yelp_api_v3&utm_medium=api_v3_business_lookup&utm_source=0jni649dTuZ0usGzzhLUrg"}
{"alias":"thali-of-india-corning","categories":[{"alias":"indpak","title":"Indian"}],"coordinates":{"latitude":42.14303,"longitude":-77.05343},"display_phone":"(607) 962-1900","hours":[{"open":[{"is_overnight":false,"start":"1130","end":"2130","day":0},{"is_overnight":false,"start":"1130","end":"2130","day":1},{"is_overnight":false,"start":"1130","end":"2130","day":2},{"is_overnight":false,"start":"1130","end":"2130","day":3},{"is_overnight":false,"start":"1130","end":"2130","day":4},{"is_overnight":false,"start":"1130","end":"2130","day":5},{"is_overnight":false,"start":"1130","end":"2130","day":6}],"hours_type":"REGULAR","is_open_now":true}],"id":"XgmL1B-XS8P1Xgn0fwHyPg","image_url":"https:\/\/s3-media3.fl.yelpcdn.com\/bphoto\/LcP3dqxLWv305QDsH5EU1Q\/o.jpg","is_claimed":true,"is_closed":false,"location":{"address1":"28 E Market St","address2":"","address3":"","city":"Corning","zip_code":"14830","country":"US","state":"NY","display_address":["28 E Market St","Corning, NY 14830"],"cross_streets":""},"name":"Thali of India","phone":"+16079621900","photos":["https:\/\/s3-media3.fl.yelpcdn.com\/bphoto\/LcP3dqxLWv305QDsH5EU1Q\/o.jpg","https:\/\/s3-media1.fl.yelpcdn.com\/bphoto\/yaVZ5hzMzaH0ZXVkxmnv6Q\/o.jpg","https:\/\/s3-media4.fl.yelpcdn.com\/bphoto\/2hOm_9SKUeHBT6tlPapK9g\/o.jpg"],"price":"$$","rating":3.0,"review_count":81,"transactions":[],"url":"https:\/\/www.yelp.com\/biz\/thali-of-india-corning?adjust_creative=0jni649dTuZ0usGzzhLUrg&utm_campaign=yelp_api_v3&utm_medium=api_v3_business_lookup&utm_source=0jni649dTuZ0usGzzhLUrg"}
{"alias":"taj-restaurant-binghamton","categories":[{"alias":"indpak","title":"Indian"}],"coordinates":{"latitude":42.0995368934,"longitude":-75.9210292866},"display_phone":"(607) 723-6454","hours":[{"open":[{"is_overnight":false,"start":"1100","end":"2130","day":0},{"is_overnight":false,"start":"1100","end":"2130","day":1},{"is_overnight":false,"start":"1100","end":"2130","day":2},{"is_overnight":false,"start":"1100","end":"2130","day":3},{"is_overnight":false,"start":"1100","end":"2130","day":4},{"is_overnight":false,"start":"1100","end":"2130","day":5},{"is_overnight":false,"start":"1200","end":"2030","day":6}],"hours_type":"REGULAR","is_open_now":true}],"id":"BkKVGpLRCuPYEHNBzHKR6w","image_url":"https:\/\/s3-media2.fl.yelpcdn.com\/bphoto\/XC9gcd4A4Ve63MBwisrlvg\/o.jpg","is_claimed":true,"is_closed":false,"location":{"address1":"59 Main St","address2":"","address3":"","city":"Binghamton","zip_code":"13905","country":"US","state":"NY","display_address":["59 Main St","Binghamton, NY 13905"],"cross_streets":""},"name":"Taj Restaurant","phone":"+16077236454","photos":["https:\/\/s3-media2.fl.yelpcdn.com\/bphoto\/XC9gcd4A4Ve63MBwisrlvg\/o.jpg","https:\/\/s3-media3.fl.yelpcdn.com\/bphoto\/aCzHxnQlp05oLhtM0tJplg\/o.jpg","https:\/\/s3-media1.fl.yelpcdn.com\/bphoto\/n-lGZYj7ku3cjXBK5i_6-A\/o.jpg"],"price":"$$","rating":4.0,"review_count":89,"transactions":["pickup","delivery"],"url":"https:\/\/www.yelp.com\/biz\/taj-restaurant-binghamton?adjust_creative=0jni649dTuZ0usGzzhLUrg&utm_campaign=yelp_api_v3&utm_medium=api_v3_business_lookup&utm_source=0jni649dTuZ0usGzzhLUrg"}
{"alias":"moghul-fine-indian-cuisine-vestal-3","categories":[{"alias":"indpak","title":"Indian"},{"alias":"tapas","title":"Tapas Bars"}],"coordinates":{"latitude":42.091781,"longitude":-75.951615},"display_phone":"(607) 729-2266","hours":[{"open":[{"is_overnight":false,"start":"1200","end":"1430","day":0},{"is_overnight":false,"start":"1700","end":"2200","day":0},{"is_overnight":false,"start":"1200","end":"1430","day":1},{"is_overnight":false,"start":"1700","end":"2200","day":1},{"is_overnight":false,"start":"1200","end":"1430","day":2},{"is_overnight":false,"start":"1700","end":"2200","day":2},{"is_overnight":false,"start":"1200","end":"1430","day":3},{"is_overnight":false,"start":"1700","end":"2200","day":3},{"is_overnight":false,"start":"1200","end":"1430","day":4},{"is_overnight":false,"start":"1700","end":"2300","day":4},{"is_overnight":false,"start":"1200","end":"1500","day":5},{"is_overnight":false,"start":"1700","end":"2300","day":5},{"is_overnight":false,"start":"1200","end":"1500","day":6},{"is_overnight":false,"start":"1700","end":"2100","day":6}],"hours_type":"REGULAR","is_open_now":true}],"id":"nBjBk1QprpgALbp6kCn2Og","image_url":"https:\/\/s3-media4.fl.yelpcdn.com\/bphoto\/wjG7ubQ0gn98BczLQJxy8Q\/o.jpg","is_claimed":true,"is_closed":false,"location":{"address1":"4700 Vestal Pkwy E","address2":"","address3":"","city":"Vestal","zip_code":"13850","country":"US","state":"NY","display_address":["4700 Vestal Pkwy E","Vestal, NY 13850"],"cross_streets":""},"name":"Moghul Fine Indian Cuisine","phone":"+16077292266","photos":["https:\/\/s3-media4.fl.yelpcdn.com\/bphoto\/wjG7ubQ0gn98BczLQJxy8Q\/o.jpg","https:\/\/s3-media2.fl.yelpcdn.com\/bphoto\/kSeArO83qI3RwDKl8ngX0Q\/o.jpg","https:\/\/s3-media1.fl.yelpcdn.com\/bphoto\/iCoj8XZ1-nyhwVMJCVriNA\/o.jpg"],"price":"$$","rating":3.5,"review_count":105,"transactions":["pickup","delivery"],"url":"https:\/\/www.yelp.com\/biz\/moghul-fine-indian-cuisine-vestal-3?adjust_creative=0jni649dTuZ0usGzzhLUrg&utm_campaign=yelp_api_v3&utm_medium=api_v3_business_lookup&utm_source=0jni649dTuZ0usGzzhLUrg"}
{"alias":"currys-of-india-binghamton","categories":[{"alias":"indpak","title":"Indian"}],"coordinates":{"latitude":42.09892,"longitude":-75.91362},"display_phone":"(607) 722-8181","hours":null,"id":"zThlZoc73hxnZWWeIMmlzg","image_url":"https:\/\/s3-media2.fl.yelpcdn.com\/bphoto\/CdnjMYL9PRK24OVggYBC5A\/o.jpg","is_claimed":false,"is_closed":false,"location":{"address1":"45 Court St","address2":"Ste 2","address3":"","city":"Binghamton","zip_code":"13901","country":"US","state":"NY","display_address":["45 Court St","Ste 2","Binghamton, NY 13901"],"cross_streets":""},"name":"Currys of India","phone":"+16077228181","photos":["https:\/\/s3-media2.fl.yelpcdn.com\/bphoto\/CdnjMYL9PRK24OVggYBC5A\/o.jpg","https:\/\/s3-media3.fl.yelpcdn.com\/bphoto\/Qu-oXp1uf-D5hswpp_Hftw\/o.jpg","https:\/\/s3-media4.fl.yelpcdn.com\/bphoto\/k52Ctspjh4wtGCCvvTYQ1Q\/o.jpg"],"price":"$$","rating":4.0,"review_count":29,"transactions":[],"url":"https:\/\/www.yelp.com\/biz\/currys-of-india-binghamton?adjust_creative=0jni649dTuZ0usGzzhLUrg&utm_campaign=yelp_api_v3&utm_medium=api_v3_business_lookup&utm_source=0jni649dTuZ0usGzzhLUrg"}
{"alias":"royal-indian-grill-syracuse","categories":[{"alias":"indpak","title":"Indian"}],"coordinates":{"latitude":43.0416351734,"longitude":-76.1356065033},"display_phone":"(315) 425-5444","hours":[{"open":[{"is_overnight":false,"start":"1130","end":"1600","day":0},{"is_overnight":false,"start":"1700","end":"2100","day":0},{"is_overnight":false,"start":"1130","end":"1600","day":1},{"is_overnight":false,"start":"1700","end":"2100","day":1},{"is_overnight":false,"start":"1130","end":"1600","day":2},{"is_overnight":false,"start":"1700","end":"2100","day":2},{"is_overnight":false,"start":"1130","end":"1600","day":3},{"is_overnight":false,"start":"1700","end":"2100","day":3},{"is_overnight":false,"start":"1130","end":"1600","day":4},{"is_overnight":false,"start":"1700","end":"2100","day":4},{"is_overnight":false,"start":"1130","end":"1600","day":5},{"is_overnight":false,"start":"1700","end":"2100","day":5},{"is_overnight":false,"start":"1130","end":"1600","day":6},{"is_overnight":false,"start":"1700","end":"2100","day":6}],"hours_type":"REGULAR","is_open_now":true}],"id":"Fsxws1q5KN_5qeFrchN22w","image_url":"https:\/\/s3-media3.fl.yelpcdn.com\/bphoto\/61fHIw3K-Ty5sRy_ozjmCw\/o.jpg","is_claimed":true,"is_closed":false,"location":{"address1":"147 Marshall St","address2":"","address3":null,"city":"Syracuse","zip_code":"13210","country":"US","state":"NY","display_address":["147 Marshall St","Syracuse, NY 13210"],"cross_streets":""},"name":"Royal Indian Grill","phone":"+13154255444","photos":["https:\/\/s3-media3.fl.yelpcdn.com\/bphoto\/61fHIw3K-Ty5sRy_ozjmCw\/o.jpg","https:\/\/s3-media3.fl.yelpcdn.com\/bphoto\/aeeDoeuJ4IT7xiO7vg_NSA\/o.jpg","https:\/\/s3-media4.fl.yelpcdn.com\/bphoto\/wQIc0pgURt4xjE238cN-MQ\/o.jpg"],"price":"$$","rating":4.0,"review_count":20,"transactions":["pickup","delivery"],"url":"https:\/\/www.yelp.com\/biz\/royal-indian-grill-syracuse?adjust_creative=0jni649dTuZ0usGzzhLUrg&utm_campaign=yelp_api_v3&utm_medium=api_v3_business_lookup&utm_source=0jni649dTuZ0usGzzhLUrg"}
{"alias":"moghul-indian-grill-syracuse","categories":[{"alias":"indpak","title":"Indian"},{"alias":"pakistani","title":"Pakistani"}],"coordinates":{"latitude":43.0416675657,"longitude":-76.1360887438},"display_phone":"(315) 991-8056","hours":[{"open":[{"is_overnight":false,"start":"1100","end":"2200","day":0},{"is_overnight":false,"start":"1100","end":"2200","day":1},{"is_overnight":false,"start":"1100","end":"2200","day":2},{"is_overnight":false,"start":"1100","end":"2200","day":3},{"is_overnight":false,"start":"1100","end":"2200","day":4},{"is_overnight":false,"start":"1100","end":"2200","day":5}],"hours_type":"REGULAR","is_open_now":true}],"id":"QYzyfdm93eyYj0WRGUUUlw","image_url":"https:\/\/s3-media4.fl.yelpcdn.com\/bphoto\/3MxC_-Yy9m1nl6oRm8LWPw\/o.jpg","is_claimed":true,"is_closed":false,"location":{"address1":"121 Marshall St","address2":"","address3":null,"city":"Syracuse","zip_code":"13210","country":"US","state":"NY","display_address":["121 Marshall St","Syracuse, NY 13210"],"cross_streets":""},"name":"Moghul Indian Grill","phone":"+13159918056","photos":["https:\/\/s3-media4.fl.yelpcdn.com\/bphoto\/3MxC_-Yy9m1nl6oRm8LWPw\/o.jpg","https:\/\/s3-media1.fl.yelpcdn.com\/bphoto\/x0thruo5V_u1KlKyULmF5w\/o.jpg","https:\/\/s3-media3.fl.yelpcdn.com\/bphoto\/sYzPtVleeNMOiY5zsb3dMg\/o.jpg"],"price":"$","rating":4.0,"review_count":33,"transactions":["delivery","pickup"],"url":"https:\/\/www.yelp.com\/biz\/moghul-indian-grill-syracuse?adjust_creative=0jni649dTuZ0usGzzhLUrg&utm_campaign=yelp_api_v3&utm_medium=api_v3_business_lookup&utm_source=0jni649dTuZ0usGzzhLUrg"}
{"alias":"halal-bites-johnson-city","categories":[{"alias":"halal","title":"Halal"},{"alias":"pakistani","title":"Pakistani"},{"alias":"mediterranean","title":"Mediterranean"}],"coordinates":{"latitude":42.1098782223,"longitude":-75.9674432026},"display_phone":"(607) 729-7299","hours":[{"open":[{"is_overnight":false,"start":"1130","end":"2200","day":0},{"is_overnight":false,"start":"1130","end":"2200","day":1},{"is_overnight":false,"start":"1130","end":"2200","day":2},{"is_overnight":false,"start":"1130","end":"2200","day":3},{"is_overnight":false,"start":"1130","end":"2200","day":4},{"is_overnight":false,"start":"1130","end":"2200","day":5},{"is_overnight":false,"start":"1145","end":"2200","day":6}],"hours_type":"REGULAR","is_open_now":true}],"id":"-dJp88uU05nepy8Nt9zY9g","image_url":"https:\/\/s3-media2.fl.yelpcdn.com\/bphoto\/x0QUifnGGkGzK5dtzir7hg\/o.jpg","is_claimed":true,"is_closed":false,"location":{"address1":"652 Riverside Dr","address2":"","address3":"","city":"Johnson City","zip_code":"13790","country":"US","state":"NY","display_address":["652 Riverside Dr","Johnson City, NY 13790"],"cross_streets":""},"name":"Halal Bites","phone":"+16077297299","photos":["https:\/\/s3-media2.fl.yelpcdn.com\/bphoto\/x0QUifnGGkGzK5dtzir7hg\/o.jpg","https:\/\/s3-media4.fl.yelpcdn.com\/bphoto\/-RyVp3vtQl97_xZbNwc1zQ\/o.jpg","https:\/\/s3-media3.fl.yelpcdn.com\/bphoto\/TXpfOQV9YvmbzO3WbLp8LQ\/o.jpg"],"price":"$","rating":3.5,"review_count":29,"transactions":["delivery","pickup"],"url":"https:\/\/www.yelp.com\/biz\/halal-bites-johnson-city?adjust_creative=0jni649dTuZ0usGzzhLUrg&utm_campaign=yelp_api_v3&utm_medium=api_v3_business_lookup&utm_source=0jni649dTuZ0usGzzhLUrg"}
{"alias":"firekeepers-restaurant-nedrow","categories":[{"alias":"diners","title":"Diners"},{"alias":"breakfast_brunch","title":"Breakfast & Brunch"},{"alias":"buffets","title":"Buffets"}],"coordinates":{"latitude":42.958584,"longitude":-76.138972},"display_phone":"(315) 469-8159","hours":null,"id":"Gld3m1IKZm-Tsk9v6VhS-A","image_url":"https:\/\/s3-media4.fl.yelpcdn.com\/bphoto\/L9QcSD-Q8RV8_GO99a7r8Q\/o.jpg","is_claimed":true,"is_closed":false,"location":{"address1":"3879 Frontage Rd","address2":"","address3":"","city":"Nedrow","zip_code":"13120","country":"US","state":"NY","display_address":["3879 Frontage Rd","Nedrow, NY 13120"],"cross_streets":""},"name":"Firekeepers Restaurant","phone":"+13154698159","photos":["https:\/\/s3-media4.fl.yelpcdn.com\/bphoto\/L9QcSD-Q8RV8_GO99a7r8Q\/o.jpg","https:\/\/s3-media4.fl.yelpcdn.com\/bphoto\/Nn9xgL8QEOPzGSn7szlXew\/o.jpg","https:\/\/s3-media2.fl.yelpcdn.com\/bphoto\/vCtj0iTborC_lrkyQlNNEw\/o.jpg"],"price":"$","rating":3.5,"review_count":27,"transactions":[],"url":"https:\/\/www.yelp.com\/biz\/firekeepers-restaurant-nedrow?adjust_creative=0jni649dTuZ0usGzzhLUrg&utm_campaign=yelp_api_v3&utm_medium=api_v3_business_lookup&utm_source=0jni649dTuZ0usGzzhLUrg"}
{"alias":"union-block-italian-bistro-hammondsport","categories":[{"alias":"italian","title":"Italian"},{"alias":"vegetarian","title":"Vegetarian"},{"alias":"pizza","title":"Pizza"}],"coordinates":{"latitude":42.4094092391,"longitude":-77.2221011253},"display_phone":"(607) 246-4065","hours":[{"open":[{"is_overnight":false,"start":"1600","end":"2100","day":0},{"is_overnight":false,"start":"1600","end":"2100","day":1},{"is_overnight":false,"start":"1600","end":"2100","day":2},{"is_overnight":false,"start":"1600","end":"2100","day":3},{"is_overnight":false,"start":"1600","end":"2100","day":4},{"is_overnight":false,"start":"1600","end":"2200","day":5}],"hours_type":"REGULAR","is_open_now":true}],"id":"AKY2Yh8dKIq1co_pSn9vaA","image_url":"https:\/\/s3-media4.fl.yelpcdn.com\/bphoto\/Bg2WUvdG5LvHxgSpY_QlCQ\/o.jpg","is_claimed":true,"is_closed":false,"location":{"address1":"31 Shethar St","address2":"","address3":"","city":"Hammondsport","zip_code":"14840","country":"US","state":"NY","display_address":["31 Shethar St","Hammondsport, NY 14840"],"cross_streets":""},"name":"Union Block Italian Bistro","phone":"+16072464065","photos":["https:\/\/s3-media4.fl.yelpcdn.com\/bphoto\/Bg2WUvdG5LvHxgSpY_QlCQ\/o.jpg","https:\/\/s3-media3.fl.yelpcdn.com\/bphoto\/IfBcGaxOZKngjsQXx5N1Lw\/o.jpg","https:\/\/s3-media4.fl.yelpcdn.com\/bphoto\/U4HmGcQwrM0MWLGcxAgIzg\/o.jpg"],"price":"$$","rating":4.5,"review_count":134,"transactions":[],"url":"https:\/\/www.yelp.com\/biz\/union-block-italian-bistro-hammondsport?adjust_creative=0jni649dTuZ0usGzzhLUrg&utm_campaign=yelp_api_v3&utm_medium=api_v3_business_lookup&utm_source=0jni649dTuZ0usGzzhLUrg"}
{"alias":"buffet-star-vestal","categories":[{"alias":"buffets","title":"Buffets"}],"coordinates":{"latitude":42.0972909141,"longitude":-75.97614671},"display_phone":"(607) 729-1083","hours":[{"open":[{"is_overnight":false,"start":"1100","end":"2200","day":0},{"is_overnight":false,"start":"1100","end":"2200","day":1},{"is_overnight":false,"start":"1100","end":"2200","day":2},{"is_overnight":false,"start":"1100","end":"2200","day":3},{"is_overnight":false,"start":"1100","end":"2300","day":4},{"is_overnight":false,"start":"1100","end":"2300","day":5},{"is_overnight":false,"start":"1100","end":"2200","day":6}],"hours_type":"REGULAR","is_open_now":true}],"id":"hvyRadZ6pCua0zpp0UwcKw","image_url":"https:\/\/s3-media1.fl.yelpcdn.com\/bphoto\/czM6BZ7XnNSu2upDKDIy5g\/o.jpg","is_claimed":true,"is_closed":false,"location":{"address1":"4089 Old Vestal Rd","address2":"","address3":"","city":"Vestal","zip_code":"13850","country":"US","state":"NY","display_address":["4089 Old Vestal Rd","Vestal, NY 13850"],"cross_streets":""},"name":"Buffet Star","phone":"+16077291083","photos":["https:\/\/s3-media1.fl.yelpcdn.com\/bphoto\/czM6BZ7XnNSu2upDKDIy5g\/o.jpg","https:\/\/s3-media1.fl.yelpcdn.com\/bphoto\/CYDr1XCZKa2LfBDLTAQkrQ\/o.jpg","https:\/\/s3-media3.fl.yelpcdn.com\/bphoto\/FonMpL3EbVQNYVXug3X4rA\/o.jpg"],"price":"$$","rating":3.0,"review_count":87,"transactions":["delivery"],"url":"https:\/\/www.yelp.com\/biz\/buffet-star-vestal?adjust_creative=0jni649dTuZ0usGzzhLUrg&utm_campaign=yelp_api_v3&utm_medium=api_v3_business_lookup&utm_source=0jni649dTuZ0usGzzhLUrg"}
{"alias":"frannys-food-truck-ithaca","categories":[{"alias":"foodtrucks","title":"Food Trucks"},{"alias":"vietnamese","title":"Vietnamese"}],"coordinates":{"latitude":42.4512710571,"longitude":-76.4852905273},"display_phone":"(607) 255-0293","hours":[{"open":[{"is_overnight":false,"start":"1100","end":"2100","day":0},{"is_overnight":false,"start":"1100","end":"2100","day":1},{"is_overnight":false,"start":"1100","end":"2100","day":2},{"is_overnight":false,"start":"1100","end":"2100","day":3},{"is_overnight":false,"start":"1100","end":"1630","day":4}],"hours_type":"REGULAR","is_open_now":false}],"id":"9F2zRgWyn1srb9y4ZIg6Dg","image_url":"https:\/\/s3-media4.fl.yelpcdn.com\/bphoto\/sxcAJ9qxjGM8PY47HTA2wQ\/o.jpg","is_claimed":false,"is_closed":false,"location":{"address1":"University Ave","address2":"","address3":"","city":"Ithaca","zip_code":"14853","country":"US","state":"NY","display_address":["University Ave","Ithaca, NY 14853"],"cross_streets":""},"name":"Franny's Food Truck","phone":"+16072550293","photos":["https:\/\/s3-media4.fl.yelpcdn.com\/bphoto\/sxcAJ9qxjGM8PY47HTA2wQ\/o.jpg","https:\/\/s3-media3.fl.yelpcdn.com\/bphoto\/OgRi9lxYOdxnv9Rfw5qswg\/o.jpg","https:\/\/s3-media3.fl.yelpcdn.com\/bphoto\/wKxHs3cEodpDdgDS1NB3Sw\/o.jpg"],"price":"$$","rating":4.0,"review_count":4,"transactions":[],"url":"https:\/\/www.yelp.com\/biz\/frannys-food-truck-ithaca?adjust_creative=0jni649dTuZ0usGzzhLUrg&utm_campaign=yelp_api_v3&utm_medium=api_v3_business_lookup&utm_source=0jni649dTuZ0usGzzhLUrg"}
{"alias":"atrium-cafe-ithaca","categories":[{"alias":"tradamerican","title":"American (Traditional)"}],"coordinates":{"latitude":42.4539642334,"longitude":-76.4842147827},"display_phone":"(607) 255-7591","hours":[{"open":[{"is_overnight":false,"start":"0730","end":"1400","day":0},{"is_overnight":false,"start":"0730","end":"1400","day":1},{"is_overnight":false,"start":"0730","end":"1400","day":2},{"is_overnight":false,"start":"0730","end":"1400","day":3},{"is_overnight":false,"start":"0730","end":"1400","day":4}],"hours_type":"REGULAR","is_open_now":false}],"id":"pTNLIbE3swnJxy7EpuqeDw","image_url":"https:\/\/s3-media3.fl.yelpcdn.com\/bphoto\/7qvrAkFF1_pnmgzN38FDEA\/o.jpg","is_claimed":false,"is_closed":false,"location":{"address1":"410 Thurston Ave","address2":"","address3":"","city":"Ithaca","zip_code":"14850","country":"US","state":"NY","display_address":["410 Thurston Ave","Ithaca, NY 14850"],"cross_streets":""},"name":"Atrium Cafe","phone":"+16072557591","photos":["https:\/\/s3-media3.fl.yelpcdn.com\/bphoto\/7qvrAkFF1_pnmgzN38FDEA\/o.jpg","https:\/\/s3-media4.fl.yelpcdn.com\/bphoto\/GL7B53Iag3RqOXiI5chxmw\/o.jpg"],"price":null,"rating":3.0,"review_count":3,"transactions":[],"url":"https:\/\/www.yelp.com\/biz\/atrium-cafe-ithaca?adjust_creative=0jni649dTuZ0usGzzhLUrg&utm_campaign=yelp_api_v3&utm_medium=api_v3_business_lookup&utm_source=0jni649dTuZ0usGzzhLUrg"}
{"alias":"win-li-supermarket-ithaca","categories":[{"alias":"grocery","title":"Grocery"}],"coordinates":{"latitude":42.42163,"longitude":-76.51824},"display_phone":"(607) 277-6790","hours":null,"id":"nvd_6PF7AggAgQeme2E3Pg","image_url":"https:\/\/s3-media2.fl.yelpcdn.com\/bphoto\/dd6HinMFbB73ndNi-RPjMg\/o.jpg","is_claimed":false,"is_closed":false,"location":{"address1":"374 Elmira Rd","address2":"","address3":"","city":"Ithaca","zip_code":"14850","country":"US","state":"NY","display_address":["374 Elmira Rd","Ithaca, NY 14850"],"cross_streets":""},"name":"Win Li Supermarket","phone":"+16072776790","photos":["https:\/\/s3-media2.fl.yelpcdn.com\/bphoto\/dd6HinMFbB73ndNi-RPjMg\/o.jpg","https:\/\/s3-media1.fl.yelpcdn.com\/bphoto\/jTEOHVXKiwwfuJc5FK_dqQ\/o.jpg","https:\/\/s3-media2.fl.yelpcdn.com\/bphoto\/lgPxFB_ACXmxY8qEGZdL_g\/o.jpg"],"price":"$$","rating":3.5,"review_count":13,"transactions":[],"url":"https:\/\/www.yelp.com\/biz\/win-li-supermarket-ithaca?adjust_creative=0jni649dTuZ0usGzzhLUrg&utm_campaign=yelp_api_v3&utm_medium=api_v3_business_lookup&utm_source=0jni649dTuZ0usGzzhLUrg"}
{"alias":"experience-the-finger-lakes-llc-ithaca","categories":[{"alias":"tours","title":"Tours"}],"coordinates":{"latitude":42.44052,"longitude":-76.49547},"display_phone":"(607) 233-4818","hours":[{"open":[{"is_overnight":false,"start":"0900","end":"1730","day":0},{"is_overnight":false,"start":"0900","end":"1730","day":1},{"is_overnight":false,"start":"0900","end":"1730","day":2},{"is_overnight":false,"start":"0900","end":"1730","day":3},{"is_overnight":false,"start":"0900","end":"1730","day":4},{"is_overnight":false,"start":"0900","end":"1730","day":5},{"is_overnight":false,"start":"0900","end":"1730","day":6}],"hours_type":"REGULAR","is_open_now":true}],"id":"KY7-La6hP_9QA-lP9MYcLw","image_url":"https:\/\/s3-media2.fl.yelpcdn.com\/bphoto\/O6tJbmCt9EIQGkKSATx7wA\/o.jpg","is_claimed":true,"is_closed":false,"location":{"address1":"","address2":null,"address3":"","city":"Ithaca","zip_code":"","country":"US","state":"NY","display_address":["Ithaca, NY"],"cross_streets":""},"name":"Experience! The Finger Lakes, LLC","phone":"+16072334818","photos":["https:\/\/s3-media2.fl.yelpcdn.com\/bphoto\/O6tJbmCt9EIQGkKSATx7wA\/o.jpg","https:\/\/s3-media2.fl.yelpcdn.com\/bphoto\/tQbkQOq655EnBm2aV-c26g\/o.jpg","https:\/\/s3-media4.fl.yelpcdn.com\/bphoto\/2b_p-DEeHjk16KFjP0mNRQ\/o.jpg"],"price":null,"rating":5.0,"review_count":24,"transactions":[],"url":"https:\/\/www.yelp.com\/biz\/experience-the-finger-lakes-llc-ithaca?adjust_creative=0jni649dTuZ0usGzzhLUrg&utm_campaign=yelp_api_v3&utm_medium=api_v3_business_lookup&utm_source=0jni649dTuZ0usGzzhLUrg"}
{"alias":"serendipity-catering-ithaca-2","categories":[{"alias":"catering","title":"Caterers"},{"alias":"wedding_planning","title":"Wedding Planning"},{"alias":"bartenders","title":"Bartenders"}],"coordinates":{"latitude":42.42193,"longitude":-76.50409},"display_phone":"(607) 273-2145","hours":[{"open":[{"is_overnight":true,"start":"0000","end":"0000","day":0},{"is_overnight":true,"start":"0000","end":"0000","day":1},{"is_overnight":true,"start":"0000","end":"0000","day":2},{"is_overnight":true,"start":"0000","end":"0000","day":3},{"is_overnight":true,"start":"0000","end":"0000","day":4},{"is_overnight":true,"start":"0000","end":"0000","day":5},{"is_overnight":true,"start":"0000","end":"0000","day":6}],"hours_type":"REGULAR","is_open_now":true}],"id":"U2yipGoCc3pZj6ajBaZqLA","image_url":"https:\/\/s3-media2.fl.yelpcdn.com\/bphoto\/1RWHkMuDitehg9kkjkjNqw\/o.jpg","is_claimed":true,"is_closed":false,"location":{"address1":"950 Danby Rd","address2":"Ste 15","address3":null,"city":"Ithaca","zip_code":"14850","country":"US","state":"NY","display_address":["950 Danby Rd","Ste 15","Ithaca, NY 14850"],"cross_streets":""},"name":"Serendipity Catering","phone":"+16072732145","photos":["https:\/\/s3-media2.fl.yelpcdn.com\/bphoto\/1RWHkMuDitehg9kkjkjNqw\/o.jpg","https:\/\/s3-media3.fl.yelpcdn.com\/bphoto\/EgEudExNfboXXjyPdG5Ndg\/o.jpg","https:\/\/s3-media2.fl.yelpcdn.com\/bphoto\/Yb3XpqJJ3TGG5Xr4d65O8w\/o.jpg"],"price":null,"rating":4.5,"review_count":7,"transactions":[],"url":"https:\/\/www.yelp.com\/biz\/serendipity-catering-ithaca-2?adjust_creative=0jni649dTuZ0usGzzhLUrg&utm_campaign=yelp_api_v3&utm_medium=api_v3_business_lookup&utm_source=0jni649dTuZ0usGzzhLUrg"}
{"alias":"ithaca-apple-harvest-festival-ithaca","categories":[{"alias":"festivals","title":"Festivals"},{"alias":"localflavor","title":"Local Flavor"}],"coordinates":{"latitude":42.43868,"longitude":-76.49739},"display_phone":"(607) 277-8679","hours":null,"id":"zU2kY64LV0Jkx8Tw6Z5_5A","image_url":"https:\/\/s3-media3.fl.yelpcdn.com\/bphoto\/CUbk4K8EKIZpqJA9-Y9y2w\/o.jpg","is_claimed":false,"is_closed":false,"location":{"address1":"Downtown Ithaca On The Commons","address2":"","address3":"","city":"Ithaca","zip_code":"14850","country":"US","state":"NY","display_address":["Downtown Ithaca On The Commons","Ithaca, NY 14850"],"cross_streets":""},"name":"Ithaca Apple Harvest Festival","phone":"+16072778679","photos":["https:\/\/s3-media3.fl.yelpcdn.com\/bphoto\/CUbk4K8EKIZpqJA9-Y9y2w\/o.jpg","https:\/\/s3-media1.fl.yelpcdn.com\/bphoto\/ZmJOt2tcPR7LW7qhaaCqJw\/o.jpg","https:\/\/s3-media2.fl.yelpcdn.com\/bphoto\/ox63gqF_ob8V5LSsZ7HjpQ\/o.jpg"],"price":null,"rating":4.0,"review_count":4,"transactions":[],"url":"https:\/\/www.yelp.com\/biz\/ithaca-apple-harvest-festival-ithaca?adjust_creative=0jni649dTuZ0usGzzhLUrg&utm_campaign=yelp_api_v3&utm_medium=api_v3_business_lookup&utm_source=0jni649dTuZ0usGzzhLUrg"}
{"alias":"firelight-camps-ithaca","categories":[{"alias":"campgrounds","title":"Campgrounds"}],"coordinates":{"latitude":42.4015083,"longitude":-76.5034637},"display_phone":"(607) 229-1644","hours":null,"id":"3uZ7fK40CY4FkhZvYotwFA","image_url":"https:\/\/s3-media1.fl.yelpcdn.com\/bphoto\/HJqug0gBLvkIM2QFNSbnZw\/o.jpg","is_claimed":true,"is_closed":false,"location":{"address1":"1150 Danby Rd","address2":null,"address3":"","city":"Ithaca","zip_code":"14850","country":"US","state":"NY","display_address":["1150 Danby Rd","Ithaca, NY 14850"],"cross_streets":""},"name":"Firelight Camps","phone":"+16072291644","photos":["https:\/\/s3-media1.fl.yelpcdn.com\/bphoto\/HJqug0gBLvkIM2QFNSbnZw\/o.jpg","https:\/\/s3-media1.fl.yelpcdn.com\/bphoto\/LkfJhUBmoxSL-NinbV_Uzw\/o.jpg","https:\/\/s3-media2.fl.yelpcdn.com\/bphoto\/LAqXAIgiisZUieHg5Anc8g\/o.jpg"],"price":null,"rating":4.0,"review_count":45,"transactions":[],"url":"https:\/\/www.yelp.com\/biz\/firelight-camps-ithaca?adjust_creative=0jni649dTuZ0usGzzhLUrg&utm_campaign=yelp_api_v3&utm_medium=api_v3_business_lookup&utm_source=0jni649dTuZ0usGzzhLUrg"}
{"alias":"vietnam-restaurant-ithaca","categories":[{"alias":"vietnamese","title":"Vietnamese"}],"coordinates":{"latitude":42.4417548354,"longitude":-76.4846579229},"display_phone":"(607) 273-5030","hours":null,"id":"G6eVUNDvfCiFy8ICavGScQ","image_url":"https:\/\/s3-media1.fl.yelpcdn.com\/bphoto\/HFDi61MAtVlwRpJsaxt7zQ\/o.jpg","is_claimed":true,"is_closed":false,"location":{"address1":"208 Dryden Rd","address2":"","address3":"","city":"Ithaca","zip_code":"14850","country":"US","state":"NY","display_address":["208 Dryden Rd","Ithaca, NY 14850"],"cross_streets":""},"name":"Vietnam Restaurant","phone":"+16072735030","photos":["https:\/\/s3-media1.fl.yelpcdn.com\/bphoto\/HFDi61MAtVlwRpJsaxt7zQ\/o.jpg","https:\/\/s3-media4.fl.yelpcdn.com\/bphoto\/vsbR07smQSss8bA8cV9OnQ\/o.jpg","https:\/\/s3-media4.fl.yelpcdn.com\/bphoto\/Auf2fkPuKWDcjCoFfWkxBw\/o.jpg"],"price":"$","rating":3.0,"review_count":47,"transactions":["pickup"],"url":"https:\/\/www.yelp.com\/biz\/vietnam-restaurant-ithaca?adjust_creative=0jni649dTuZ0usGzzhLUrg&utm_campaign=yelp_api_v3&utm_medium=api_v3_business_lookup&utm_source=0jni649dTuZ0usGzzhLUrg"}