{"alias":"foodland-iga-juneau","categories":[{"alias":"grocery","title":"Grocery"},{"alias":"drugstores","title":"Drugstores"}],"coordinates":{"latitude":58.2997723433,"longitude":-134.4185553194},"display_phone":"(907) 586-3101","hours":[{"open":[{"is_overnight":false,"start":"0600","end":"2200","day":0},{"is_overnight":false,"start":"0600","end":"2200","day":1},{"is_overnight":false,"start":"0600","end":"2200","day":2},{"is_overnight":false,"start":"0600","end":"2200","day":3},{"is_overnight":false,"start":"0600","end":"2200","day":4},{"is_overnight":false,"start":"0600","end":"2200","day":5},{"is_overnight":false,"start":"0600","end":"2200","day":6}],"hours_type":"REGULAR","is_open_now":true}],"id":"8DQEvF7e3C6bmT1yIBK0aA","image_url":"https:\/\/s3-media4.fl.yelpcdn.com\/bphoto\/Qpyvs7IyXMn5QLop7BZOvg\/o.jpg","is_claimed":true,"is_closed":false,"location":{"address1":"615 W Willoughby Ave","address2":"","address3":"","city":"Juneau","zip_code":"99801","country":"US","state":"AK","display_address":["615 W Willoughby Ave","Juneau, AK 99801"],"cross_streets":""},"name":"Foodland IGA","phone":"+19075863101","photos":["https:\/\/s3-media4.fl.yelpcdn.com\/bphoto\/Qpyvs7IyXMn5QLop7BZOvg\/o.jpg","https:\/\/s3-media3.fl.yelpcdn.com\/bphoto\/h0oYUIPIV5qcPgKhQamrRw\/o.jpg","https:\/\/s3-media2.fl.yelpcdn.com\/bphoto\/vJ_o3CdwDLqBZ5eGGHd4Yg\/o.jpg"],"price":"$$","rating":3.5,"review_count":8,"transactions":[],"url":"https:\/\/www.yelp.com\/biz\/foodland-iga-juneau?adjust_creative=3XFlswbSIE7Ti6WzVie74g&utm_campaign=yelp_api_v3&utm_medium=api_v3_business_lookup&utm_source=3XFlswbSIE7Ti6WzVie74g"}
{"alias":"vintage-fare-cafe-juneau","categories":[{"alias":"cafes","title":"Cafes"}],"coordinates":{"latitude":58.3627091,"longitude":-134.5767734},"display_phone":"(907) 789-1865","hours":[{"open":[{"is_overnight":false,"start":"0730","end":"2000","day":0},{"is_overnight":false,"start":"0730","end":"2000","day":1},{"is_overnight":false,"start":"0730","end":"2000","day":2},{"is_overnight":false,"start":"0730","end":"2000","day":3},{"is_overnight":false,"start":"0730","end":"2000","day":4},{"is_overnight":false,"start":"0730","end":"1800","day":5},{"is_overnight":false,"start":"1100","end":"1700","day":6}],"hours_type":"REGULAR","is_open_now":true}],"id":"zYifIXh-Fan3Zhpzi8TbZw","image_url":"https:\/\/s3-media2.fl.yelpcdn.com\/bphoto\/K_Xot6nkeB2UPvN14ZS_eQ\/o.jpg","is_claimed":false,"is_closed":false,"location":{"address1":"8745 Glacier Hwy","address2":"Ste 322","address3":"Nugget Mall Shopping Ctr","city":"Juneau","zip_code":"99801","country":"US","state":"AK","display_address":["8745 Glacier Hwy","Ste 322","Nugget Mall Shopping Ctr","Juneau, AK 99801"],"cross_streets":""},"name":"Vintage Fare Cafe","phone":"+19077891865","photos":["https:\/\/s3-media2.fl.yelpcdn.com\/bphoto\/K_Xot6nkeB2UPvN14ZS_eQ\/o.jpg","https:\/\/s3-media2.fl.yelpcdn.com\/bphoto\/NE2ZPwUkkm1I6Cdw1UgP6w\/o.jpg"],"price":"$$","rating":2.5,"review_count":4,"transactions":[],"url":"https:\/\/www.yelp.com\/biz\/vintage-fare-cafe-juneau?adjust_creative=3XFlswbSIE7Ti6WzVie74g&utm_campaign=yelp_api_v3&utm_medium=api_v3_business_lookup&utm_source=3XFlswbSIE7Ti6WzVie74g"}
{"alias":"manila-bay-cafe-juneau","categories":[{"alias":"cafes","title":"Cafes"},{"alias":"filipino","title":"Filipino"},{"alias":"hotdogs","title":"Fast Food"}],"coordinates":{"latitude":58.2982684328,"longitude":-134.4033311521},"display_phone":"(907) 586-1350","hours":[{"open":[{"is_overnight":false,"start":"1000","end":"2000","day":0},{"is_overnight":false,"start":"1000","end":"2000","day":1},{"is_overnight":false,"start":"1000","end":"2000","day":2},{"is_overnight":false,"start":"1000","end":"2000","day":3},{"is_overnight":false,"start":"1000","end":"2000","day":4},{"is_overnight":false,"start":"1000","end":"2000","day":5},{"is_overnight":false,"start":"1000","end":"2000","day":6}],"hours_type":"REGULAR","is_open_now":true}],"id":"JtTYvaZoMkkEclBN-2Brhw","image_url":"https:\/\/s3-media4.fl.yelpcdn.com\/bphoto\/tiWPdI30NxPftBQ7Mge-1Q\/o.jpg","is_claimed":true,"is_closed":false,"location":{"address1":"292 Marine Way","address2":"","address3":null,"city":"Juneau","zip_code":"99801","country":"US","state":"AK","display_address":["292 Marine Way","Juneau, AK 99801"],"cross_streets":""},"name":"Manila Bay Cafe","phone":"+19075861350","photos":["https:\/\/s3-media4.fl.yelpcdn.com\/bphoto\/tiWPdI30NxPftBQ7Mge-1Q\/o.jpg","https:\/\/s3-media3.fl.yelpcdn.com\/bphoto\/FljIgmNe6iB3W_s_ODfC3A\/o.jpg","https:\/\/s3-media2.fl.yelpcdn.com\/bphoto\/GIViyYZQIVhplHKuu5OLXg\/o.jpg"],"price":"$$","rating":3.0,"review_count":6,"transactions":[],"url":"https:\/\/www.yelp.com\/biz\/manila-bay-cafe-juneau?adjust_creative=3XFlswbSIE7Ti6WzVie74g&utm_campaign=yelp_api_v3&utm_medium=api_v3_business_lookup&utm_source=3XFlswbSIE7Ti6WzVie74g"}
{"alias":"the-dawg-house-juneau","categories":[{"alias":"hotdog","title":"Hot Dogs"},{"alias":"foodstands","title":"Food Stands"},{"alias":"catering","title":"Caterers"}],"coordinates":{"latitude":58.2977035476,"longitude":-134.4023216888},"display_phone":"(517) 740-1937","hours":[{"open":[{"is_overnight":false,"start":"1100","end":"2000","day":0},{"is_overnight":false,"start":"1100","end":"2000","day":1},{"is_overnight":false,"start":"1100","end":"2000","day":2},{"is_overnight":false,"start":"1100","end":"2000","day":3},{"is_overnight":false,"start":"1100","end":"2000","day":4},{"is_overnight":false,"start":"1100","end":"2000","day":6}],"hours_type":"REGULAR","is_open_now":true}],"id":"DjaeeWHTIs59RcQA47bl5w","image_url":"https:\/\/s3-media2.fl.yelpcdn.com\/bphoto\/Mtc_h99O_936Qx1DNQzWfQ\/o.jpg","is_claimed":true,"is_closed":false,"location":{"address1":"380 S Franklin","address2":null,"address3":"","city":"Juneau","zip_code":"99801","country":"US","state":"AK","display_address":["380 S Franklin","Juneau, AK 99801"],"cross_streets":""},"name":"The Dawg House","phone":"+15177401937","photos":["https:\/\/s3-media2.fl.yelpcdn.com\/bphoto\/Mtc_h99O_936Qx1DNQzWfQ\/o.jpg","https:\/\/s3-media1.fl.yelpcdn.com\/bphoto\/pigKb6bm-ZcZeCVnE_w9xA\/o.jpg","https:\/\/s3-media2.fl.yelpcdn.com\/bphoto\/sAvop3k7qYjSzNmJFx5uVQ\/o.jpg"],"price":null,"rating":3.5,"review_count":5,"transactions":[],"url":"https:\/\/www.yelp.com\/biz\/the-dawg-house-juneau?adjust_creative=3XFlswbSIE7Ti6WzVie74g&utm_campaign=yelp_api_v3&utm_medium=api_v3_business_lookup&utm_source=3XFlswbSIE7Ti6WzVie74g"}
{"alias":"twilight-cafe-juneau","categories":[{"alias":"filipino","title":"Filipino"}],"coordinates":{"latitude":58.30059,"longitude":-134.41265},"display_phone":"(907) 500-7493","hours":[{"open":[{"is_overnight":false,"start":"0800","end":"1700","day":0},{"is_overnight":false,"start":"0800","end":"1700","day":1},{"is_overnight":false,"start":"0800","end":"1700","day":2},{"is_overnight":false,"start":"0800","end":"1700","day":3},{"is_overnight":false,"start":"0800","end":"1700","day":4}],"hours_type":"REGULAR","is_open_now":false}],"id":"nimrt4o4Kk5XNXZP0ugw4w","image_url":"","is_claimed":false,"is_closed":false,"location":{"address1":"324 Willoughby Ave","address2":"","address3":"","city":"Juneau","zip_code":"99801","country":"US","state":"AK","display_address":["324 Willoughby Ave","Juneau, AK 99801"],"cross_streets":""},"name":"Twilight Cafe","phone":"+19075007493","photos":[],"price":"$","rating":3.5,"review_count":3,"transactions":[],"url":"https:\/\/www.yelp.com\/biz\/twilight-cafe-juneau?adjust_creative=3XFlswbSIE7Ti6WzVie74g&utm_campaign=yelp_api_v3&utm_medium=api_v3_business_lookup&utm_source=3XFlswbSIE7Ti6WzVie74g"}
{"alias":"poki-poki-juneau-3","categories":[{"alias":"hawaiian","title":"Hawaiian"},{"alias":"poke","title":"Poke"}],"coordinates":{"latitude":58.300089,"longitude":-134.4052069},"display_phone":"(907) 523-5000","hours":[{"open":[{"is_overnight":false,"start":"1100","end":"2000","day":0},{"is_overnight":false,"start":"1100","end":"2000","day":1},{"is_overnight":false,"start":"1100","end":"2000","day":2},{"is_overnight":false,"start":"1100","end":"2000","day":3},{"is_overnight":false,"start":"1100","end":"2000","day":4},{"is_overnight":false,"start":"1100","end":"2000","day":5}],"hours_type":"REGULAR","is_open_now":true}],"id":"21SCBErNc9qgoY8gcWr9zw","image_url":"https:\/\/s3-media1.fl.yelpcdn.com\/bphoto\/joflF0IMhBcAD8q1l3V_XA\/o.jpg","is_claimed":true,"is_closed":false,"location":{"address1":"174 S Franklin St","address2":null,"address3":"","city":"Juneau","zip_code":"99801","country":"US","state":"AK","display_address":["174 S Franklin St","Juneau, AK 99801"],"cross_streets":""},"name":"Poki Poki","phone":"+19075235000","photos":["https:\/\/s3-media1.fl.yelpcdn.com\/bphoto\/joflF0IMhBcAD8q1l3V_XA\/o.jpg","https:\/\/s3-media2.fl.yelpcdn.com\/bphoto\/sr1tP5YkkfVIPl63fxbwoQ\/o.jpg","https:\/\/s3-media1.fl.yelpcdn.com\/bphoto\/YAIBGDi3mTIeq9xGTDW0Rg\/o.jpg"],"price":"$$","rating":4.0,"review_count":32,"transactions":[],"url":"https:\/\/www.yelp.com\/biz\/poki-poki-juneau-3?adjust_creative=3XFlswbSIE7Ti6WzVie74g&utm_campaign=yelp_api_v3&utm_medium=api_v3_business_lookup&utm_source=3XFlswbSIE7Ti6WzVie74g"}
{"alias":"safeway-juneau","categories":[{"alias":"grocery","title":"Grocery"}],"coordinates":{"latitude":58.371048792,"longitude":-134.5950510229},"display_phone":"(907) 523-2000","hours":[{"open":[{"is_overnight":false,"start":"0500","end":"0000","day":0},{"is_overnight":false,"start":"0500","end":"0000","day":1},{"is_overnight":false,"start":"0500","end":"0000","day":2},{"is_overnight":false,"start":"0500","end":"0000","day":3},{"is_overnight":false,"start":"0500","end":"0000","day":4},{"is_overnight":false,"start":"0500","end":"0000","day":5},{"is_overnight":false,"start":"0500","end":"0000","day":6}],"hours_type":"REGULAR","is_open_now":true}],"id":"BIqzbuRpOxr3dqjdQ2yspw","image_url":"https:\/\/s3-media2.fl.yelpcdn.com\/bphoto\/gsYW2OV6zVE4KxJK4OGAPQ\/o.jpg","is_claimed":false,"is_closed":false,"location":{"address1":"3033 Vintage Blvd","address2":"","address3":"","city":"Juneau","zip_code":"99801","country":"US","state":"AK","display_address":["3033 Vintage Blvd","Juneau, AK 99801"],"cross_streets":""},"name":"Safeway","phone":"+19075232000","photos":["https:\/\/s3-media2.fl.yelpcdn.com\/bphoto\/gsYW2OV6zVE4KxJK4OGAPQ\/o.jpg"],"price":"$$","rating":2.5,"review_count":10,"transactions":[],"url":"https:\/\/www.yelp.com\/biz\/safeway-juneau?adjust_creative=3XFlswbSIE7Ti6WzVie74g&utm_campaign=yelp_api_v3&utm_medium=api_v3_business_lookup&utm_source=3XFlswbSIE7Ti6WzVie74g"}
{"alias":"breeze-in-grocery-juneau","categories":[{"alias":"grocery","title":"Grocery"}],"coordinates":{"latitude":58.2957905531,"longitude":-134.4315225631},"display_phone":"(907) 789-7878","hours":[{"open":[{"is_overnight":false,"start":"0700","end":"0000","day":0},{"is_overnight":false,"start":"0700","end":"0000","day":1},{"is_overnight":false,"start":"0700","end":"0000","day":2},{"is_overnight":false,"start":"0700","end":"0000","day":3},{"is_overnight":false,"start":"0700","end":"0000","day":4},{"is_overnight":false,"start":"0700","end":"0000","day":5},{"is_overnight":false,"start":"0700","end":"0000","day":6}],"hours_type":"REGULAR","is_open_now":true}],"id":"jc8XIYSJIrY7D2XpdaReCA","image_url":"https:\/\/s3-media2.fl.yelpcdn.com\/bphoto\/WOGb-Fz39VQx0OQl5b4_1A\/o.jpg","is_claimed":true,"is_closed":false,"location":{"address1":"3370 Douglas Hwy","address2":"","address3":"","city":"Juneau","zip_code":"99801","country":"US","state":"AK","display_address":["3370 Douglas Hwy","Juneau, AK 99801"],"cross_streets":""},"name":"Breeze-In Grocery","phone":"+19077897878","photos":["https:\/\/s3-media2.fl.yelpcdn.com\/bphoto\/WOGb-Fz39VQx0OQl5b4_1A\/o.jpg"],"price":"$$$","rating":3.5,"review_count":3,"transactions":[],"url":"https:\/\/www.yelp.com\/biz\/breeze-in-grocery-juneau?adjust_creative=3XFlswbSIE7Ti6WzVie74g&utm_campaign=yelp_api_v3&utm_medium=api_v3_business_lookup&utm_source=3XFlswbSIE7Ti6WzVie74g"}
{"alias":"dominos-pizza-juneau-2","categories":[{"alias":"pizza","title":"Pizza"}],"coordinates":{"latitude":58.3665,"longitude":-134.58885},"display_phone":"(907) 789-3300","hours":null,"id":"Bj_FCFsL8IMIhPaor4m6ig","image_url":"https:\/\/s3-media2.fl.yelpcdn.com\/bphoto\/JJF_PUIOOctaw-XtsA6OAQ\/o.jpg","is_claimed":true,"is_closed":false,"location":{"address1":"2354 Mendenhall Loop Rd","address2":"#101","address3":null,"city":"Juneau","zip_code":"99801","country":"US","state":"AK","display_address":["2354 Mendenhall Loop Rd","#101","Juneau, AK 99801"],"cross_streets":""},"name":"Domino's Pizza","phone":"+19077893300","photos":["https:\/\/s3-media2.fl.yelpcdn.com\/bphoto\/JJF_PUIOOctaw-XtsA6OAQ\/o.jpg","https:\/\/s3-media1.fl.yelpcdn.com\/bphoto\/Oh7O_IwkBzE_iDHsOMFMOg\/o.jpg","https:\/\/s3-media3.fl.yelpcdn.com\/bphoto\/tnlfsm4tiW9QE5Y8IoaujQ\/o.jpg"],"price":"$$","rating":3.0,"review_count":4,"transactions":[],"url":"https:\/\/www.yelp.com\/biz\/dominos-pizza-juneau-2?adjust_creative=3XFlswbSIE7Ti6WzVie74g&utm_campaign=yelp_api_v3&utm_medium=api_v3_business_lookup&utm_source=3XFlswbSIE7Ti6WzVie74g"}
{"alias":"forno-rosso-alaska-juneau","categories":[{"alias":"catering","title":"Caterers"},{"alias":"foodtrucks","title":"Food Trucks"}],"coordinates":{"latitude":58.298104662,"longitude":-134.4033905658},"display_phone":"(907) 957-6000","hours":[{"open":[{"is_overnight":false,"start":"1130","end":"1900","day":0},{"is_overnight":false,"start":"1130","end":"1800","day":1},{"is_overnight":false,"start":"1130","end":"1900","day":2},{"is_overnight":false,"start":"1130","end":"1800","day":3},{"is_overnight":false,"start":"1130","end":"1900","day":4},{"is_overnight":false,"start":"1130","end":"1800","day":6}],"hours_type":"REGULAR","is_open_now":true}],"id":"qoifqB7tmWyL94tBYJCtCw","image_url":"https:\/\/s3-media1.fl.yelpcdn.com\/bphoto\/_8kgpe-klXbaeFUEfykYJQ\/o.jpg","is_claimed":true,"is_closed":false,"location":{"address1":"365 S Franklin St","address2":null,"address3":null,"city":"Juneau","zip_code":"99801","country":"US","state":"AK","display_address":["365 S Franklin St","Juneau, AK 99801"],"cross_streets":""},"name":"Forno Rosso Alaska","phone":"+19079576000","photos":["https:\/\/s3-media1.fl.yelpcdn.com\/bphoto\/_8kgpe-klXbaeFUEfykYJQ\/o.jpg","https:\/\/s3-media4.fl.yelpcdn.com\/bphoto\/m16_SW95zRKACyYnoE8uiA\/o.jpg","https:\/\/s3-media2.fl.yelpcdn.com\/bphoto\/eA28G_F8JCpqhPDuFencGA\/o.jpg"],"price":"$$","rating":4.0,"review_count":7,"transactions":[],"url":"https:\/\/www.yelp.com\/biz\/forno-rosso-alaska-juneau?adjust_creative=3XFlswbSIE7Ti6WzVie74g&utm_campaign=yelp_api_v3&utm_medium=api_v3_business_lookup&utm_source=3XFlswbSIE7Ti6WzVie74g"}
{"alias":"super-bear-supermarket-juneau","categories":[{"alias":"grocery","title":"Grocery"}],"coordinates":{"latitude":58.3720551,"longitude":-134.5863535},"display_phone":"(907) 789-0173","hours":null,"id":"zeVhYj1n8fIWMPaRNTG9-g","image_url":"https:\/\/s3-media2.fl.yelpcdn.com\/bphoto\/ri7c-J3EP60y5BkU5zy80w\/o.jpg","is_claimed":true,"is_closed":false,"location":{"address1":"9103 Mendenhall Mall Rd","address2":"","address3":"","city":"Juneau","zip_code":"99801","country":"US","state":"AK","display_address":["9103 Mendenhall Mall Rd","Juneau, AK 99801"],"cross_streets":""},"name":"Super Bear Supermarket","phone":"+19077890173","photos":["https:\/\/s3-media2.fl.yelpcdn.com\/bphoto\/ri7c-J3EP60y5BkU5zy80w\/o.jpg"],"price":"$$","rating":3.5,"review_count":9,"transactions":[],"url":"https:\/\/www.yelp.com\/biz\/super-bear-supermarket-juneau?adjust_creative=3XFlswbSIE7Ti6WzVie74g&utm_campaign=yelp_api_v3&utm_medium=api_v3_business_lookup&utm_source=3XFlswbSIE7Ti6WzVie74g"}
{"alias":"flying-squirrel-espresso-juneau","categories":[{"alias":"coffee","title":"Coffee & Tea"}],"coordinates":{"latitude":58.3624649048,"longitude":-134.5767669678},"display_phone":"(907) 523-1165","hours":[{"open":[{"is_overnight":false,"start":"0500","end":"1800","day":0},{"is_overnight":false,"start":"0500","end":"1800","day":1},{"is_overnight":false,"start":"0500","end":"1800","day":2},{"is_overnight":false,"start":"0500","end":"1800","day":3},{"is_overnight":false,"start":"0500","end":"1800","day":4},{"is_overnight":false,"start":"0530","end":"1800","day":5},{"is_overnight":false,"start":"0600","end":"1800","day":6}],"hours_type":"REGULAR","is_open_now":true}],"id":"CTcW7ZKy_3xWjktYyageyA","image_url":"https:\/\/s3-media2.fl.yelpcdn.com\/bphoto\/kTX39Y9gyX7xFiHThRFnMg\/o.jpg","is_claimed":true,"is_closed":false,"location":{"address1":"8745 Glacier Hwy","address2":null,"address3":null,"city":"Juneau","zip_code":"99801","country":"US","state":"AK","display_address":["8745 Glacier Hwy","Juneau, AK 99801"],"cross_streets":""},"name":"Flying Squirrel Espresso","phone":"+19075231165","photos":["https:\/\/s3-media2.fl.yelpcdn.com\/bphoto\/kTX39Y9gyX7xFiHThRFnMg\/o.jpg","https:\/\/s3-media1.fl.yelpcdn.com\/bphoto\/w1JUpr_orb618S-ubZHfUA\/o.jpg","https:\/\/s3-media1.fl.yelpcdn.com\/bphoto\/S7HuV5W1rR4lVIzyY8Djcg\/o.jpg"],"price":"$$","rating":4.0,"review_count":9,"transactions":[],"url":"https:\/\/www.yelp.com\/biz\/flying-squirrel-espresso-juneau?adjust_creative=3XFlswbSIE7Ti6WzVie74g&utm_campaign=yelp_api_v3&utm_medium=api_v3_business_lookup&utm_source=3XFlswbSIE7Ti6WzVie74g"}
{"alias":"starbucks-juneau","categories":[{"alias":"coffee","title":"Coffee & Tea"}],"coordinates":{"latitude":58.359256,"longitude":-134.562373},"display_phone":"(907) 789-6500","hours":[{"open":[{"is_overnight":false,"start":"0700","end":"2100","day":0},{"is_overnight":false,"start":"0700","end":"2100","day":1},{"is_overnight":false,"start":"0700","end":"2100","day":2},{"is_overnight":false,"start":"0700","end":"2100","day":3},{"is_overnight":false,"start":"0700","end":"2100","day":4},{"is_overnight":false,"start":"0700","end":"2100","day":5},{"is_overnight":false,"start":"0700","end":"2100","day":6}],"hours_type":"REGULAR","is_open_now":true}],"id":"7xWL3MEgjrM6V65w1QmEbA","image_url":"https:\/\/s3-media3.fl.yelpcdn.com\/bphoto\/Tf4ffypdZwYPZD31HTJ1vw\/o.jpg","is_claimed":true,"is_closed":false,"location":{"address1":"8181 Old Glacier Hwy","address2":"","address3":"Fred Meyer","city":"Juneau","zip_code":"99801","country":"US","state":"AK","display_address":["8181 Old Glacier Hwy","Fred Meyer","Juneau, AK 99801"],"cross_streets":""},"name":"Starbucks","phone":"+19077896500","photos":["https:\/\/s3-media3.fl.yelpcdn.com\/bphoto\/Tf4ffypdZwYPZD31HTJ1vw\/o.jpg","https:\/\/s3-media1.fl.yelpcdn.com\/bphoto\/cv4YTWNvSqpGl_ZokhLZIw\/o.jpg","https:\/\/s3-media2.fl.yelpcdn.com\/bphoto\/MohuB1BF_GHFElSBJxZpsg\/o.jpg"],"price":"$$","rating":1.5,"review_count":3,"transactions":[],"url":"https:\/\/www.yelp.com\/biz\/starbucks-juneau?adjust_creative=3XFlswbSIE7Ti6WzVie74g&utm_campaign=yelp_api_v3&utm_medium=api_v3_business_lookup&utm_source=3XFlswbSIE7Ti6WzVie74g"}
{"alias":"chilkat-cove-juneau","categories":[{"alias":"juicebars","title":"Juice Bars & Smoothies"},{"alias":"icecream","title":"Ice Cream & Frozen Yogurt"},{"alias":"coffee","title":"Coffee & Tea"}],"coordinates":{"latitude":58.29926,"longitude":-134.40752},"display_phone":"(907) 586-2525","hours":[{"open":[{"is_overnight":true,"start":"0000","end":"0000","day":0},{"is_overnight":false,"start":"1200","end":"0000","day":1},{"is_overnight":false,"start":"1200","end":"0000","day":2},{"is_overnight":false,"start":"1200","end":"0000","day":3},{"is_overnight":false,"start":"1200","end":"0000","day":4},{"is_overnight":false,"start":"1200","end":"0000","day":5},{"is_overnight":true,"start":"0000","end":"0000","day":6}],"hours_type":"REGULAR","is_open_now":true}],"id":"kqXR6PuG6tMsCUbnY75RDw","image_url":"https:\/\/s3-media2.fl.yelpcdn.com\/bphoto\/0L0NxQbgxS3UW3XweXVfOw\/o.jpg","is_claimed":false,"is_closed":false,"location":{"address1":"2 Marine Way","address2":"","address3":"","city":"Juneau","zip_code":"99801","country":"US","state":"AK","display_address":["2 Marine Way","Juneau, AK 99801"],"cross_streets":""},"name":"Chilkat Cove","phone":"+19075862525","photos":["https:\/\/s3-media2.fl.yelpcdn.com\/bphoto\/0L0NxQbgxS3UW3XweXVfOw\/o.jpg","https:\/\/s3-media2.fl.yelpcdn.com\/bphoto\/kUr3Hv_os32198AHhMEEMw\/o.jpg","https:\/\/s3-media2.fl.yelpcdn.com\/bphoto\/KbhlUB9ySvmGE72PABxUXg\/o.jpg"],"price":"$","rating":4.5,"review_count":5,"transactions":[],"url":"https:\/\/www.yelp.com\/biz\/chilkat-cove-juneau?adjust_creative=3XFlswbSIE7Ti6WzVie74g&utm_campaign=yelp_api_v3&utm_medium=api_v3_business_lookup&utm_source=3XFlswbSIE7Ti6WzVie74g"}
{"alias":"wild-oven-bakehouse-juneau","categories":[{"alias":"bakeries","title":"Bakeries"}],"coordinates":{"latitude":58.3019437,"longitude":-134.4075668},"display_phone":"(907) 321-6836","hours":[{"open":[{"is_overnight":false,"start":"1000","end":"1800","day":1},{"is_overnight":false,"start":"1000","end":"1800","day":2},{"is_overnight":false,"start":"1000","end":"1800","day":3},{"is_overnight":false,"start":"1000","end":"1800","day":4},{"is_overnight":false,"start":"1200","end":"1800","day":5}],"hours_type":"REGULAR","is_open_now":false}],"id":"bycYVa_n9yjZzd32dr7XMA","image_url":"https:\/\/s3-media3.fl.yelpcdn.com\/bphoto\/7EbfIasPWBLENhEVQ0cgPg\/o.jpg","is_claimed":false,"is_closed":false,"location":{"address1":"299 N Franklin St","address2":"Ste B","address3":"","city":"Juneau","zip_code":"99801","country":"US","state":"AK","display_address":["299 N Franklin St","Ste B","Juneau, AK 99801"],"cross_streets":""},"name":"Wild Oven Bakehouse","phone":"+19073216836","photos":["https:\/\/s3-media3.fl.yelpcdn.com\/bphoto\/7EbfIasPWBLENhEVQ0cgPg\/o.jpg"],"price":"$","rating":4.5,"review_count":3,"transactions":[],"url":"https:\/\/www.yelp.com\/biz\/wild-oven-bakehouse-juneau?adjust_creative=3XFlswbSIE7Ti6WzVie74g&utm_campaign=yelp_api_v3&utm_medium=api_v3_business_lookup&utm_source=3XFlswbSIE7Ti6WzVie74g"}
{"alias":"the-northern-tea-house-juneau","categories":[{"alias":"coffee","title":"Coffee & Tea"}],"coordinates":{"latitude":58.3644370642,"longitude":-134.5880452704},"display_phone":"(907) 780-3565","hours":[{"open":[{"is_overnight":false,"start":"1100","end":"1800","day":1},{"is_overnight":false,"start":"1100","end":"1800","day":2},{"is_overnight":false,"start":"1100","end":"1800","day":3},{"is_overnight":false,"start":"1100","end":"1800","day":4},{"is_overnight":false,"start":"1000","end":"1800","day":5},{"is_overnight":false,"start":"1200","end":"1700","day":6}],"hours_type":"REGULAR","is_open_now":false}],"id":"hFKNPCSux0y-kl5o9kNC1Q","image_url":"https:\/\/s3-media4.fl.yelpcdn.com\/bphoto\/c7ExX4e1ccxySPo7P0uOfw\/o.jpg","is_claimed":true,"is_closed":false,"location":{"address1":"9310 Glacier Hwy","address2":"Ste 103","address3":"","city":"Juneau","zip_code":"99801","country":"US","state":"AK","display_address":["9310 Glacier Hwy","Ste 103","Juneau, AK 99801"],"cross_streets":""},"name":"The Northern Tea House","phone":"+19077803565","photos":["https:\/\/s3-media4.fl.yelpcdn.com\/bphoto\/c7ExX4e1ccxySPo7P0uOfw\/o.jpg","https:\/\/s3-media3.fl.yelpcdn.com\/bphoto\/Urog8xXmb5MLBhpqZUzYMQ\/o.jpg","https:\/\/s3-media1.fl.yelpcdn.com\/bphoto\/pBJXkfhm7uQNdSH_oj3K1g\/o.jpg"],"price":"$","rating":5.0,"review_count":18,"transactions":[],"url":"https:\/\/www.yelp.com\/biz\/the-northern-tea-house-juneau?adjust_creative=3XFlswbSIE7Ti6WzVie74g&utm_campaign=yelp_api_v3&utm_medium=api_v3_business_lookup&utm_source=3XFlswbSIE7Ti6WzVie74g"}
{"alias":"alaskan-fudge-company-juneau","categories":[{"alias":"candy","title":"Candy Stores"}],"coordinates":{"latitude":58.30008,"longitude":-134.40444},"display_phone":"(907) 586-1478","hours":[{"open":[{"is_overnight":false,"start":"1000","end":"2100","day":0},{"is_overnight":false,"start":"0900","end":"2100","day":1},{"is_overnight":false,"start":"0900","end":"2100","day":2},{"is_overnight":false,"start":"0900","end":"2000","day":3},{"is_overnight":false,"start":"0900","end":"2000","day":4},{"is_overnight":false,"start":"0900","end":"2000","day":5},{"is_overnight":false,"start":"0900","end":"2100","day":6}],"hours_type":"REGULAR","is_open_now":true}],"id":"KqgjKDMfUzfkDdOqNLwLmA","image_url":"https:\/\/s3-media1.fl.yelpcdn.com\/bphoto\/5nYLghZERD9UMhBNG1NAVw\/o.jpg","is_claimed":true,"is_closed":false,"location":{"address1":"195 S Franklin St","address2":"","address3":"","city":"Juneau","zip_code":"99801","country":"US","state":"AK","display_address":["195 S Franklin St","Juneau, AK 99801"],"cross_streets":""},"name":"Alaskan Fudge Company","phone":"+19075861478","photos":["https:\/\/s3-media1.fl.yelpcdn.com\/bphoto\/5nYLghZERD9UMhBNG1NAVw\/o.jpg","https:\/\/s3-media2.fl.yelpcdn.com\/bphoto\/sGP67S-B_MzwKDa8MhsUkA\/o.jpg","https:\/\/s3-media1.fl.yelpcdn.com\/bphoto\/tmsLXfiPmO8YmhceSsczGw\/o.jpg"],"price":"$$","rating":4.0,"review_count":36,"transactions":[],"url":"https:\/\/www.yelp.com\/biz\/alaskan-fudge-company-juneau?adjust_creative=3XFlswbSIE7Ti6WzVie74g&utm_campaign=yelp_api_v3&utm_medium=api_v3_business_lookup&utm_source=3XFlswbSIE7Ti6WzVie74g"}
{"alias":"sob-grinds-shaka-shack-juneau","categories":[{"alias":"hawaiian","title":"Hawaiian"},{"alias":"coffee","title":"Coffee & Tea"},{"alias":"shavedice","title":"Shaved Ice"}],"coordinates":{"latitude":58.3010217457,"longitude":-134.4116105139},"display_phone":"(760) 809-8151","hours":[{"open":[{"is_overnight":false,"start":"0700","end":"1530","day":0},{"is_overnight":false,"start":"0700","end":"1530","day":1},{"is_overnight":false,"start":"0700","end":"1530","day":2},{"is_overnight":false,"start":"0700","end":"1530","day":3},{"is_overnight":false,"start":"0700","end":"1530","day":4}],"hours_type":"REGULAR","is_open_now":false}],"id":"CrY48bbHt5vYgoAR_F0cDQ","image_url":"https:\/\/s3-media1.fl.yelpcdn.com\/bphoto\/UR8Ae1pyRFXL9g-jDPdcqA\/o.jpg","is_claimed":false,"is_closed":false,"location":{"address1":"333 Willoughby Ave","address2":"State Office Building, Fl 8","address3":null,"city":"Juneau","zip_code":"99801","country":"US","state":"AK","display_address":["333 Willoughby Ave","State Office Building, Fl 8","Juneau, AK 99801"],"cross_streets":""},"name":"SOB Grinds-Shaka Shack","phone":"+17608098151","photos":["https:\/\/s3-media1.fl.yelpcdn.com\/bphoto\/UR8Ae1pyRFXL9g-jDPdcqA\/o.jpg","https:\/\/s3-media4.fl.yelpcdn.com\/bphoto\/ewmKlNe7SxXnnCSdAV48Qg\/o.jpg","https:\/\/s3-media1.fl.yelpcdn.com\/bphoto\/dK7T5fk4ZCQTZzpl5EZg0w\/o.jpg"],"price":null,"rating":5.0,"review_count":1,"transactions":[],"url":"https:\/\/www.yelp.com\/biz\/sob-grinds-shaka-shack-juneau?adjust_creative=3XFlswbSIE7Ti6WzVie74g&utm_campaign=yelp_api_v3&utm_medium=api_v3_business_lookup&utm_source=3XFlswbSIE7Ti6WzVie74g"}
{"alias":"the-port-juneau-2","categories":[{"alias":"gourmet","title":"Specialty Food"},{"alias":"accessories","title":"Accessories"},{"alias":"galleries","title":"Art Galleries"}],"coordinates":{"latitude":58.2979930274,"longitude":-134.403525713},"display_phone":"(907) 957-4476","hours":[{"open":[{"is_overnight":false,"start":"1100","end":"2000","day":0},{"is_overnight":false,"start":"1000","end":"2000","day":1},{"is_overnight":false,"start":"1000","end":"2000","day":2},{"is_overnight":false,"start":"1000","end":"2000","day":3},{"is_overnight":false,"start":"1000","end":"1900","day":4},{"is_overnight":false,"start":"1000","end":"1800","day":5},{"is_overnight":false,"start":"1000","end":"2000","day":6}],"hours_type":"REGULAR","is_open_now":true}],"id":"NrUWvcWhvW8QBTI5H4lmaw","image_url":"https:\/\/s3-media3.fl.yelpcdn.com\/bphoto\/7GyG5du_seUZRfQboBN1Mw\/o.jpg","is_claimed":true,"is_closed":false,"location":{"address1":"356 S Franklin St","address2":null,"address3":"","city":"Juneau","zip_code":"99801","country":"US","state":"AK","display_address":["356 S Franklin St","Juneau, AK 99801"],"cross_streets":""},"name":"The Port","phone":"+19079574476","photos":["https:\/\/s3-media3.fl.yelpcdn.com\/bphoto\/7GyG5du_seUZRfQboBN1Mw\/o.jpg","https:\/\/s3-media1.fl.yelpcdn.com\/bphoto\/a0YQ62sTkxUOdHD4eowxkw\/o.jpg","https:\/\/s3-media4.fl.yelpcdn.com\/bphoto\/C3c7tSoSkwHpano5BrsZoQ\/o.jpg"],"price":"$$","rating":5.0,"review_count":4,"transactions":[],"url":"https:\/\/www.yelp.com\/biz\/the-port-juneau-2?adjust_creative=3XFlswbSIE7Ti6WzVie74g&utm_campaign=yelp_api_v3&utm_medium=api_v3_business_lookup&utm_source=3XFlswbSIE7Ti6WzVie74g"}
{"alias":"smileys-old-fashioned-kettle-corn-juneau","categories":[{"alias":"gourmet","title":"Specialty Food"}],"coordinates":{"latitude":58.30028,"longitude":-134.40574},"display_phone":"","hours":null,"id":"8E0BXjmeaEu5nmbnI_vNyw","image_url":"https:\/\/s3-media1.fl.yelpcdn.com\/bphoto\/I0oKWccoCwVWjVUYn1guXQ\/o.jpg","is_claimed":false,"is_closed":false,"location":{"address1":"156 S Franklin St","address2":"","address3":null,"city":"Juneau","zip_code":"99801","country":"US","state":"AK","display_address":["156 S Franklin St","Juneau, AK 99801"],"cross_streets":""},"name":"Smiley's Old Fashioned Kettle Corn","phone":"","photos":["https:\/\/s3-media1.fl.yelpcdn.com\/bphoto\/I0oKWccoCwVWjVUYn1guXQ\/o.jpg","https:\/\/s3-media2.fl.yelpcdn.com\/bphoto\/IDTpq9P4VPgtMn4nQlLb_w\/o.jpg","https:\/\/s3-media2.fl.yelpcdn.com\/bphoto\/_qor3M59eG1S4zBjy1ZKFA\/o.jpg"],"price":null,"rating":4.0,"review_count":4,"transactions":[],"url":"https:\/\/www.yelp.com\/biz\/smileys-old-fashioned-kettle-corn-juneau?adjust_creative=3XFlswbSIE7Ti6WzVie74g&utm_campaign=yelp_api_v3&utm_medium=api_v3_business_lookup&utm_source=3XFlswbSIE7Ti6WzVie74g"}
{"alias":"rainbow-foods-juneau","categories":[{"alias":"healthmarkets","title":"Health Markets"}],"coordinates":{"latitude":58.3024597168,"longitude":-134.4093322754},"display_phone":"(907) 586-6476","hours":[{"open":[{"is_overnight":false,"start":"0900","end":"1900","day":0},{"is_overnight":false,"start":"0900","end":"1900","day":1},{"is_overnight":false,"start":"0900","end":"1900","day":2},{"is_overnight":false,"start":"0900","end":"1900","day":3},{"is_overnight":false,"start":"0900","end":"1900","day":4},{"is_overnight":false,"start":"1000","end":"1800","day":5},{"is_overnight":false,"start":"1000","end":"1800","day":6}],"hours_type":"REGULAR","is_open_now":true}],"id":"MQEoL-ZEYJ_4HUA02Qi-2A","image_url":"https:\/\/s3-media4.fl.yelpcdn.com\/bphoto\/qPMDd0jPeYN1ZArQPxbuLg\/o.jpg","is_claimed":true,"is_closed":false,"location":{"address1":"224 4th St","address2":"","address3":"","city":"Juneau","zip_code":"99801","country":"US","state":"AK","display_address":["224 4th St","Juneau, AK 99801"],"cross_streets":""},"name":"Rainbow Foods","phone":"+19075866476","photos":["https:\/\/s3-media4.fl.yelpcdn.com\/bphoto\/qPMDd0jPeYN1ZArQPxbuLg\/o.jpg","https:\/\/s3-media1.fl.yelpcdn.com\/bphoto\/O85GV0eu62qYG2-TUbWnKA\/o.jpg","https:\/\/s3-media1.fl.yelpcdn.com\/bphoto\/kx950K9-XM8lE9fvKFLXjQ\/o.jpg"],"price":"$$$","rating":4.0,"review_count":18,"transactions":[],"url":"https:\/\/www.yelp.com\/biz\/rainbow-foods-juneau?adjust_creative=3XFlswbSIE7Ti6WzVie74g&utm_campaign=yelp_api_v3&utm_medium=api_v3_business_lookup&utm_source=3XFlswbSIE7Ti6WzVie74g"}
{"alias":"the-narrows-bar-juneau-2","categories":[{"alias":"cocktailbars","title":"Cocktail Bars"}],"coordinates":{"latitude":58.30034,"longitude":-134.40569},"display_phone":"(415) 205-3704","hours":[{"open":[{"is_overnight":true,"start":"1300","end":"0100","day":0},{"is_overnight":true,"start":"1300","end":"0100","day":1},{"is_overnight":true,"start":"1300","end":"0100","day":2},{"is_overnight":true,"start":"1300","end":"0100","day":3},{"is_overnight":true,"start":"1300","end":"0300","day":4},{"is_overnight":true,"start":"1300","end":"0300","day":5},{"is_overnight":true,"start":"1300","end":"0100","day":6}],"hours_type":"REGULAR","is_open_now":true}],"id":"HM2hJbUhJqG4SA2LKpKYXw","image_url":"https:\/\/s3-media3.fl.yelpcdn.com\/bphoto\/lhDiloruXRpoHjIJBF5tGA\/o.jpg","is_claimed":true,"is_closed":false,"location":{"address1":"148 S Franklin St","address2":null,"address3":"","city":"Juneau","zip_code":"99801","country":"US","state":"AK","display_address":["148 S Franklin St","Juneau, AK 99801"],"cross_streets":""},"name":"The Narrows Bar","phone":"+14152053704","photos":["https:\/\/s3-media3.fl.yelpcdn.com\/bphoto\/lhDiloruXRpoHjIJBF5tGA\/o.jpg","https:\/\/s3-media3.fl.yelpcdn.com\/bphoto\/ynqvHVlrIrnKkWapB8KXaA\/o.jpg","https:\/\/s3-media2.fl.yelpcdn.com\/bphoto\/CjmecrPHUZ5AB5rbFz0Wpg\/o.jpg"],"price":"$$","rating":4.5,"review_count":25,"transactions":[],"url":"https:\/\/www.yelp.com\/biz\/the-narrows-bar-juneau-2?adjust_creative=3XFlswbSIE7Ti6WzVie74g&utm_campaign=yelp_api_v3&utm_medium=api_v3_business_lookup&utm_source=3XFlswbSIE7Ti6WzVie74g"}
{"alias":"the-imperial-saloon-juneau","categories":[{"alias":"bars","title":"Bars"}],"coordinates":{"latitude":58.3004943034,"longitude":-134.406089451},"display_phone":"(907) 586-1960","hours":[{"open":[{"is_overnight":true,"start":"1100","end":"0100","day":0},{"is_overnight":true,"start":"1100","end":"0100","day":1},{"is_overnight":true,"start":"1100","end":"0100","day":2},{"is_overnight":true,"start":"1100","end":"0100","day":3},{"is_overnight":true,"start":"1100","end":"0300","day":4},{"is_overnight":true,"start":"1100","end":"0300","day":5},{"is_overnight":true,"start":"1100","end":"0100","day":6}],"hours_type":"REGULAR","is_open_now":true}],"id":"mZfYR7aT0ju6ocsbcN57Ug","image_url":"https:\/\/s3-media4.fl.yelpcdn.com\/bphoto\/tD_m1vSCA4j7_QT6gEXZog\/o.jpg","is_claimed":false,"is_closed":false,"location":{"address1":"261 Front St","address2":"","address3":"","city":"Juneau","zip_code":"99801","country":"US","state":"AK","display_address":["261 Front St","Juneau, AK 99801"],"cross_streets":""},"name":"The Imperial Saloon","phone":"+19075861960","photos":["https:\/\/s3-media4.fl.yelpcdn.com\/bphoto\/tD_m1vSCA4j7_QT6gEXZog\/o.jpg","https:\/\/s3-media1.fl.yelpcdn.com\/bphoto\/ESZdvZugQ9Tm0ACYr2MQfA\/o.jpg","https:\/\/s3-media1.fl.yelpcdn.com\/bphoto\/COVX4s0_sHO9uQKAx82MyA\/o.jpg"],"price":"$$","rating":4.0,"review_count":24,"transactions":[],"url":"https:\/\/www.yelp.com\/biz\/the-imperial-saloon-juneau?adjust_creative=3XFlswbSIE7Ti6WzVie74g&utm_campaign=yelp_api_v3&utm_medium=api_v3_business_lookup&utm_source=3XFlswbSIE7Ti6WzVie74g"}
{"alias":"lucky-lady-pub-juneau","categories":[{"alias":"irish_pubs","title":"Irish Pub"}],"coordinates":{"latitude":58.2995911,"longitude":-134.4056091},"display_phone":"","hours":null,"id":"jOTD7iWuHVV19AtdIbAkwA","image_url":"https:\/\/s3-media1.fl.yelpcdn.com\/bphoto\/uEYjCqc326jeZybmgH8yQQ\/o.jpg","is_claimed":false,"is_closed":false,"location":{"address1":"211 Shattuck Way","address2":"","address3":"","city":"Juneau","zip_code":"99801","country":"US","state":"AK","display_address":["211 Shattuck Way","Juneau, AK 99801"],"cross_streets":""},"name":"Lucky Lady Pub","phone":"","photos":["https:\/\/s3-media1.fl.yelpcdn.com\/bphoto\/uEYjCqc326jeZybmgH8yQQ\/o.jpg","https:\/\/s3-media1.fl.yelpcdn.com\/bphoto\/cUh0sq7_UeVP1onP4Z4gNQ\/o.jpg","https:\/\/s3-media4.fl.yelpcdn.com\/bphoto\/KlrQIVEY-VCuJ-uw-QjS-Q\/o.jpg"],"price":"$$","rating":4.5,"review_count":9,"transactions":[],"url":"https:\/\/www.yelp.com\/biz\/lucky-lady-pub-juneau?adjust_creative=3XFlswbSIE7Ti6WzVie74g&utm_campaign=yelp_api_v3&utm_medium=api_v3_business_lookup&utm_source=3XFlswbSIE7Ti6WzVie74g"}
{"alias":"triangle-club-juneau","categories":[{"alias":"localflavor","title":"Local Flavor"},{"alias":"lounges","title":"Lounges"}],"coordinates":{"latitude":58.30045,"longitude":-134.40584},"display_phone":"(907) 586-3140","hours":[{"open":[{"is_overnight":true,"start":"0900","end":"0100","day":0},{"is_overnight":true,"start":"0900","end":"0100","day":1},{"is_overnight":true,"start":"0900","end":"0100","day":2},{"is_overnight":true,"start":"0900","end":"0100","day":3},{"is_overnight":true,"start":"0900","end":"0100","day":4},{"is_overnight":true,"start":"0900","end":"0100","day":5},{"is_overnight":true,"start":"0900","end":"0100","day":6}],"hours_type":"REGULAR","is_open_now":true}],"id":"_ZT42iLx4qi6rzVIFk2Oeg","image_url":"https:\/\/s3-media1.fl.yelpcdn.com\/bphoto\/gs2bvO7HP0inkp90pAi6Aw\/o.jpg","is_claimed":true,"is_closed":false,"location":{"address1":"251 Front St","address2":"","address3":"","city":"Juneau","zip_code":"99801","country":"US","state":"AK","display_address":["251 Front St","Juneau, AK 99801"],"cross_streets":""},"name":"Triangle Club","phone":"+19075863140","photos":["https:\/\/s3-media1.fl.yelpcdn.com\/bphoto\/gs2bvO7HP0inkp90pAi6Aw\/o.jpg","https:\/\/s3-media1.fl.yelpcdn.com\/bphoto\/kTbf40UPnpnOUMu3pYGtVA\/o.jpg","https:\/\/s3-media3.fl.yelpcdn.com\/bphoto\/M-o-AXtMo054eopRnQBVbw\/o.jpg"],"price":"$$","rating":4.0,"review_count":16,"transactions":[],"url":"https:\/\/www.yelp.com\/biz\/triangle-club-juneau?adjust_creative=3XFlswbSIE7Ti6WzVie74g&utm_campaign=yelp_api_v3&utm_medium=api_v3_business_lookup&utm_source=3XFlswbSIE7Ti6WzVie74g"}
{"alias":"alaskan-hotel-and-bar-juneau","categories":[{"alias":"hotels","title":"Hotels"},{"alias":"bars","title":"Bars"}],"coordinates":{"latitude":58.3002457023,"longitude":-134.4050444663},"display_phone":"(907) 586-1000","hours":[{"open":[{"is_overnight":true,"start":"0000","end":"0000","day":0},{"is_overnight":true,"start":"0000","end":"0000","day":1},{"is_overnight":true,"start":"0000","end":"0000","day":2},{"is_overnight":true,"start":"0000","end":"0000","day":3},{"is_overnight":true,"start":"0000","end":"0000","day":4},{"is_overnight":true,"start":"0000","end":"0000","day":5},{"is_overnight":true,"start":"0000","end":"0000","day":6}],"hours_type":"REGULAR","is_open_now":true}],"id":"qBXE05ITaZSmrCLJNRlsFA","image_url":"https:\/\/s3-media4.fl.yelpcdn.com\/bphoto\/-R2Z5ZpRnoeDc2nJ2VJg0g\/o.jpg","is_claimed":true,"is_closed":false,"location":{"address1":"167 S Franklin St","address2":"","address3":"","city":"Juneau","zip_code":"99801","country":"US","state":"AK","display_address":["167 S Franklin St","Juneau, AK 99801"],"cross_streets":""},"name":"Alaskan Hotel & Bar","phone":"+19075861000","photos":["https:\/\/s3-media4.fl.yelpcdn.com\/bphoto\/-R2Z5ZpRnoeDc2nJ2VJg0g\/o.jpg","https:\/\/s3-media3.fl.yelpcdn.com\/bphoto\/Ux6TAcakrRWIVzq47-2xwg\/o.jpg","https:\/\/s3-media2.fl.yelpcdn.com\/bphoto\/kojiQxloBUM0O5lIUgIemA\/o.jpg"],"price":"$$","rating":3.5,"review_count":55,"transactions":[],"url":"https:\/\/www.yelp.com\/biz\/alaskan-hotel-and-bar-juneau?adjust_creative=3XFlswbSIE7Ti6WzVie74g&utm_campaign=yelp_api_v3&utm_medium=api_v3_business_lookup&utm_source=3XFlswbSIE7Ti6WzVie74g"}
{"alias":"viking-lounge-pull-tabs-and-billiards-juneau","categories":[{"alias":"bars","title":"Bars"},{"alias":"poolhalls","title":"Pool Halls"}],"coordinates":{"latitude":58.3006520569,"longitude":-134.4068750739},"display_phone":"(907) 586-2159","hours":null,"id":"nLkvf2G8i497IVMYT3VYKw","image_url":"https:\/\/s3-media3.fl.yelpcdn.com\/bphoto\/lp4Ff8LavXTJp38VCTKFgg\/o.jpg","is_claimed":false,"is_closed":false,"location":{"address1":"218 Front St","address2":"","address3":"","city":"Juneau","zip_code":"99801","country":"US","state":"AK","display_address":["218 Front St","Juneau, AK 99801"],"cross_streets":""},"name":"Viking Lounge Pull Tabs & Billiards","phone":"+19075862159","photos":["https:\/\/s3-media3.fl.yelpcdn.com\/bphoto\/lp4Ff8LavXTJp38VCTKFgg\/o.jpg","https:\/\/s3-media4.fl.yelpcdn.com\/bphoto\/r6lGAKN2Z1mltk7ApnLU6w\/o.jpg","https:\/\/s3-media1.fl.yelpcdn.com\/bphoto\/P-t7_5sPDDfU9cPvP-7JXw\/o.jpg"],"price":"$$","rating":3.5,"review_count":26,"transactions":[],"url":"https:\/\/www.yelp.com\/biz\/viking-lounge-pull-tabs-and-billiards-juneau?adjust_creative=3XFlswbSIE7Ti6WzVie74g&utm_campaign=yelp_api_v3&utm_medium=api_v3_business_lookup&utm_source=3XFlswbSIE7Ti6WzVie74g"}
{"alias":"tracys-king-crab-shack-juneau-4","categories":[{"alias":"bars","title":"Bars"},{"alias":"seafood","title":"Seafood"}],"coordinates":{"latitude":58.2983131602,"longitude":-134.4135793544},"display_phone":"","hours":[{"open":[{"is_overnight":false,"start":"1030","end":"2030","day":0},{"is_overnight":false,"start":"1030","end":"2030","day":1},{"is_overnight":false,"start":"1030","end":"2030","day":2},{"is_overnight":false,"start":"1030","end":"2030","day":3},{"is_overnight":false,"start":"1030","end":"2030","day":4},{"is_overnight":false,"start":"1030","end":"2030","day":5}],"hours_type":"REGULAR","is_open_now":true}],"id":"BhPtgs98soQ_0A17-fsvkg","image_url":"https:\/\/s3-media3.fl.yelpcdn.com\/bphoto\/yo-a7cfKhXg2eMulZtouzA\/o.jpg","is_claimed":false,"is_closed":false,"location":{"address1":"300 Whittier St","address2":"","address3":null,"city":"Juneau","zip_code":"99801","country":"US","state":"AK","display_address":["300 Whittier St","Juneau, AK 99801"],"cross_streets":""},"name":"Tracy's King Crab Shack","phone":"","photos":["https:\/\/s3-media3.fl.yelpcdn.com\/bphoto\/yo-a7cfKhXg2eMulZtouzA\/o.jpg","https:\/\/s3-media1.fl.yelpcdn.com\/bphoto\/80aQ3LOjUhtd0BqEhkwE-A\/o.jpg"],"price":null,"rating":5.0,"review_count":1,"transactions":[],"url":"https:\/\/www.yelp.com\/biz\/tracys-king-crab-shack-juneau-4?adjust_creative=3XFlswbSIE7Ti6WzVie74g&utm_campaign=yelp_api_v3&utm_medium=api_v3_business_lookup&utm_source=3XFlswbSIE7Ti6WzVie74g"}
{"alias":"glacier-restaurant-lounge-and-catering-juneau","categories":[{"alias":"lounges","title":"Lounges"}],"coordinates":{"latitude":58.3597371,"longitude":-134.5835749},"display_phone":"(907) 790-3055","hours":null,"id":"sorc1PGJz2Ae9oEzudRaDg","image_url":"https:\/\/s3-media4.fl.yelpcdn.com\/bphoto\/ilug7du9_XRJvNoAijwNPw\/o.jpg","is_claimed":false,"is_closed":false,"location":{"address1":"1873 Shell Simmons Dr","address2":"","address3":"","city":"Juneau","zip_code":"99801","country":"US","state":"AK","display_address":["1873 Shell Simmons Dr","Juneau, AK 99801"],"cross_streets":""},"name":"Glacier Restaurant Lounge & Catering","phone":"+19077903055","photos":["https:\/\/s3-media4.fl.yelpcdn.com\/bphoto\/ilug7du9_XRJvNoAijwNPw\/o.jpg","https:\/\/s3-media1.fl.yelpcdn.com\/bphoto\/02If6FkcMYQyCULqbxIwZA\/o.jpg","https:\/\/s3-media2.fl.yelpcdn.com\/bphoto\/fbF3_8YPiEc5QP0syIb0RA\/o.jpg"],"price":"$$","rating":4.0,"review_count":1,"transactions":[],"url":"https:\/\/www.yelp.com\/biz\/glacier-restaurant-lounge-and-catering-juneau?adjust_creative=3XFlswbSIE7Ti6WzVie74g&utm_campaign=yelp_api_v3&utm_medium=api_v3_business_lookup&utm_source=3XFlswbSIE7Ti6WzVie74g"}
{"alias":"louies-douglas-inn-douglas","categories":[{"alias":"bars","title":"Bars"}],"coordinates":{"latitude":58.276382,"longitude":-134.394927},"display_phone":"(907) 364-2337","hours":[{"open":[{"is_overnight":true,"start":"1400","end":"0100","day":0},{"is_overnight":true,"start":"1400","end":"0100","day":1},{"is_overnight":true,"start":"1400","end":"0100","day":2},{"is_overnight":true,"start":"1400","end":"0100","day":3},{"is_overnight":true,"start":"1400","end":"0300","day":4},{"is_overnight":true,"start":"1100","end":"0300","day":5},{"is_overnight":false,"start":"1100","end":"0000","day":6}],"hours_type":"REGULAR","is_open_now":true}],"id":"lL9DOAKB1FoURBhAXqpnzw","image_url":"https:\/\/s3-media4.fl.yelpcdn.com\/bphoto\/ytVOJb5wetEHVylKSV1Opw\/o.jpg","is_claimed":false,"is_closed":false,"location":{"address1":"915 E 3rd St","address2":"","address3":"","city":"Douglas","zip_code":"99824","country":"US","state":"AK","display_address":["915 E 3rd St","Douglas, AK 99824"],"cross_streets":""},"name":"Louie's Douglas Inn","phone":"+19073642337","photos":["https:\/\/s3-media4.fl.yelpcdn.com\/bphoto\/ytVOJb5wetEHVylKSV1Opw\/o.jpg","https:\/\/s3-media1.fl.yelpcdn.com\/bphoto\/OJSIFSQYBOTZB_Mvtjtfkg\/o.jpg","https:\/\/s3-media4.fl.yelpcdn.com\/bphoto\/wlw6a5c3AnytSEtYE0KRlw\/o.jpg"],"price":null,"rating":4.5,"review_count":4,"transactions":[],"url":"https:\/\/www.yelp.com\/biz\/louies-douglas-inn-douglas?adjust_creative=3XFlswbSIE7Ti6WzVie74g&utm_campaign=yelp_api_v3&utm_medium=api_v3_business_lookup&utm_source=3XFlswbSIE7Ti6WzVie74g"}
{"alias":"tokyo-japanese-steak-house-juneau","categories":[{"alias":"japanese","title":"Japanese"}],"coordinates":{"latitude":58.3020820618,"longitude":-134.4092102051},"display_phone":"(907) 463-3119","hours":null,"id":"btc_t_jct_VtaP6G8W2lQg","image_url":"","is_claimed":false,"is_closed":false,"location":{"address1":"211 4th St","address2":"Ste 102","address3":"","city":"Juneau","zip_code":"99801","country":"US","state":"AK","display_address":["211 4th St","Ste 102","Juneau, AK 99801"],"cross_streets":""},"name":"Tokyo Japanese Steak House","phone":"+19074633119","photos":[],"price":null,"rating":1.0,"review_count":1,"transactions":[],"url":"https:\/\/www.yelp.com\/biz\/tokyo-japanese-steak-house-juneau?adjust_creative=3XFlswbSIE7Ti6WzVie74g&utm_campaign=yelp_api_v3&utm_medium=api_v3_business_lookup&utm_source=3XFlswbSIE7Ti6WzVie74g"}
{"alias":"barnaby-brewing-company-juneau","categories":[{"alias":"breweries","title":"Breweries"},{"alias":"accessories","title":"Accessories"},{"alias":"menscloth","title":"Men's Clothing"}],"coordinates":{"latitude":58.301695123,"longitude":-134.407523437},"display_phone":"(907) 419-0916","hours":[{"open":[{"is_overnight":false,"start":"1630","end":"1930","day":3},{"is_overnight":false,"start":"1630","end":"1930","day":4},{"is_overnight":false,"start":"1200","end":"1930","day":5},{"is_overnight":false,"start":"1200","end":"1600","day":6}],"hours_type":"REGULAR","is_open_now":false}],"id":"uDt3C5h2gi1b3Np2WdYzZg","image_url":"https:\/\/s3-media1.fl.yelpcdn.com\/bphoto\/sqeydxUPxkJKCgDnd18E8g\/o.jpg","is_claimed":true,"is_closed":false,"location":{"address1":"206 N Franklin St","address2":"Ste 1","address3":null,"city":"Juneau","zip_code":"99801","country":"US","state":"AK","display_address":["206 N Franklin St","Ste 1","Juneau, AK 99801"],"cross_streets":""},"name":"Barnaby Brewing Company","phone":"+19074190916","photos":["https:\/\/s3-media1.fl.yelpcdn.com\/bphoto\/sqeydxUPxkJKCgDnd18E8g\/o.jpg","https:\/\/s3-media4.fl.yelpcdn.com\/bphoto\/AW55JEuc4hN9UKcBL76_Ug\/o.jpg","https:\/\/s3-media1.fl.yelpcdn.com\/bphoto\/YdOo1hdsh6IVkQjiW7urXw\/o.jpg"],"price":"$","rating":4.5,"review_count":30,"transactions":[],"url":"https:\/\/www.yelp.com\/biz\/barnaby-brewing-company-juneau?adjust_creative=3XFlswbSIE7Ti6WzVie74g&utm_campaign=yelp_api_v3&utm_medium=api_v3_business_lookup&utm_source=3XFlswbSIE7Ti6WzVie74g"}
{"alias":"alaskan-brewing-company-juneau","categories":[{"alias":"breweries","title":"Breweries"}],"coordinates":{"latitude":58.3569,"longitude":-134.48928},"display_phone":"(907) 780-5866","hours":[{"open":[{"is_overnight":false,"start":"1100","end":"1900","day":0},{"is_overnight":false,"start":"1100","end":"1900","day":1},{"is_overnight":false,"start":"1100","end":"1900","day":2},{"is_overnight":false,"start":"1100","end":"1900","day":3},{"is_overnight":false,"start":"1100","end":"1900","day":4},{"is_overnight":false,"start":"1100","end":"1900","day":5},{"is_overnight":false,"start":"1100","end":"1900","day":6}],"hours_type":"REGULAR","is_open_now":true}],"id":"HpiBCwwxwgrHTML9RBp_zQ","image_url":"https:\/\/s3-media2.fl.yelpcdn.com\/bphoto\/xwOgP7Dxstl6NE4y5fy4bA\/o.jpg","is_claimed":true,"is_closed":false,"location":{"address1":"5429 Shaune Dr","address2":"","address3":"","city":"Juneau","zip_code":"99801","country":"US","state":"AK","display_address":["5429 Shaune Dr","Juneau, AK 99801"],"cross_streets":""},"name":"Alaskan Brewing Company","phone":"+19077805866","photos":["https:\/\/s3-media2.fl.yelpcdn.com\/bphoto\/xwOgP7Dxstl6NE4y5fy4bA\/o.jpg","https:\/\/s3-media1.fl.yelpcdn.com\/bphoto\/i6kO3NMyqKkaepryqO3wbA\/o.jpg","https:\/\/s3-media3.fl.yelpcdn.com\/bphoto\/HV1IqUMTA_NcZ9obl4iq9Q\/o.jpg"],"price":"$","rating":4.5,"review_count":108,"transactions":[],"url":"https:\/\/www.yelp.com\/biz\/alaskan-brewing-company-juneau?adjust_creative=3XFlswbSIE7Ti6WzVie74g&utm_campaign=yelp_api_v3&utm_medium=api_v3_business_lookup&utm_source=3XFlswbSIE7Ti6WzVie74g"}
{"alias":"raven-cafe-juneau","categories":[{"alias":"hotdogs","title":"Fast Food"}],"coordinates":{"latitude":58.30027,"longitude":-134.40595},"display_phone":"(907) 586-1968","hours":null,"id":"12AOcAKDBn2WE7I7jp_brw","image_url":"https:\/\/s3-media3.fl.yelpcdn.com\/bphoto\/w78mdMkrbP0frtGbyZRz2Q\/o.jpg","is_claimed":false,"is_closed":false,"location":{"address1":"241 Front St","address2":"","address3":"","city":"Juneau","zip_code":"99801","country":"US","state":"AK","display_address":["241 Front St","Juneau, AK 99801"],"cross_streets":""},"name":"Raven Cafe","phone":"+19075861968","photos":["https:\/\/s3-media3.fl.yelpcdn.com\/bphoto\/w78mdMkrbP0frtGbyZRz2Q\/o.jpg","https:\/\/s3-media1.fl.yelpcdn.com\/bphoto\/Zm6Mi6dCK6K41aoQk3HDkQ\/o.jpg","https:\/\/s3-media3.fl.yelpcdn.com\/bphoto\/tOeeX599EeYXwNWj4tZLpg\/o.jpg"],"price":"$$","rating":4.5,"review_count":3,"transactions":[],"url":"https:\/\/www.yelp.com\/biz\/raven-cafe-juneau?adjust_creative=3XFlswbSIE7Ti6WzVie74g&utm_campaign=yelp_api_v3&utm_medium=api_v3_business_lookup&utm_source=3XFlswbSIE7Ti6WzVie74g"}