{"coordinates":{"latitude":43.10114,"longitude":-76.20536},"cusine_rating":5.0,"display_phone":"(315) 451-9774","hours":null,"id":"b1Jw2SeBSzeosWnm0n0voA","location":{"address1":"201 1st St","address2":"","address3":"","city":"Liverpool","zip_code":"13088","country":"US","state":"NY","display_address":["201 1st St","Liverpool, NY 13088"],"cross_streets":""},"name":"Limp Lizard","price":"$$","url":"https:\/\/www.yelp.com\/biz\/limp-lizard-liverpool?adjust_creative=TGKIoQSXQWn0U4PGp0GCwA&utm_campaign=yelp_api_v3&utm_medium=api_v3_business_lookup&utm_source=TGKIoQSXQWn0U4PGp0GCwA"}
{"coordinates":{"latitude":43.04793,"longitude":-76.1511},"cusine_rating":4.2,"display_phone":"","hours":[{"open":[{"is_overnight":false,"start":"1130","end":"1430","day":0},{"is_overnight":false,"start":"1130","end":"2100","day":1},{"is_overnight":false,"start":"1130","end":"2100","day":2},{"is_overnight":false,"start":"1130","end":"2100","day":3},{"is_overnight":false,"start":"1130","end":"2200","day":4},{"is_overnight":false,"start":"1700","end":"2200","day":5},{"is_overnight":false,"start":"1700","end":"2100","day":6}],"hours_type":"REGULAR","is_open_now":true}],"id":"F9m7zCZRFuRuvAWL3Qk2vw","location":{"address1":"344 S Warren St","address2":"Ste 101","address3":"","city":"Syracuse","zip_code":"13202","country":"US","state":"NY","display_address":["344 S Warren St","Ste 101","Syracuse, NY 13202"],"cross_streets":""},"name":"Fabio's Antica Cucina","price":"$$","url":"https:\/\/www.yelp.com\/biz\/fabios-antica-cucina-syracuse?adjust_creative=TGKIoQSXQWn0U4PGp0GCwA&utm_campaign=yelp_api_v3&utm_medium=api_v3_business_lookup&utm_source=TGKIoQSXQWn0U4PGp0GCwA"}
{"coordinates":{"latitude":43.04793,"longitude":-76.1511},"cusine_rating":4.2,"display_phone":"","hours":[{"open":[{"is_overnight":false,"start":"1130","end":"1430","day":0},{"is_overnight":false,"start":"1130","end":"2100","day":1},{"is_overnight":false,"start":"1130","end":"2100","day":2},{"is_overnight":false,"start":"1130","end":"2100","day":3},{"is_overnight":false,"start":"1130","end":"2200","day":4},{"is_overnight":false,"start":"1700","end":"2200","day":5},{"is_overnight":false,"start":"1700","end":"2100","day":6}],"hours_type":"REGULAR","is_open_now":true}],"id":"F9m7zCZRFuRuvAWL3Qk2vw","location":{"address1":"344 S Warren St","address2":"Ste 101","address3":"","city":"Syracuse","zip_code":"13202","country":"US","state":"NY","display_address":["344 S Warren St","Ste 101","Syracuse, NY 13202"],"cross_streets":""},"name":"Fabio's Antica Cucina","price":"$$","url":"https:\/\/www.yelp.com\/biz\/fabios-antica-cucina-syracuse?adjust_creative=TGKIoQSXQWn0U4PGp0GCwA&utm_campaign=yelp_api_v3&utm_medium=api_v3_business_lookup&utm_source=TGKIoQSXQWn0U4PGp0GCwA"}
{"coordinates":{"latitude":43.1758432965,"longitude":-76.1113540828},"cusine_rating":3.62,"display_phone":"(315) 699-0494","hours":[{"open":[{"is_overnight":false,"start":"1000","end":"2100","day":0},{"is_overnight":false,"start":"1000","end":"2100","day":1},{"is_overnight":false,"start":"1000","end":"2100","day":2},{"is_overnight":false,"start":"1000","end":"2100","day":3},{"is_overnight":false,"start":"1000","end":"2100","day":4},{"is_overnight":false,"start":"1000","end":"2100","day":5},{"is_overnight":false,"start":"1000","end":"2100","day":6}],"hours_type":"REGULAR","is_open_now":true}],"id":"vmbclRzYBRd1zEYj7LYw7Q","location":{"address1":"5909 Rte 31","address2":"","address3":"","city":"Cicero","zip_code":"13039","country":"US","state":"NY","display_address":["5909 Rte 31","Cicero, NY 13039"],"cross_streets":""},"name":"Sapori by Antonio","price":"$$","url":"https:\/\/www.yelp.com\/biz\/sapori-by-antonio-cicero-2?adjust_creative=TGKIoQSXQWn0U4PGp0GCwA&utm_campaign=yelp_api_v3&utm_medium=api_v3_business_lookup&utm_source=TGKIoQSXQWn0U4PGp0GCwA"}
{"coordinates":{"latitude":43.1114596261,"longitude":-76.1429340887},"cusine_rating":3.44,"display_phone":"(315) 455-6477","hours":[{"open":[{"is_overnight":false,"start":"1030","end":"2100","day":0},{"is_overnight":false,"start":"1030","end":"2100","day":1},{"is_overnight":false,"start":"1030","end":"2100","day":2},{"is_overnight":false,"start":"1030","end":"2100","day":3},{"is_overnight":false,"start":"1030","end":"2200","day":4},{"is_overnight":false,"start":"1030","end":"2130","day":5}],"hours_type":"REGULAR","is_open_now":true}],"id":"0bFi3fIsci07FA9NPa5_QQ","location":{"address1":"231 Northern Lights Plz","address2":"","address3":"","city":"Syracuse","zip_code":"13212","country":"US","state":"NY","display_address":["231 Northern Lights Plz","Syracuse, NY 13212"],"cross_streets":""},"name":"Paladino's Pizza","price":"$","url":"https:\/\/www.yelp.com\/biz\/paladinos-pizza-syracuse-3?adjust_creative=TGKIoQSXQWn0U4PGp0GCwA&utm_campaign=yelp_api_v3&utm_medium=api_v3_business_lookup&utm_source=TGKIoQSXQWn0U4PGp0GCwA"}
{"coordinates":{"latitude":43.054813385,"longitude":-76.2337265015},"cusine_rating":3.38,"display_phone":"(315) 488-1311","hours":null,"id":"MHIrxsjTxhYOKEW8Mawh9Q","location":{"address1":"3247 Milton Ave","address2":"","address3":"","city":"Syracuse","zip_code":"13219","country":"US","state":"NY","display_address":["3247 Milton Ave","Syracuse, NY 13219"],"cross_streets":""},"name":"Casa Del Pane","price":"$$$","url":"https:\/\/www.yelp.com\/biz\/casa-del-pane-syracuse?adjust_creative=TGKIoQSXQWn0U4PGp0GCwA&utm_campaign=yelp_api_v3&utm_medium=api_v3_business_lookup&utm_source=TGKIoQSXQWn0U4PGp0GCwA"}
{"coordinates":{"latitude":43.069223,"longitude":-76.0005},"cusine_rating":3.31,"display_phone":"(315) 656-9000","hours":[{"open":[{"is_overnight":false,"start":"1100","end":"2200","day":0},{"is_overnight":false,"start":"1100","end":"2200","day":1},{"is_overnight":false,"start":"1100","end":"2200","day":2},{"is_overnight":false,"start":"1100","end":"2200","day":3},{"is_overnight":false,"start":"1100","end":"2200","day":4},{"is_overnight":false,"start":"1100","end":"2200","day":5},{"is_overnight":false,"start":"1200","end":"2200","day":6}],"hours_type":"REGULAR","is_open_now":true}],"id":"qnIBB_vNlo5m5RljvZwfdg","location":{"address1":"332 Costello Pkwy","address2":"","address3":"","city":"Minoa","zip_code":"13116","country":"US","state":"NY","display_address":["332 Costello Pkwy","Minoa, NY 13116"],"cross_streets":""},"name":"Parkway Pizza","price":"$","url":"https:\/\/www.yelp.com\/biz\/parkway-pizza-minoa?adjust_creative=TGKIoQSXQWn0U4PGp0GCwA&utm_campaign=yelp_api_v3&utm_medium=api_v3_business_lookup&utm_source=TGKIoQSXQWn0U4PGp0GCwA"}
{"coordinates":{"latitude":43.0641,"longitude":-76.06728},"cusine_rating":3.3,"display_phone":"(315) 432-9943","hours":null,"id":"fDBERv8SYWuKj-wI-XLFpA","location":{"address1":"225 E Manlius St","address2":"","address3":"","city":"East Syracuse","zip_code":"13057","country":"US","state":"NY","display_address":["225 E Manlius St","East Syracuse, NY 13057"],"cross_streets":""},"name":"Kostas Pizza House & Restaurant","price":"$","url":"https:\/\/www.yelp.com\/biz\/kostas-pizza-house-and-restaurant-east-syracuse?adjust_creative=TGKIoQSXQWn0U4PGp0GCwA&utm_campaign=yelp_api_v3&utm_medium=api_v3_business_lookup&utm_source=TGKIoQSXQWn0U4PGp0GCwA"}
{"coordinates":{"latitude":43.0950561765,"longitude":-76.1961615086},"cusine_rating":3.1,"display_phone":"(315) 451-7337","hours":[{"open":[{"is_overnight":false,"start":"1000","end":"2100","day":0},{"is_overnight":false,"start":"1000","end":"2100","day":1},{"is_overnight":false,"start":"1000","end":"2100","day":2},{"is_overnight":false,"start":"1000","end":"2100","day":3},{"is_overnight":false,"start":"1000","end":"2200","day":4},{"is_overnight":false,"start":"1000","end":"2200","day":5},{"is_overnight":false,"start":"1000","end":"2100","day":6}],"hours_type":"REGULAR","is_open_now":true}],"id":"bUs4CBzXkKJ5pqXJz-ji-w","location":{"address1":"700 Old Liverpool Rd","address2":"","address3":"","city":"Liverpool","zip_code":"13088","country":"US","state":"NY","display_address":["700 Old Liverpool Rd","Liverpool, NY 13088"],"cross_streets":""},"name":"Gino and Joe's Pizza Liverpool","price":"$","url":"https:\/\/www.yelp.com\/biz\/gino-and-joes-pizza-liverpool-liverpool?adjust_creative=TGKIoQSXQWn0U4PGp0GCwA&utm_campaign=yelp_api_v3&utm_medium=api_v3_business_lookup&utm_source=TGKIoQSXQWn0U4PGp0GCwA"}
{"coordinates":{"latitude":43.0981238,"longitude":-76.144985},"cusine_rating":3.04,"display_phone":"(315) 455-5150","hours":null,"id":"v6QaKY0hDYH2Otx-REB1CQ","location":{"address1":"2230 Brewerton Rd","address2":"Ste 3","address3":null,"city":"Syracuse","zip_code":"13211","country":"US","state":"NY","display_address":["2230 Brewerton Rd","Ste 3","Syracuse, NY 13211"],"cross_streets":""},"name":"Original Italian Pizza","price":"$","url":"https:\/\/www.yelp.com\/biz\/original-italian-pizza-syracuse-2?adjust_creative=TGKIoQSXQWn0U4PGp0GCwA&utm_campaign=yelp_api_v3&utm_medium=api_v3_business_lookup&utm_source=TGKIoQSXQWn0U4PGp0GCwA"}
{"coordinates":{"latitude":43.0518437234,"longitude":-76.266589936},"cusine_rating":2.85,"display_phone":"(315) 487-2698","hours":null,"id":"7_hTbMGN5mfdkh3KEt0FtQ","location":{"address1":"3797 Milton Ave","address2":"","address3":"","city":"Camillus","zip_code":"13031","country":"US","state":"NY","display_address":["3797 Milton Ave","Camillus, NY 13031"],"cross_streets":""},"name":"Doc's Pizzaria & Fishfry","price":"$$","url":"https:\/\/www.yelp.com\/biz\/docs-pizzaria-and-fishfry-camillus?adjust_creative=TGKIoQSXQWn0U4PGp0GCwA&utm_campaign=yelp_api_v3&utm_medium=api_v3_business_lookup&utm_source=TGKIoQSXQWn0U4PGp0GCwA"}
{"coordinates":{"latitude":43.05941,"longitude":-76.14775},"cusine_rating":2.69,"display_phone":"(315) 479-0606","hours":[{"open":[{"is_overnight":false,"start":"1030","end":"2200","day":0},{"is_overnight":false,"start":"1030","end":"2200","day":1},{"is_overnight":false,"start":"1030","end":"2200","day":2},{"is_overnight":false,"start":"1030","end":"2200","day":3},{"is_overnight":false,"start":"1030","end":"2200","day":4},{"is_overnight":false,"start":"1030","end":"2200","day":5},{"is_overnight":false,"start":"1400","end":"2100","day":6}],"hours_type":"REGULAR","is_open_now":true}],"id":"h6R3VSZzycPVLOKz54rNNA","location":{"address1":"500 Butternut St","address2":"","address3":"","city":"Syracuse","zip_code":"13208","country":"US","state":"NY","display_address":["500 Butternut St","Syracuse, NY 13208"],"cross_streets":""},"name":"Pavone's Pizza","price":"$","url":"https:\/\/www.yelp.com\/biz\/pavones-pizza-syracuse-2?adjust_creative=TGKIoQSXQWn0U4PGp0GCwA&utm_campaign=yelp_api_v3&utm_medium=api_v3_business_lookup&utm_source=TGKIoQSXQWn0U4PGp0GCwA"}
{"coordinates":{"latitude":43.0008202,"longitude":-76.1424408},"cusine_rating":1.0,"display_phone":"(315) 469-7097","hours":[{"open":[{"is_overnight":false,"start":"1000","end":"2100","day":0},{"is_overnight":false,"start":"1000","end":"2100","day":1},{"is_overnight":false,"start":"1000","end":"2100","day":2},{"is_overnight":false,"start":"1000","end":"2100","day":3},{"is_overnight":false,"start":"1000","end":"2100","day":4},{"is_overnight":false,"start":"1000","end":"2100","day":5},{"is_overnight":false,"start":"1100","end":"2000","day":6}],"hours_type":"REGULAR","is_open_now":true}],"id":"V57bJQeyHzYdmHzz9iy85w","location":{"address1":"105 E Seneca Tpke","address2":"","address3":"","city":"Syracuse","zip_code":"13205","country":"US","state":"NY","display_address":["105 E Seneca Tpke","Syracuse, NY 13205"],"cross_streets":""},"name":"Subway","price":"$","url":"https:\/\/www.yelp.com\/biz\/subway-syracuse-12?adjust_creative=TGKIoQSXQWn0U4PGp0GCwA&utm_campaign=yelp_api_v3&utm_medium=api_v3_business_lookup&utm_source=TGKIoQSXQWn0U4PGp0GCwA"}