{"id": "4Au4W4KhpeWQlu4QBknZPg", "text": ["Depending on the time you go eat on the quality of your sandwich. Morning afternoon hot fresh yummy sandwiches. In the evening hard bread sandwiches built...", "Nice corner NE location at 29th & Topeka.  Friendly staff.  Serves Coke products.  Our Med, Whole Wheat original sandwiches were made as ordered and HOT....", "Visited this Schlotzsky's location to redeem rewards from my Lotz4me account. The staff was very friendly. Food was served hot and fresh. We had anticipated..."], "rating": [4, 4, 4], "TBscore": [0.0, 0.36, 0.0], "normalisedRating": [0.6, 0.6, 0.6], "keywords": [["sandwich"], ["sandwich"], []]}
{"id": "pSN9qN2pDOBvOVciaOcoOw", "text": ["Have had majority good experiences, but sometimes employees are too busy talking to each other than helping customers. Would choose a different subway...", "This is a Subway Cafe, not just a regular Subway. So they also have a nice selection of coffees. The store itself is super clean and nice looking because it...", "I love this Subway. I enjoy must, but the people who work at this one really set themselves apart from the general Subway. I also LOVE the Subway app! It..."], "rating": [3, 4, 5], "TBscore": [0.0, 0.0, 0.0], "normalisedRating": [0.2, 0.6, 1.0], "keywords": [[], [], []]}
{"id": "m-2CJt6_58x830DHLG_jfw", "text": ["Just went through drive through at Jimmy John's and took the longest it ever has. When I pulled up the floor in the restaurant was full of trash. The girl...", "I have been to this location 3 times in the past couple weeks and my order has been incorrect 2 of the 3 times.  The wait at the counter for someone to take...", "Our family usually goes to the one on Wanamaker but this time we went to the one on Gage and we won't be making that mistake again. Bought 4 sandwiches 3..."], "rating": [2, 1, 2], "TBscore": [0.0, 0.0, -0.25], "normalisedRating": [-0.2, -0.6, -0.2], "keywords": [[], [], ["sandwich"]]}
{"id": "QN2mJwef1YwIrvdGpXIHNQ", "text": ["Standard Sonic Food but the slowest drive through I've experienced in a while. Seemed very clean.", "It's Sonic - just like all the others. Had a coupon the day I visited and there were no hiccups in the redemption of it. The order was correct and tasty.", "Over a 10 minute wait for my food,  the car next to me had to wait over 15 minutes.  Drive thru had 10 to15 cars before the car next to me got there food...."], "rating": [3, 4, 1], "TBscore": [0.0, 0.0, 0.0], "normalisedRating": [0.2, 0.6, -0.6], "keywords": [[], [], []]}
{"id": "YQZTtB_qDvzBsWuT-3o4TQ", "text": ["Really clean and attractive Chick-fil-A that has a sizable parking lot. Breakfast was better than most fast food places you'd know. The chicken biscuit...", "First time having Chick-fil-A and I can say this was a pleasant surprise.  I have since had other locations and I can state that this is a clear stand out....", "One of the cleanest, prettiest Chick-fil-A restaurants I've ever been inside of!! It was gorgeous--almost fancy feeling!! The atmosphere was very calm even..."], "rating": [5, 5, 5], "TBscore": [0.29, 0.0, 0.0], "normalisedRating": [1.0, 1.0, 1.0], "keywords": [["breakfast", "chicken"], [], []]}
{"id": "S0ephwKhk4Zk4m1WEZyDfw", "text": ["Edit: The response to my issues have been quick and very satisfying. It makes me really happy to know that even large businesses like Hy-Vee will still take...", "Disappointed...that's the best word to describe my experience. I travel frequently and I'm in the Topeka for several months working and visited this HyVee...", "Visited the Hyvee Cocina Mexicana food truck today at the Kansas Children's Discovery Center over lunch hour. It went way beyond my expectations.  The truck..."], "rating": [4, 1, 5], "TBscore": [0.0, 0.0, 0.0], "normalisedRating": [0.6, -0.6, 1.0], "keywords": [[], [], ["lunch"]]}
{"id": "qOlhw37V1Q1LS7gyb1Psqg", "text": ["Staff is friendly and the prices are more than fair. But honestly, the donuts are just \"meh\". They have no distinct flavor that makes me specifically crave...", "If you looking for just good old fashioned glazed donuts, this is the place. The plain glazed donuts are my personal favorite! Always soft and fresh. And...", "Been here a couple of times lately. The place is oddly big for a doughnut place, but it's nice to have the extra space around you if you dine in. It's..."], "rating": [3, 5, 4], "TBscore": [0.4, 0.23, 0.0], "normalisedRating": [0.2, 1.0, 0.6], "keywords": [["donut"], ["donut"], ["donut"]]}
{"id": "F9NWAdeLxgCFXhLfBXhQXQ", "text": ["Donuts from the 6th street location are not only just as fantastic,  but it makes it very convenient to pick some up on your morning commute.  The only...", "Went there this morning horrible service the young girl working there seemed like she did not want to be there rushing every order and they weren't even...", "The guy working the counter seemed grumpy the morning we stopped in. Kinda a bad first impression. Not a huge selection of doughnuts, but if you need a fix..."], "rating": [4, 1, 2], "TBscore": [0.0, 0.0, -0.22], "normalisedRating": [0.6, -0.6, -0.2], "keywords": [["donut"], [], ["donut"]]}
{"id": "lmdBbNpp0UVEq09hyMpWbw", "text": ["Most unfriendly staff ever. We were here August 25th at 1:45pm. The reason I'm putting the time and date is because whoever the girl with the longer dark...", "I thought I was hungry until I walked in this food complex and was attacked with the aroma of the bathroom. This quickly curved my appetite. The man...", "It's a good thing this place is not just down the street from my house. I totally love it. \n\nOn Memorial Day morning, my hubby and I decided to give it our..."], "rating": [1, 1, 5], "TBscore": [0.0, 0.0, 0.0], "normalisedRating": [-0.6, -0.6, 1.0], "keywords": [[], [], []]}
{"id": "e2JJLMlaNJy3vbJuRVa5QA", "text": ["I want to first say that when we first started to go to Marco's, we were very pleased with the taste, the ingredients and service at each visit.  \n\nNow for...", "First time carryout. \n\nWanted to include a picture of what was the deluxe. When you look at the price, and what kind of product Glory Day's and Old Chicago...", "For whatever reason, I had never tried Marco's until last night when a friend ordered some while I was at his house. I was so impressed, I had to order some..."], "rating": [1, 2, 4], "TBscore": [0.0, 0.0, 0.0], "normalisedRating": [-0.6, -0.2, 0.6], "keywords": [[], [], []]}
{"id": "Rn6w3C5Neo-VO8rHZjJz4w", "text": ["Wife and I enjoyed the spring weather on the outside patio around 11:30 AM  Sunday April 23, 2017.  The tables were clean, and the employees  were pleasant....", "If you're tired if the same old craptastic chains for delivery definitely give this place a try. Use their app, has good coupons on it. You won't be...", "Great customer service, we live far out. Only company that will deliver pizza to our home. Always hot and fresh. Glory day's is by far the best pizza Topeka..."], "rating": [2, 4, 4], "TBscore": [0.0, 0.0, 0.34], "normalisedRating": [-0.2, 0.6, 0.6], "keywords": [[], [], ["pizza"]]}
{"id": "-EzVmV8I_tF9oQbZ-omldw", "text": ["I go here often and always enjoy the pizza. The ingredients are fresh and plentiful. I like to have many toppings but my last trip I went outside my box and...", "Ordered 30 dollars worth of pizza. Received the worst pies from any pizza place Ive been to. Papa's is good, but not this location. Over 20 minutes for our...", "This is my local Papa Muphy's and we pick up quite often. The overall flavors are usually great. However, the look of the pizza when walking out of the..."], "rating": [4, 1, 4], "TBscore": [0.24, 0.0, 0.27], "normalisedRating": [0.6, -0.6, 0.6], "keywords": [["pizza"], ["pizza"], ["pizza"]]}
{"id": "xEScx8ncVhiz-YIW31tICw", "text": ["I went to papa Murpheys the other night because I don't cook, and I needed something to eat while I had a super bowl party that consisted only of me. I went...", "I come here frequently for the gluten free pizzas, and I have usually had pleasant enough experiences at the store at 1035 sw Gage. However, tonight I went...", "We are from the KC area, and we eat Papa Murphy's there quite frequently. We always call ahead and we have always had a great experience. Tonight we were in..."], "rating": [3, 1, 2], "TBscore": [0.0, 0.0, 0.0], "normalisedRating": [0.2, -0.6, -0.2], "keywords": [[], ["pizza", "gluten"], []]}
{"id": "z5uoifiEqDyUols6YGoWUQ", "text": ["Love love love love love love love love love love love love love love love love love love love love this place!!  I think they might have to expand even...", "Played free bingo here on a Sunday (1-3pm), really enjoyed it! \n FAVE BEERS: Gracie strawberry blonde, Hoppy basset ipa, Slow rise saison \nLeast but still...", "Fantastic atmosphere! The beers are really good! This brewery is solidifying it's place in Topeka. They have everything from pale ales, NE IPA, AIPA, Weiss,..."], "rating": [5, 4, 5], "TBscore": [0.0, 0.0, 0.0], "normalisedRating": [1.0, 0.6, 1.0], "keywords": [[], [], []]}
{"id": "XikpUQmNNqOYzGXaqYXVyg", "text": ["The Teriyaki Chicken pizza and the regular Pepperoni pizza were very delicious. The employees were friendly and the dining room was clean. Our pizzas came...", "We stopped here after an open house today for a quick lunch. It was fast and delicious.   We got the mobster pizza and the cheesy breadsticks. Lots of...", "Clean, fast, and awesome salad bar. \nWe ordered two medium pizzas and they were out to us in less than 20 minutes."], "rating": [5, 5, 5], "TBscore": [0.23, 0.21, 0.35], "normalisedRating": [1.0, 1.0, 1.0], "keywords": [["chicken", "pizza"], ["lunch", "pizza"], ["bar", "pizza"]]}
{"id": "vyHszKejUPpLK21PNOowSA", "text": ["I called ordered two pizzas before they closed...they charged me and never delivered.... WTF, why take the order and charge someone if you're not gonna...", "Order time was 6:22 pm with a 35 min promised delivery time, I called at 7:22 to find my order was out of the oven at 6:50 and still sitting there not being...", "Have had various orders messed up and sometime it takes a few hours for a pizza to show if it even shows up at all. wish I could give this zero stars"], "rating": [1, 1, 1], "TBscore": [-0.5, 0.0, 0.0], "normalisedRating": [-0.6, -0.6, -0.6], "keywords": [["pizza"], [], ["pizza"]]}
{"id": "w68saAm5J9ICY6-Ovdq01w", "text": ["Don't waste your time my food showed up late was cold and the manager had me on hold for 15 min and said hey not my problem was really rude", "Called to ask if they could put pepperoni on the side instead of on the pizza and they threatened to call the cops on me. Sorry I didn't know that dominos...", "Waited 2 hours for my pizza. Had to call the store twice, first time the call was ended abruptly as the employee mumbled and then ended the call. Second..."], "rating": [1, 1, 1], "TBscore": [0.0, -0.5, 0.0], "normalisedRating": [-0.6, -0.6, -0.6], "keywords": [[], ["pizza"], ["pizza"]]}
{"id": "hLUgjuukg_M_x0uD0ztSLw", "text": ["Was happy to see the smiles behind the counter.  Friendly help even during their busy lunch rush.  I had called in a special order and it was ready and it...", "Apparently, this location is also closed. They closed their Burlingame location and now their 6th and McVicar location is also closed.", "I like the cheesy bread. And the temperature of the building is good when it's hot and the staff is pretty friendly."], "rating": [5, 1, 3], "TBscore": [0.24, 0.0, 0.0], "normalisedRating": [1.0, -0.6, 0.2], "keywords": [["lunch"], [], []]}
{"id": "0aKwekwxqa8jRsJDohy63A", "text": ["This place makes sure that no one is looked down on for their coffee preference, while also helping anyone that wants to try something new, gain some...", "Interested in visiting a nationally recognized roaster that produces some of the best coffee beans in the United States? Look no further than Topeka, Kansas...", "Great local coffee roasters that have been around for years. Finally made it to the new location when back visiting earlier this year. Love getting my..."], "rating": [5, 5, 5], "TBscore": [0.0, 0.0, 0.0], "normalisedRating": [1.0, 1.0, 1.0], "keywords": [[], [], []]}
{"id": "gBzLIqSoGDM7ZUYR7qMIag", "text": ["The drive thru worker either couldn't hear, couldn't count past three, or didn't speak English. After correcting her 4 TIMES, she finally got the grande...", "The food - it's Taco Bell, just like we all know and love. Cheap and plentiful. And although they claim the Mexican Cuisine, we all know it's just colorful,...", "I love taco bells food. But it kind of grossed me out when I was ordering how a employee in the back was eating food at the food making station."], "rating": [2, 3, 3], "TBscore": [0.0, 0.3, 0.0], "normalisedRating": [-0.2, 0.2, 0.2], "keywords": [[], ["mexican"], []]}
{"id": "1L7eAmKgwP1iXAoJzEYPkw", "text": ["Can't believe every time we dine in it takes them 10-15 mins to make 2 bean burritos & 3 soft tacos. At least they were made right This time. It's fast...", "This is the worst Taco Bell in the world. Slow to serve. 25 minutes for food is not fast food. Poor attitude and lack of service. Chatting and texting on...", "Slowest Taco Bell I've ever been to. 5 for 5 times this has been a nightmare. You can turn your car off for 5 minutes at a time to save gas in the drive..."], "rating": [2, 1, 1], "TBscore": [0.0, 0.0, 0.0], "normalisedRating": [-0.2, -0.6, -0.6], "keywords": [["tacos"], [], []]}
{"id": "pQZ9LcB5OyoNw-MBh3bT1g", "text": ["Fantastic crepes and coffee. A must for your breakfast needs. The banana nutella crepe was amazing!\nCoffee is also very good and the small cups get you free...", "An interesting mix of aging hippies reading the newspaper to hipster Washburn students obsessing over their laptops. The d\u00e9cor is left-over '70's vibe...", "great coffee. I support local versus chain places. I like how close this spot is to my house. Open early too!\n\nHowever, staff is so-so. I think I've spent..."], "rating": [4, 4, 3], "TBscore": [0.44, 0.0, 0.0], "normalisedRating": [0.6, 0.6, 0.2], "keywords": [["breakfast"], [], []]}
{"id": "bo71APzMiEUez0wKE2b_NQ", "text": ["This was a great find. The popcorn is light and fluffy, not greasy and heavy. They have lots of different flavors, and the counter help was really friendly...", "I'm going to be careful not to oversell this place. They make, quite simply, the best popcorn in the world. Don't believe it's possible? Try for yourself", "One of my student parents gave me this for Christmas, I was blown away I didn't know popcorn could be so smooth and elegant. The tri one I think called..."], "rating": [5, 5, 5], "TBscore": [0.0, 0.0, 0.0], "normalisedRating": [1.0, 1.0, 1.0], "keywords": [[], [], []]}
{"id": "Z4CrZIII9eKJKbfLz0QWhg", "text": ["Visited here today after my son's soccer game.  Did not enjoy it as much as the one's in Lawrence.   Not as friendly.  Bathroom was broken. Sink didnt work...", "Giving this three stars because the smoothies are pretty good. Clean establishment. Don't get fooled by the name tho. This is NOT A JUICE BAR. This is a...", "For not being a chain, consistency is one of this joint's strong points! \n\nI've stopped in here a few times over the years to grab a smoothie and as far as..."], "rating": [3, 3, 4], "TBscore": [0.0, 0.44, 0.0], "normalisedRating": [0.2, 0.2, 0.6], "keywords": [[], ["bar"], []]}
{"id": "gATK_-JGaXOMzLyHhfZe3A", "text": ["Drive thru falling apart with helpless person at window. She had us pull forward and never brought out our cheeseburger! Drive Thru was getting so backed up...", "Just went through the drive through on 11/4/17 at 10:30pm, and Jesus Christ at how rude both girls working the windows were. Basically threw the bag at us...", "Bustling and busy, 50's themed and located on the Wanamaker corridor. Not much to say - it's a standard McDonalds."], "rating": [1, 1, 3], "TBscore": [0.0, 0.0, 0.0], "normalisedRating": [-0.6, -0.6, 0.2], "keywords": [["burger"], [], []]}
{"id": "ZxyGU_Jn-n6KKJaPjCAddQ", "text": ["Fries are never cooked, slow service, never get the orders right, and the fries are never over flowing.", "We made an order inside to go. When we got home we found that my sons hamburger happy meal had a bite taken out of it already. We called the store and took...", "I was driving back to Kansas City from Topeka and this place is right about a mile off the highway in a somewhat dirty, depressed neighborhood.  A fair..."], "rating": [1, 1, 2], "TBscore": [0.0, 0.8, 0.0], "normalisedRating": [-0.6, -0.6, -0.2], "keywords": [[], ["hamburger"], []]}
{"id": "fjRwdQ3xRB9ulI32cmEMRg", "text": ["I have had the misfortune of going to this bar a few time to see some local bands. The drinks where not priced too bad for the area. The staff where not the...", "The Boobie Trap has been a mainstay in Topeka for over 20 years. That right there should tell you something. I don't even live in Topeka, but when I pass...", "Some might call this a dive bar,  but those of us regular patrons call it home. A place for acceptance for all who enter. It's also hands down to catch live..."], "rating": [1, 5, 5], "TBscore": [-0.3, 0.0, 0.0], "normalisedRating": [-0.6, 1.0, 1.0], "keywords": [["bar"], [], ["bar"]]}
{"id": "aYMRvI-2MxjLRbr4SFfhXA", "text": ["Great bar love it here would come back any time dale and Victoria great people \nBest burger in town", "Only been in a few times. Has a home town small bar feel where the locals go. You can go in with friends or alone if you want to have a beer and keep to...", "Great place.. Great people... \nA real hometown bar where the beers cold, the bartenders are great with full bar and LIVE MUSIC out back!!!"], "rating": [5, 4, 5], "TBscore": [0.62, 0.0, 0.31], "normalisedRating": [1.0, 0.6, 1.0], "keywords": [["bar", "burger"], ["bar"], ["bar"]]}
{"id": "0QvErYPIdYp1yO2E2bIeBA", "text": ["Worse bar ever I got kicked out for not fighting and walking away from people starting crap there is mold and old beer bar should be shut down nasty...", "Not a college bar. More for a good night dancing with your significant other. Best bar in the city though.", "Probably the nicest country themed bar/club within an hour of Topeka.  Multiple bars, big dance floor, clean restrooms, and crowd feels safe.  Like the..."], "rating": [1, 4, 5], "TBscore": [-0.38, 0.49, 0.22], "normalisedRating": [-0.6, 0.6, 1.0], "keywords": [["bar"], ["bar"], ["bar"]]}
{"id": "JdjF7VdsiaYQb45Ac5ObRA", "text": ["What do you say, about this place? Emil the owner is one badass cat(alley cat that is).  Seriously though, best bar in Topeka, you wouldn't like it!!", "Brass rail is a nice bar in oakland. The owners are nice people. They do a lot of food specials and truly care for their community.", "Find yourself in Topeka for a night?  I would recommend hitting up the Brass Rail!  If you're looking for micro-brews, craft cocktails, small batch whisky,..."], "rating": [5, 5, 5], "TBscore": [0.33, 0.6, 0.0], "normalisedRating": [1.0, 1.0, 1.0], "keywords": [["bar"], ["bar"], []]}
{"id": "cekRbuEULEhmpDRAN0c0hw", "text": ["We stopped in because it was a bar open when we got into Topeka KS. I for one liked it quite a bit - it's certainly a locals bar and there were some happily...", "Neighborhood bar from my teenage years, yes, we could drink at 18. Local hangout after playing softball at Gage Park or a place to gather with friends....", "A small shack of a place. It always reminds me of 'Grandmother's house' in  Little Red Riding Hood, small and surrounded by trees almost hidden away, a..."], "rating": [3, 4, 3], "TBscore": [0.4, 0.0, 0.0], "normalisedRating": [0.2, 0.6, 0.2], "keywords": [["bar"], ["bar"], []]}
{"id": "cRMrUUphkXrQW1kTaSDnKw", "text": ["A hole in the wall bar,not the best looking place but I have a good time hanging out there with friends having a drink and they do have one of the Best Bar...", "I was very unhappy with my Thursday night service. The woman tending the bar shut down our tabs and made us leave our in-game action of billiards 20 minutes...", "This dive-bar serves as a meeting place for a lot of car and biker clubs. The interior is rather dark, dank and dated. I've never eaten inside, but I used..."], "rating": [4, 1, 3], "TBscore": [0.9, -0.28, 0.0], "normalisedRating": [0.6, -0.6, 0.2], "keywords": [["bar"], ["bar"], []]}
{"id": "mT39vsm6zgHQjgAlg-BwYg", "text": ["As other reviewers have said, the joint's super divey. It's one of my neighborhood go-to's, and I only experience drama when my crazy girlfriend has neared...", "True, this place is a dive, but that is what makes it great.  It's a true hole in the wall.  This place is dark and the beers are ice cold.  So cold that...", "This place is a dive. Neither the decor nor the patrons offer much to look at.  \nFriday is karaoke night. Best known for a handful of regulars, each with a..."], "rating": [3, 4, 1], "TBscore": [0.0, 0.0, 0.0], "normalisedRating": [0.2, 0.6, -0.6], "keywords": [[], [], []]}
{"id": "EWemRCSEyaAPeK8mDbNCaA", "text": ["Really good food. Had the roasted pork (pernil - pronounced kinda like pear-neel) with rice and beans, beef empanadas, and tostones (fried plantains....", "The food was delicious and the service was great!!! We went with a group of thirteen people and they made the arrangements to accomodate us all together and...", "This authentic Puerto Rican food just made my day!!! Everything was extremely FRESH and so delicious. This is the gem of Topeka. You will not be disappointed!"], "rating": [5, 5, 5], "TBscore": [0.7, 0.0, 0.0], "normalisedRating": [1.0, 1.0, 1.0], "keywords": [["beef"], [], []]}
{"id": "Eha6Wj3bj4Jj_y7gJdmWaA", "text": ["since my previous review, we have gotten take out from  Great Wall Chinese Restaurant.\nOur experience was totally different. Food was very tasty, Crab...", "Bad service. The lady that took my order was the same lady I met outside smoking a cigarette. My order was messed up, and I was the only customer at that...", "I felt like our waitress was rushing me to finish my food to i could get out of there. We got our receipt before we got our food. I was packing my food in a..."], "rating": [3, 1, 1], "TBscore": [0.0, 0.0, 0.0], "normalisedRating": [0.2, -0.6, -0.6], "keywords": [["chineese"], [], []]}
{"id": "JJCkq7ixB919j7YF-th6RQ", "text": ["There's lots of bad comments on here about this place, but I won't let that influence my review.    I ordered delivery and while it arrived timely and hot I...", "Unfortunately there is not option for \"No Stars\". (BTW... I think the other reviewer must be on the payroll. I can't think of any other reason to have gone...", "Fantastic food, first of all. The buffet selection is tasty and fresh and the wait staff is courteous and friendly. Plenty of convenient spacious parking on..."], "rating": [3, 1, 5], "TBscore": [0.0, 0.0, 0.0], "normalisedRating": [0.2, -0.6, 1.0], "keywords": [[], [], []]}
{"id": "eEjdXgqrItI0-oDm3-KDSQ", "text": ["I have been to this restaurant three times now and I have to say that it is my absolute favorite place to eat in Lawrence. I love Korean food. I make it at...", "We had Korean food in San Francisco but O Cafe in Lawrence Kansas is by far the BEST Korean restaurant.  It is beyond the 5 stars and this restaurant is a...", "Eric R. and I stopped here for lunch on the way back from the KC airport on Sunday.  We got to the parking lot about 6 minutes before the restaurant opened,..."], "rating": [5, 5, 4], "TBscore": [0.4, 0.55, 0.0], "normalisedRating": [1.0, 1.0, 0.6], "keywords": [["korean"], ["korean"], ["lunch"]]}
{"id": "H2YrANGiXbYcZyKHW2mzIA", "text": ["What a find!\nA Korean grocery store where Korean, not Chinese or Mexican chili powder is sold to make kimchi \nLOTS of choices not only on the shelves, but...", "We just moved to Leavenworth from Korea so when I looked for a Korean restaurant in this area was 1, surprised that there actually was a Korean restaurant...", "Great authentic korean food. Went with a group of 6 and everyone loved their dish.  Prices are good and service was friendly and attentive.   Loved the pork..."], "rating": [5, 5, 5], "TBscore": [0.0, 0.0, 0.6], "normalisedRating": [1.0, 1.0, 1.0], "keywords": [["mexican", "korean", "chineese"], ["korean"], ["korean"]]}
{"id": "ggnVF9m29tQsz3jVqhd7ig", "text": ["This is one of my favorite places to eat! The pho is really good. I've had the chicken pho mostly and have never had a bad experience with it. I've also had...", "The first 2 times I went here, it was great. Probably 4 star meals and service. But for now I'm giving 3 stars because recently we went here and I had the...", "Order at the counter when you go in, pay, and take a seat quickly if a table is open because they do not have many. Not particularly friendly, the folks..."], "rating": [5, 3, 2], "TBscore": [0.0, 0.0, 0.0], "normalisedRating": [1.0, 0.2, -0.2], "keywords": [["chicken"], [], []]}
{"id": "1Wh38c6vrS028SPWNfpIog", "text": ["Oh my goodness. I've live in CA and WA and have had some amazing sushi. For Kansas?! WOW. Sooo yummy & so fresh. Needless to say, i will be back!", "Reviews seem to go from bad to good\nFirst visit was after 5pm\nWasn't going to return \nWaitress was rude and rushed\nThere were a few take out orders as well...", "Delicious. Wonderful service. Perfect tempura shrimp roll. Spicy tuna was done just right. Plating was lovely."], "rating": [5, 4, 5], "TBscore": [0.0, 0.0, 0.0], "normalisedRating": [1.0, 0.6, 1.0], "keywords": [["sushi"], [], []]}
{"id": "sHVqE1jY__UjRXcMDJN3Wg", "text": ["AMAZING service! I have eaten food from here many times, but always delivery. This was my first time dining in and it did not disappoint. The food is still...", "Fantastic food for great price ! :) Great find for Asian food ! \nThe restaurant is spacious and had great ambience! Did not wait to get seated even on a...", "This is the best Chinese food we've had in a while. They also offer Thai, Korean and Japanese cuisine on the menu. I had the Moo Goo Gai Pan, it seemed so..."], "rating": [5, 4, 4], "TBscore": [0.0, 0.0, 0.33], "normalisedRating": [1.0, 0.6, 0.6], "keywords": [[], [], ["japanese", "korean", "chineese"]]}
{"id": "D8wfaw4j02WuzRk6dxC8rQ", "text": ["I think I order ramen bowls delivery at least once a week. You might say I'm obsessed. \nThis place is great, though, great owners, staff, menu, vibe, etc...", "I have heard many raving reviews of this place and was so excited for my next trip to Lawrence to finally try it out! \n\nRamen Bowls is in the perfect...", "This is a review from a takeout perspective, just FYI.\n\nIt's impressive they thought to keep the broth separate so nothing gets overcooked for takeout. It..."], "rating": [5, 4, 4], "TBscore": [0.0, 0.0, 0.0], "normalisedRating": [1.0, 0.6, 0.6], "keywords": [[], [], []]}
{"id": "_LhrGHhamqRFcu99nhiDPA", "text": ["Zen Zero has been one of my favorite restaurants since college. Their spring roll salad has all the flavors and textures you could ever want in a salad....", "Went to Lawrence before their final four game against Villanova.  The girlfriend went to KU and wanted to have that \"college experience\" that she had when...", "Went there for dinner on a Friday night with my husband. We got seated very quickly. They serve complimentary shrimp chips but being vegetarians we had to..."], "rating": [4, 3, 4], "TBscore": [0.0, 0.0, 0.37], "normalisedRating": [0.6, 0.2, 0.6], "keywords": [[], [], ["dinner"]]}
{"id": "xp2IYGVGtXANd9Utt_lGmA", "text": ["Came in today, around 11:20am.  The place had just opened and we were the only customers there.  The service was quick and friendly.  Prices were relatively...", "I am a fan of BBQ,  I am picky, yes,  But i have burnt \\ charcoaled briskets in the past that have tasted better. The portion was extremely tiny.  We got 4...", "I'm from GA and have been in NC for the last 10+ years so I was really looking forward to trying Kansas barbecue but this didn't come near 5 star quality...."], "rating": [4, 1, 2], "TBscore": [0.0, 0.0, 0.0], "normalisedRating": [0.6, -0.6, -0.2], "keywords": [[], [], []]}
{"id": "c4GWDlA3-vw490OMNRPJvg", "text": ["Most things here are good but slightly overpriced. Their star players are worth the cost, though. Other than a few hiccups with flies and a few quirks in...", "Cocktails ... GREAT!\nFood ... eh\nCustomer Service ... needs a lot of work. The bartender/server that helped me didn't seem like she cared or wanted to help....", "I have been excited to try this place since it opened, because the food sounded unique, fun, and delicious. I was totally disappointed and confused as to..."], "rating": [4, 3, 2], "TBscore": [0.0, 0.0, 0.0], "normalisedRating": [0.6, 0.2, -0.2], "keywords": [[], [], []]}
{"id": "qZR0ldjoUlXdHFZOiRe7eA", "text": ["This is my go to place for sushi in Lawrence!! I don't even live there anymore but when I do go back LFK, I always go back to Tokyo! The staff there treats...", "This has quickly become one of favorite sushi spots in town. We dined in last weekend and ordered delivery through EatStreet tonight. Both experiences were...", "Sushi is good but some is a bit strange. I ordered the baked lobster roll which was a California roll baked with lobster and cheese on top. It was good but..."], "rating": [5, 5, 3], "TBscore": [0.0, 0.28, 0.46], "normalisedRating": [1.0, 1.0, 0.2], "keywords": [["sushi"], ["sushi"], ["sushi"]]}
{"id": "dSJr3snx3jzo_2J2hIyZXQ", "text": ["Was visiting Kansas City and craving sushi. This was a perfect choice. We sat at the hibachi grill. Wonderful show with flying utensils, onion volcano,...", "Nice little Japanese place. Family owned and operated. Not overly expensive. Nice decor. Better than KC sushi. Would recommend.", "Great service , clean restaurant, nice ambience! The lunch meals are inexpensive and delicious. I got the fried crab jalape\u00f1o things as an appetizer and two..."], "rating": [5, 5, 4], "TBscore": [1.0, 0.0, 0.73], "normalisedRating": [1.0, 1.0, 0.6], "keywords": [["sushi"], ["sushi", "japanese"], ["lunch"]]}
{"id": "n4KtmLFt6TqZjK6igZIZug", "text": ["Emporia may be small but this restraunt is so big on flavor and service, we love this place.  New to town and gave it a shot on a whim, definitely will be...", "Ichiban is icky. Don't get the pot stickers. General Tao chicken is the only reason I gave 2 stars.", "The lunch platter Hibachi chicken was nicely prepared and fresh. The Bobo jasmine milk tea tasted distinctly like perfume. Service was ok, but nervous. She..."], "rating": [5, 2, 3], "TBscore": [0.0, -0.21, 0.22], "normalisedRating": [1.0, -0.2, 0.2], "keywords": [[], ["chicken"], ["lunch", "chicken"]]}
{"id": "mCpKttB4tQlDJY_e5OyiHg", "text": ["An \"alright\" experience.\n\nWe walked in to a host (who would also be our server) who was busy with something at the host desk. No problem, we waited...", "PURE. DISAPPOINTMENT. \n\nJust look at the pictures. Disclaimer: I did order to-go. \nI recently came back from a trip to NYC. I was introduced to poke while I...", "Lunch special is not very competitive. No ragoon or egg roll option. Had the fried dumplings for appetizer  - over cooked. Sushi rolls were flavorless &..."], "rating": [3, 1, 1], "TBscore": [0.0, 0.0, 0.0], "normalisedRating": [0.2, -0.6, -0.6], "keywords": [[], [], ["sushi", "lunch", "egg"]]}
{"id": "KCLkf-j-NNepXjw9dYc6pg", "text": ["My wife and I eat here frequently. The service is good and the sushi is delicious. The owners are hard working, diligent and strive to create a welcoming...", "Steer clear of this disaster.  We should have given more weight to the many recent one star reviews.  We picked Wa off my bookmark list because we were...", "I've only been here a couple of times, but in my experience this was hands down the best sushi in Lawrence. \n\nSome of the other options might be a bit..."], "rating": [4, 1, 5], "TBscore": [0.38, 0.0, 0.0], "normalisedRating": [0.6, -0.6, 1.0], "keywords": [["sushi"], [], ["sushi"]]}
{"id": "Z2EFH5oszXzpOnOPkZZivA", "text": ["This is a place I hate to love. I really try hard not to like big box franchise type restaurants. It's impossible, though, for me to hate BWW. \n\nThere are...", "Don't come here. Would put 0 stars if it was an option... ordered 12 wings and a side of fries... wings came out 2 HOURS later. Fries came out 2 and a half...", "Terrible terrible terrible    The worst dining experience I've ever had. 15 minutes to get a waiter.  40 minutes to get beers. 1 hour and 10 minutes to get..."], "rating": [4, 1, 1], "TBscore": [0.0, 0.0, 0.0], "normalisedRating": [0.6, -0.6, -0.6], "keywords": [[], ["wings"], []]}
{"id": "QHPzVi22j8Myjc3CRL6QAg", "text": ["This new joint in town - similar food to Raising Cane / Zaxbsy...however they do have the bomb fried pickles!! Had the ranch Cayenne chicken burger - was ok...", "Spoiled rotten. I am just spoiled to the core. Slim Chickens is just okay.  The chicken here is not near as good as their competitor across the street,...", "Not too bad. Plenty of sauce options with varying spice levels. Good fried mushrooms. Decent service. The fries are terrible though. They'd be much better..."], "rating": [3, 3, 4], "TBscore": [0.0, 0.0, 0.0], "normalisedRating": [0.2, 0.2, 0.6], "keywords": [["chicken", "burger"], ["chicken"], []]}
{"id": "37XVCIeEUUQl7YxuriK0hw", "text": ["Noodless to say, our experience this evening was less than stellar. OK, we are talking about Noodles & Company, a chain, so this review will not be as...", "While the staff was friendly and even though the cashier was in training, service was good.\n\nI had the Pad Thai with grilled chicken. The chicken was very...", "Hard to beat for a quick lunch.  I stopped there for lunch, while in a rush.  I got the Thai Green curry, which was really good.  I appreciate the fact that..."], "rating": [2, 3, 4], "TBscore": [0.0, 0.0, 0.0], "normalisedRating": [-0.2, 0.2, 0.6], "keywords": [[], ["chicken"], ["lunch"]]}
{"id": "AR-nZqhjh-jX0DUuZWMmnA", "text": ["My husband and I take Indian lunch buffet very seriously. We even did one for our rehearsal dinner! One of the things that made us sad about moving to...", "Mmmmmm papadam & chutney!!  Tons of items on their menu in addition to the staples!  We ordered off the dinner menu but it looks like they do have buffet at...", "Great Indian food. Great buffet with a lot of variety. We come from out of town to eat here."], "rating": [5, 5, 5], "TBscore": [-0.52, 0.0, 0.8], "normalisedRating": [1.0, 1.0, 1.0], "keywords": [["lunch", "dinner", "indian"], ["dinner"], ["indian"]]}
{"id": "E-MgfknLCJE9iJ0uWkJcxg", "text": ["Always hot and fresh, in restaurant, buffet and delivery! If the prices were lower we would eat this every week! Highly recommend the chicken korma or...", "Got to town to visit friends and we decided on Indian. It was a new experience for me as I'm not a fan of spicy.\nWe were waiting to be seated and didn't...", "Never ever again. I ordered online they told me 20 to 30 minutes. I got to the lobby 30 minutes later. Did not get my food for another 30 minutes. When I..."], "rating": [5, 3, 1], "TBscore": [0.0, 0.0, 0.0], "normalisedRating": [1.0, 0.2, -0.6], "keywords": [["chicken"], ["indian"], []]}
{"id": "eBPiJQyLIMmSvXk8G6V4fw", "text": ["This pub/coffeehouse/restaurant has brought to West Lawrence something that has long been missing:  an innovative, art house cafe.  S&S has excellent...", "The Lori's blend house coffee is pretty darn good plain black. And, I say that as an avowed \"liquid diabetes\" drinker, normally. It's a really balanced...", "I was really nervous coming here when I was back in town to Lawrence. I had been waiting to check this place out to bring back good memories of working in..."], "rating": [5, 4, 5], "TBscore": [0.0, 0.0, 0.0], "normalisedRating": [1.0, 0.6, 1.0], "keywords": [[], [], []]}
{"id": "aV6xDqh_eTzWPI1kG_aXgw", "text": ["Probably one of my most favorite burger places from now on. Such a chill place, great burgers AND fries (lot of people say it's too salty or over seasoned,...", "Did not care for it at all. Got a burger the bun was the worst bun I have ever had. Burger was great cooked perfect but the bun was just bad. Liked the...", "Every time I come to Burger Stand, I am reminded how much I love their beer selection. The boozy shakes are awesome, too, although my most recent visit was..."], "rating": [5, 1, 4], "TBscore": [0.41, 0.0, 0.5], "normalisedRating": [1.0, -0.6, 0.6], "keywords": [["burger"], ["burger"], ["burger"]]}
{"id": "QgwzfwahTCSYgT2oqE-8Cw", "text": ["Just like the original, but a little something to add flavor to the beans and rice. Jorge and Ivan have done themselves proud. Maybe a little less busy than...", "This restaurant has really good food!! I ordered the bandera mexicana plate and it was delicious! The only reason I gave it a 3 is because the wait for the...", "This place has fantastic food and the wait staff is great!  This is now my favorite mexican restaurant in town."], "rating": [5, 3, 5], "TBscore": [0.0, 0.0, 0.47], "normalisedRating": [1.0, 0.2, 1.0], "keywords": [[], [], ["mexican"]]}
{"id": "WBNgkUk8Hjd9KBfgcvAH7Q", "text": ["Nice little hidden spot on 4th street. Ridiculously good tacos; highly recommend the Barbacoa. Their selection of true Mexican treats, snacks and fruits is...", "Very cute little spot in East Topeka. They have a large selection of authentic Mexican food and snacks (or more authentic than most, I should say) and their...", "Good food, friendly staff, reasonable prices. They're a great stop for authentic Mexican food and snacks. Looking for something a little different on a hot..."], "rating": [4, 5, 5], "TBscore": [0.21, 0.33, 0.29], "normalisedRating": [0.6, 1.0, 1.0], "keywords": [["mexican", "tacos", "snack"], ["mexican", "snack"], ["mexican", "snack"]]}
{"id": "YdiF9DqmrkDJbBpCJXhtXA", "text": ["Great food. Amazing remodel. Definitely can recommend this establishment!!  Great service good atmosphere. Lots of food for the cost.", "Awful and Awful \nThe blandest swill you ever tasted. Service also a pitiful excuse for dine in. Save your time and money, you'll never get either back....", "The food was great, the potion sizes were huge. The only thing is that they seem to be training a lot of people at once, so the servers rotated a lot in our..."], "rating": [5, 1, 3], "TBscore": [0.0, 0.0, 0.0], "normalisedRating": [1.0, -0.6, 0.2], "keywords": [[], [], []]}
{"id": "YYhg7rmlq5cHwd5XbonXdg", "text": ["If you're looking for a restaurant with a solid menu of Mexican food this place is for you. The best way to judge a Mexican food joint is by the rice....", "So glad that El Dorado has opened a location at Hunter's Ridge. We have been there a number of times and love it (as do our kiddos). We have been going to...", "Don't waste your time coming here. The waitresses never made eye contact ignored us trying to get their attention when they were at the table across from us..."], "rating": [4, 4, 1], "TBscore": [0.25, 0.0, 0.0], "normalisedRating": [0.6, 0.6, -0.6], "keywords": [["mexican"], [], []]}
{"id": "Kl4w6R31zQ8OO8wTOH4iDw", "text": ["Just yucky.  Very poor service (I have been here twice).  The food is really not good.  Just acceptable, nothing more than that.  If it were any worse I...", "Great Mexican place! Cheap Margaritas! Usually end up getting the burrito gigante! yum!", "I have only tried their breakfast so far, but it was really great for the price. You can either order the American sides or the Mexican sides which include..."], "rating": [1, 4, 4], "TBscore": [0.0, 0.23, 0.0], "normalisedRating": [-0.6, 0.6, 0.6], "keywords": [[], ["mexican"], ["mexican", "breakfast", "american"]]}
{"id": "mi2KvWuEm_ehx2wwa4Yi5Q", "text": ["Horrible!  Filthy conditions and rude employees. Baker Dino came out and began spewing hate speech about gays and Muslims. When asked to not speak that way...", "5 star rating may be a little bit generous after only one visit, but I would love to see this place succeed.\n\nWhat makes it special?\n*mom & pop joint in a...", "I purchased a Daily Deal to give this place a try. I love baked goods and it's very hard for me to NOT like a cupcake.\n\nI work downtown but decided to make..."], "rating": [1, 5, 1], "TBscore": [0.0, 0.0, 0.0], "normalisedRating": [-0.6, 1.0, -0.6], "keywords": [[], [], []]}
{"id": "CWw4xYmAg2HPT8Bto0eNZQ", "text": ["Place looks great couldnt have been designed better only wish the staff was more friendly and talkative and gave me that warm feel prices were a little high...", "Overall the place is just fine. No real complaints concerning the product or the service. It's just the scene that's atrocious. The floors, handles, the...", "I have never been to a self serve frozen yogurt place before, but I really enjoyed my visit here.  There are a lot of flavors to choose from and interesting..."], "rating": [4, 4, 4], "TBscore": [0.0, 0.0, 0.0], "normalisedRating": [0.6, 0.6, 0.6], "keywords": [[], [], []]}
{"id": "03jKmcpfDQb-pmT-2lncbg", "text": ["Let me begin by saying I hate the grocery store in general.  It's just a depressing thing....but something happened at this Dillons store that has made me...", "Love the cheese selection and every time we have gotten fresh salmon here, it's been wonderful. \n\nDrawbacks: It's always crowded.", "One of the best grocery stores around. Abundant amount of selections for you to choose from, friendly and fast customer service, and the store is CLEAN!..."], "rating": [4, 4, 5], "TBscore": [0.0, 0.0, 0.0], "normalisedRating": [0.6, 0.6, 1.0], "keywords": [[], [], []]}
{"id": "OFA4wCFhF4gTCRB8aSFGLg", "text": ["I was just at this restaurant and sat at the drive thru for 5 minutes. Then I tried talking to the microphone, heard the other end pick up but no response....", "This location is absolutely disgusting! The floor is sticky with spilled soda,  there are lids scattered on the floor.  The staff is arguing about who needs...", "It zero stars was possible, I would award them with that honor! After sitting in the drive-through for 10 to 15 minutes, absolutely no one even answered to..."], "rating": [1, 1, 1], "TBscore": [0.0, 0.0, 0.0], "normalisedRating": [-0.6, -0.6, -0.6], "keywords": [[], [], []]}
{"id": "HLVuwe7nY0bd7YzO2oPxTg", "text": ["Staff is frindly but that is as far as it goes.  Ordered the fish & shrimp plate with fries and colslaw.  Got it very fast but that is as much as can be...", "Lousy Lousy Lousy....kids running the place....food was like a rock...not going back...Im done!!!", "So this place was a major disappointment. I hadn't been to a LJS in a very long time and was kind of craving it. The first time I tried to go, the..."], "rating": [2, 1, 2], "TBscore": [0.0, 0.0, 0.0], "normalisedRating": [-0.2, -0.6, -0.2], "keywords": [[], [], []]}
{"id": "VqgG5rAmIOqMhElUafs4Zg", "text": ["I had the brisket sandwich with a side of cheesy potatoes. The menu said the brisket was sliced. My brisket wasn't sliced, it looked like stringy roast beef...", "This random food truck served up a plate of the best burnt ends that humanity may have yet experienced. Worth a try, unless you hate deliciousness. Hell,...", "Outstanding BBQ though my favorite menu item is the Cuban sliders. They are one of those things I talk about for 2 days after eating them. So good and nice..."], "rating": [1, 5, 5], "TBscore": [-0.5, 0.0, 0.0], "normalisedRating": [-0.6, 1.0, 1.0], "keywords": [["sandwich", "beef"], [], []]}
{"id": "zQeXzLpkf3D0WRa_M-rI9A", "text": ["I was excited to try Grandma Wock's for lunch today. The special was pulled pork with salad, corn, and cheesy potatoes for $9.50 with tax. What's not to...", "I love this place! I didn't even know it existed and because of an event, I had breakfast there two days in a row. The breakfast bowls are dang delicious...", "I attended a special event there which was set up buffet style. It was touted as a brunch with both breakfast and lunch items, but there was only breakfast..."], "rating": [2, 5, 3], "TBscore": [0.0, 0.81, 0.0], "normalisedRating": [-0.2, 1.0, 0.2], "keywords": [["lunch", "corn"], ["breakfast"], ["lunch", "brunch", "breakfast"]]}
{"id": "lnTck_vESCEuza-r-vqIOQ", "text": ["Southern Accent, owned by local Lawrencians (support local!), catered our wedding and we had a wonderful experience. I worked with Terri and Tyler (owners)...", "They did our wedding several years back. The food was good, but we had a small reception so we noticed there would be quite a few leftovers. Mysteriously...", "They prepared a dinner for our family reunion that was outstanding.  The personal touches that the owner and the staff provided was just outstanding! \nThe..."], "rating": [5, 1, 5], "TBscore": [0.0, 0.0, 0.38], "normalisedRating": [1.0, -0.6, 1.0], "keywords": [[], [], ["dinner"]]}
