{"id": "E513ngqZxbKd7avQnGDJmw", "text": ["Came on my lunch break, was craving baconator fries! First they charge me for 2 combos when I ordered 1. Accidents happen, I understand, but it took forever...", "one star everything i ordered here was cold not pleased with wendys in general it seems like its going down hill.  not just here but all over i do alot of...", "THIS LOCATION WILL MAKE YOU SICK AND WILL REFUSE TO TAKE OWNAGE OF IT. DO NOT EAT HERE. Shortly after eating here I got sick and started vomiting while..."], "rating": [2, 1, 1], "TBscore": [0.25, 0.0, 0.0], "normalisedRating": [-0.2, -0.6, -0.6], "keywords": [["lunch"], [], []]}
{"id": "lGT0YXIl3fEsEQ3rWdYOoQ", "text": ["This place is so welcoming and the people working there are so polite. I had their German Frank hot dog!!! It was so delicious, I had to get another one!...", "As a professional pastry chef, I would like to write a professional opinion about the quality of ice cream at Tasty Treat. First of all, the name says it...", "I got a small fry one time and it was no bigger than a handful of fries.\nThey tasted like they were cooked in a microwave!\nThey are a ripoff."], "rating": [5, 5, 1], "TBscore": [0.0, 0.0, 0.0], "normalisedRating": [1.0, 1.0, -0.6], "keywords": [[], [], []]}
{"id": "TDTe08gpZcNEeq07z02WwQ", "text": ["Room was clean (and I double checked the bedding), especially liked the 'clean' remote.  \nFront desk people were helpful, and there was a full breakfast...", "I had hotel tonight credit that needed to be used up, so I booked best western. I typically stay at some of the other, more upscale chains for work, so I...", "This place is in need of a scrubbing and updating. Investing in the accommodations part of this property should take priority over installing a new sign...."], "rating": [3, 3, 2], "TBscore": [0.33, 0.0, 0.0], "normalisedRating": [0.2, 0.2, -0.2], "keywords": [["breakfast"], [], []]}
{"id": "5WJ9AW7IVlMsvCH7bGyxIg", "text": ["I love the chicken. But...... the service is never stellar. They are always out of the chicken I want. The website says they close at 11:00 pm but they...", "This was our 4th time at this restaurant and the service is usually pretty good and we love their fried chicken.  However, the big complaint is the...", "To my surprise this location is pretty clean. I say this because of its location in Utica, NY. The management team was very nice, and was in touch with our..."], "rating": [2, 2, 3], "TBscore": [-0.21, 0.0, 0.0], "normalisedRating": [-0.2, -0.2, 0.2], "keywords": [["chicken"], ["chicken"], []]}
{"id": "taZFZbBnR2t-GB8WrCd67A", "text": ["Wish it was possible to give no stars to this place. We went at 6:00 PM on Saturday August 4th, the person who was working the drive thru was very rude. Had...", "Worst place around. They cheated me on the number of pieces of chicken in the bucket and sides. Count every piece before you leave. Also, taste is bad. Take...", "How is it that the health department has not shut this place down. This by far the most disgusting restaurant with in a 100 miles. Both the bathrooms and..."], "rating": [1, 1, 1], "TBscore": [0.0, -0.77, 0.0], "normalisedRating": [-0.6, -0.6, -0.6], "keywords": [[], ["chicken"], []]}
{"id": "X3rAJJFNXlllLkDsgCUwFw", "text": ["Best fried chicken I've ever had anywhere. Boyfriend had the steak panini which was also incredible. Wonderful staff was accommodating and friendly....", "Local places are the best which is why I 10/10 recommend this place. Brent Baird the owner is one of the nicest guys and makes sure you are happy as ever...", "This local business has food that is so good and incredibly fresh. I'm a huge fan of the coolers even though they are only available in the summer. The..."], "rating": [5, 5, 5], "TBscore": [0.53, 0.0, 0.0], "normalisedRating": [1.0, 1.0, 1.0], "keywords": [["steak", "chicken"], [], []]}
{"id": "GXdxu4h4hM4J_MIgEySGqg", "text": ["I live way down at the beginning of the road - Mile Marker 0 in Key West - but every year return to my roots in the Utica area.  And the first place I make...", "For Thanksgiving this year, our family decided to purchase one of their prepared meals instead of trying to cook it ourselves. It isn't that we don't know...", "If they don't have it...its not that important. Phenomenal selections and multi cultural offerings!  I now live in Pittsburgh and when I travel to upstate..."], "rating": [5, 2, 5], "TBscore": [0.0, 0.0, 0.0], "normalisedRating": [1.0, -0.2, 1.0], "keywords": [[], [], []]}
{"id": "lo2UuH9bsGtxpoK7RcPj7w", "text": ["I'm from out of town, and there are no Jimmy John's where I live, so we took a chance and placed an on-line order from the New Hartford, NY shop. Their...", "Great experience all the way around. Really nice emoloyees and the sun was on point.", "Let me first start by saying that I really love the Jimmy Johns franchise. I lived in Austin TX and use to frequent one nearby my office. You would order..."], "rating": [5, 5, 2], "TBscore": [0.0, 0.0, 0.0], "normalisedRating": [1.0, 1.0, -0.2], "keywords": [[], [], []]}
{"id": "4cQ2t_dVoaVHknsnzDczwg", "text": ["Have to write a review because today was the 3rd time coming in here and wondering why I bothered.  Staff are not friendly, pretty much act like you ste...", "The place is a dump, the floors are disgusting, the employees don't know difference between wheat and italian bread, they can barely operate the cash...", "Awful. I had the worst experience at this place. They thought the old owners were bad? I heard these new owners are very disrespectful towards the..."], "rating": [1, 1, 1], "TBscore": [0.0, -0.32, 0.0], "normalisedRating": [-0.6, -0.6, -0.6], "keywords": [[], ["italian"], []]}
{"id": "hvyfwUIgCKh21Ka6sj70uQ", "text": ["I ordered a sausage, egg and cheese bagel with a coffee. Sandwich tasted like buttery goodness! And coffee was perfect. I think this place is far better...", "DD huh?\n\nWell I have a few more d's for you (no dees, too easy)\nDisappointment. Heard good things, service was slow for 10am.  \nDifficult parking, drive...", "Where do I begin... we were in town for a fitness show and were so excited to get donuts after the show. We looked at various locations and decided, based..."], "rating": [5, 2, 2], "TBscore": [0.53, 0.0, 0.0], "normalisedRating": [1.0, -0.2, -0.2], "keywords": [["sandwich", "egg"], [], ["donut"]]}
{"id": "0mR6gUuGB6XOYX6_UcVMsg", "text": ["The coffee is always fresh and they always get my order right. The staff is very professional. Not too much ice in the iced coffee which seems simple, yet...", "After a long day of shopping we needed a coffee and decided to stop in at this Dunkin' Donuts location. When we pulled up to the drive thru we were greeted...", "I stop by this location often. While many times it takes forever to get through the drive thru, I understand that some things are out of their control...."], "rating": [5, 3, 1], "TBscore": [0.0, 0.0, 0.0], "normalisedRating": [1.0, 0.2, -0.6], "keywords": [[], ["donut"], []]}
{"id": "KsAqcgWxVCzu7sy-Vjl0dQ", "text": ["My wife got a iced caramel latte tonight from this location and after her drink sat for around an hour and the ice melted she went to take a drink from it...", "This Dunkin was built about ten years ago. I worked here for a few years when I was younger. It's one of the better dunkins in the area as the customer base...", "New Store Located in Whitesboro on Oriskany Street Excellent"], "rating": [1, 4, 5], "TBscore": [0.0, 0.0, 0.0], "normalisedRating": [-0.6, 0.6, 1.0], "keywords": [[], [], []]}
{"id": "IU_eGTdnhIM59Wkodh5CLQ", "text": ["i woud go here 5x day for coffe.i refuse to go back everytime i get handed the wrong coffe or order.or shorted on my order and overcharged.the staff is...", "The drive thru speaker is garbled and low volume. When you order a combo the employees will often only give you the sandwich. Why would I order a combo...", "What can I say besides, \"The World Run's On Dunkin\"  Good service and pleasant help.  Don't get any better. Keep up this type of people pleasing."], "rating": [1, 2, 5], "TBscore": [0.0, 0.0, 0.0], "normalisedRating": [-0.6, -0.2, 1.0], "keywords": [[], ["sandwich"], []]}
{"id": "k3oV7CetilPUm-LAUtQtJw", "text": ["Most of the time this place is good to visit and the sandwiches are were made fair. But today the cook must've been hungry.", "Panera was Panera. It's a chain restaurant so the food rarely changes. Today I went here cause it was convenient. I got the broccoli cheddar soup and...", "I accidentally ordered my daughter the wrong thing and they gave her the right order no questions asked made my daughter's day"], "rating": [3, 3, 5], "TBscore": [0.63, 0.0, 0.0], "normalisedRating": [0.2, 0.2, 1.0], "keywords": [["sandwich"], [], []]}
{"id": "8z_0rVkwAr-ioP07yi7C-Q", "text": ["Very tasteless wings .i wouldnt recommend to get them when i say no taste i mean no taste at all very gross its like your eating oil no heat to  the wing'S...", "The pizza and wings were good. I think my cousins from NY had it delivered to their house (they live close by). I liked both the pizza and wings. I would...", "I'm local and this is my go to for really great pizza for really great prices. I admit I'm a bit persnickety, not completely hard to please but a little..."], "rating": [1, 4, 5], "TBscore": [-0.36, 0.48, 0.31], "normalisedRating": [-0.6, 0.6, 1.0], "keywords": [["wings"], ["pizza", "wings"], ["pizza"]]}
{"id": "sMFWJgoU4WWHMb7kUmmQ4Q", "text": ["It is a perfect place to order pizza from and I like their prompt without-fail service as well as the veggie pizza. \n\nSo why the 4 stars and not 5: I order...", "Really Sucked. Poor service. Never eating there or any Dominoes again. I waited forever for someone to take my order but no one never did", "The pizzas ok, but what bothers me is the ridiculous prices that they offer. I would rather go to a local pizza parlor and get fresh/ tastier pizza at a..."], "rating": [4, 1, 2], "TBscore": [1.0, 0.0, 0.0], "normalisedRating": [0.6, -0.6, -0.2], "keywords": [["pizza"], [], ["pizza"]]}
{"id": "00cq5Cr9ho6OsjebHxvuow", "text": ["Almost nothing in the area was open on Labor Day, except Tonys... to the rescue! It was kind of a rainy crappy day so we decided to get take out. I had the...", "Every time I go to Tonys in Washington Mills, they somehow screw everything up. Staff clearly doesnt care, and the food is not even that good. I dont dare...", "Food is not good and the staff is completely incompetent. Items on the menu have been removed yet no one bothers to update the menu. Staff answering the..."], "rating": [4, 1, 1], "TBscore": [0.0, 0.0, 0.0], "normalisedRating": [0.6, -0.6, -0.6], "keywords": [[], [], []]}
{"id": "mSphPyQ2ZUdgHqIzwf6F6g", "text": ["I live in the town where Joan's Diner is located. Around here, Joan's is known for their fish frys and it's quite obvious why. Their fish frys are massive,...", "Had a great Belgian waffle with cherry topping and bacon. It was pretty decent and the place was open early enough that I could get breakfast in before...", "Very yummy breakfast for a great price! We will be returning to this diner for sure! The service was great, and they take cards, which is nice."], "rating": [3, 4, 4], "TBscore": [0.0, 0.22, 0.65], "normalisedRating": [0.2, 0.6, 0.6], "keywords": [[], ["waffle", "breakfast"], ["breakfast"]]}
{"id": "SOF_WOC1Q4_SeHYMX2LFyg", "text": ["Very divey kind of bar, but holy crap the beer selection was outstanding. I was in town for work and went here twice with a small group. I appreciated that...", "Just an old fashion looking place with a nostalgic feel.\nService is usually acceptable for the most part.\nThey didn't have my drink last time,but I still...", "There are times when one simply desires to try a new (for me) and interesting craft beer on tap and the Green Onion delivers. The beer menu changes..."], "rating": [5, 4, 4], "TBscore": [0.0, 0.0, 0.0], "normalisedRating": [1.0, 0.6, 0.6], "keywords": [["bar"], [], []]}
{"id": "MJCJGHhyVNEA-69bKqeRPg", "text": ["First time here. My friend and I came in on a Friday night for some drinks and chit chatting. The vibes are great here. The atmosphere is vintage, the...", "Awful. I ignored reviews as most seemed to be based on their food and small portion size. I read reviews on other pages and sites and saw negatives which to...", "We typically love the Varick St restaurants but this one was a big loser. The sign outside said brunch so we decided to check out Wakelys. There was no..."], "rating": [4, 1, 1], "TBscore": [0.0, 0.0, 0.0], "normalisedRating": [0.6, -0.6, -0.6], "keywords": [[], [], ["brunch"]]}
{"id": "XqcFWNavEZLpnCITR2Ebig", "text": ["Sickenburger is an adjoined indoor+outdoor bar on varick street that has a looooong bar inside (it stretches from the entrance to the very back of the bar)....", "Sickenburger is right,this place is enough to make any decent citizen wanna puke.\nThe place is a filthy dump with no respect.", "Sickenberger is always poppin on Thursday nights! Live music, indoor and outdoor bar, and a huge dance area, definitely the bar to hit up after Saranac!"], "rating": [1, 1, 5], "TBscore": [0.0, 0.0, 0.0], "normalisedRating": [-0.6, -0.6, 1.0], "keywords": [["bar"], [], ["bar"]]}
{"id": "B4ZdhUh5__AhKSK2R5jdXA", "text": ["Bengee's features many of the requisites to a good time:\n\n1) No whining youngsters\n2) Shuffleboard and quarter-operated barroom bowling games\n3) A regular...", "I call with a question and the gal says \"You're not from around here, so bye.\"\n\nDarlin', have you heard of cell phones? Do you realize that I could stand in...", "Uticas only dive bar.  Cheap cold drinks,  lotta old school history here. Great service, a little dark but overall not bad."], "rating": [3, 1, 4], "TBscore": [0.0, 0.0, 0.0], "normalisedRating": [0.2, -0.6, 0.6], "keywords": [[], [], ["bar"]]}
{"id": "Z5CP7IuVw_WNjDx3oHl9pw", "text": ["We went there for food... said they don't serve any..... We asked when they did and the bartender looked confused and baffled... It's just a bar with little...", "For what some would call a \"dive\" bar, this place isn't too shabby. Honestly, the friday night Fish Fry is out of this world, and the meatballs are amazing....", "I really liked this bar. It's definitely a hole in the wall but has a great vibe with friendly people, a jukebox, darts and pool table. The prices on drinks..."], "rating": [1, 4, 4], "TBscore": [-0.29, 0.6, 0.44], "normalisedRating": [-0.6, 0.6, 0.6], "keywords": [["bar"], ["bar"], ["bar"]]}
{"id": "HhERFg7CHHNy41RVVlpPdQ", "text": ["Simply put. A hidden gem. \n\nThey just added food to their menu 4 years ago and it is fantastic.  Tuesday pierogies hand made to order (just like everything...", "Decided to have lunch at Prop's Inn in New Hartford, NY to try their French Dip as we heard great things about it.  My spouse very much agreed with everyone...", "I'm reluctant to say that this place is awesome. \nI'd hate to see a genuine local joint invaded by a bunch of out of town food/drink fans (like me). But, I..."], "rating": [5, 5, 4], "TBscore": [0.0, 0.3, 0.0], "normalisedRating": [1.0, 1.0, 0.6], "keywords": [[], ["lunch"], []]}
{"id": "PVRTRopzjEI48B3_w5I9rw", "text": ["If I could give a negative star I would. The shittiest bar there is. Beer on tap watered down, ran out of burgers and my replacement steak sandwich would...", "For context, I'm a judgmental alcoholic who doesn't really leave reviews of places.\nDriving through Utica, I decided to stop here with a friend of mine for...", "This would get a better review since it truly is a unique bar if it weren't for the staff.  Very unfriendly, unprofessional, and straight up rude..."], "rating": [1, 5, 1], "TBscore": [-0.23, 0.0, 0.0], "normalisedRating": [-0.6, 1.0, -0.6], "keywords": [["sandwich", "bar", "steak", "burger"], [], ["bar"]]}
{"id": "MplfcewHUxkupmQgO_N-0w", "text": ["If you're looking to play pool in the 315 this is obviously your spot! No booze served here which could be considered a knock, but if booze is your number...", "I have been going to hippos for roughly 15 years. \nWhat more do I need to say! \nGrab a beer, a Hippo burger(one of, if not the best burgers in the area) and...", "Hippos was one of my favorite places to hang out during my high school and college years.  My friends and I used to swarm the place on ladies night.\n\nThe..."], "rating": [5, 5, 4], "TBscore": [0.0, 0.51, 0.0], "normalisedRating": [1.0, 1.0, 0.6], "keywords": [[], ["burger"], []]}
{"id": "VVUC2_ceLkjr-zv4yAMdLg", "text": ["My new favorite restaurant in Utica. \n\nHuge portions.\nTastes delicious and fresh.\nGreat price. \nBetter service.\n\n5 stars is not enough. \n\nGood enough to...", "Cambodian fishcake with pickled papaya salad. Nice flavor and the papaya salad is really the star of the dish. Crisp and fresh, nice blend of sweetness and...", "Very nice people who know how to cook! Every week my co-workers and I meet here because we know we are in for a great meal. The staff is kind and attentive...."], "rating": [5, 4, 5], "TBscore": [0.0, 0.0, 0.0], "normalisedRating": [1.0, 0.6, 1.0], "keywords": [[], [], []]}
{"id": "cXyR6NF19Ctuy5RvwkIKhg", "text": ["Always a good meal. Great service and really fair prices. The chowder is consistently fantastic. My only criticism would be the small portions of the sweet...", "Portion size was small, my fish was a bit over cooked, so it is a bit dry. My bf's dish has only 4 crab stuffed shrimp, on a bed of blend and mushy rice and...", "If I didn't know better, I'd swear I was in a nice little New England seafood restaurant. The food is very fresh, prepared exceptionally well,and at prices..."], "rating": [5, 2, 4], "TBscore": [0.0, 0.0, 0.0], "normalisedRating": [1.0, -0.2, 0.6], "keywords": [[], [], []]}
{"id": "acLe3P0gKyaAxwrjxdX_sQ", "text": ["We have ate here a few times over the years, whenever we come up to visit my in laws. Although today's order was not great, historically, the pho I have...", "Interior - looks great. The place is nice and clean. I'm giving it two stars for that.  \n\nFood - I order the traditional Pho and damn was it a let down. The...", "Great vegan lunch!  They had a very light but flavorful vegan broth. Pick your own protein- tofu, and two veggies and all toppings like fresh basil and Thai..."], "rating": [4, 2, 5], "TBscore": [0.0, 0.0, 0.6], "normalisedRating": [0.6, -0.2, 1.0], "keywords": [[], [], ["lunch"]]}
{"id": "YuvBVPEVNWVROEp_KU28_w", "text": ["Amazing! First time here, and I will definitely be back.\n\nThe hibachi steak and chicken are so tender,  yaki tori is soo good.  The gyoza was super...", "Saw the reviews on Yelp and decided to stop in here on my way home from Albany.  It was getting late and I was starving! \n\nWe were greeted at the door...", "In Ilion doing training and felt like sushi. This place in Herkimer came up with some great ratings. We are starting out in a good way. They have a heavy..."], "rating": [5, 4, 4], "TBscore": [0.24, 0.0, 0.33], "normalisedRating": [1.0, 0.6, 0.6], "keywords": [["steak", "chicken"], [], ["sushi"]]}
{"id": "78Q29F65DiFJ-3r_YtwbdA", "text": ["My favorite sushi place in Rome. Excellent value and always tasty! Be sure to check the specials on the board!", "My coworker and I ordered sushi for take out a few days ago and everything was delicious. The chef that made our sushi came out and saw that we were waiting...", "Absolutr fav sushi. I always order way to much. Rock & n house combo is the greatest deal going"], "rating": [5, 5, 5], "TBscore": [0.71, 0.4, 0.6], "normalisedRating": [1.0, 1.0, 1.0], "keywords": [["sushi"], ["sushi"], ["sushi"]]}
{"id": "PrZ10nu5y-hQGgGF4rp0TQ", "text": ["We were staying at Turning Stone Resort & Casino and wanted some better sushi than what the buffet place at TS offered.  Fortunately Yelp helped us find...", "It makes me so sad to write this review/update for 2018.  This was \"the\" local place for sushi.  Something happened, not sure what.  It's VERY uncomfortable...", "Very nice people and very good sushi :D\n\n\"That was the best miso soup I've ever had\" - my friend"], "rating": [5, 1, 4], "TBscore": [0.45, -0.35, 0.92], "normalisedRating": [1.0, -0.6, 0.6], "keywords": [["sushi"], ["sushi"], ["sushi"]]}
{"id": "--Jc57o-pVUKU3uhN3SiCg", "text": ["The lunch all you can eat special is the same price as dinner, $21.95. It was absolutely worth it! They had a really nice selection of sushi and sashimi and...", "My husband and I have been to this place several times, mostly out of convenience to location but also, we enjoy it. The sushi is good, I wouldn't say it's...", "We've been going here for a decade and going strong. It is the FIRST place visitors from out of town want to order in from after a long day... they really..."], "rating": [5, 4, 5], "TBscore": [0.33, 0.4, 0.0], "normalisedRating": [1.0, 0.6, 1.0], "keywords": [["sushi", "dinner", "lunch"], ["sushi"], []]}
{"id": "F0QnzJfb9vSwGSl5JW4v5g", "text": ["We only ordered take out so I cannot comment on the service. I had the ribeye steak and while it was cooked the way I asked for it, 1/4 of it was fat. When...", "Baseball teams beware!! We made a reservation a month ago, called twice while here in Cooperstown to reconfirm reservation for 50 people, 2 hours before...", "Not good at all . If you just go for a drink that is ok but For BBQ? You got the wrong place to go . We went for lunch restaurant was not much people at..."], "rating": [2, 1, 1], "TBscore": [0.0, 0.0, 0.0], "normalisedRating": [-0.2, -0.6, -0.6], "keywords": [["steak"], [], ["lunch"]]}
{"id": "R7nxgXbXkhJB7jhxwfXKRw", "text": ["Great little find on a road trip. It wasn't too busy and the service was great. \n\nThey have vegan options under the \"vegetarian\" section of the menu. I had...", "I've been here many times, but I haven't been in awhile. I went back today because I was craving for Indian food. It was disappointing. I feel like this...", "I was charged extra ten dollars by the waiter. When I asked him to explain the bill, he said by mistake he added the extra amount. As far as I consider, he..."], "rating": [4, 3, 1], "TBscore": [0.0, 0.0, 0.0], "normalisedRating": [0.6, 0.2, -0.6], "keywords": [[], ["indian"], []]}
{"id": "j2scbp39BWiDe2NREkeYFQ", "text": ["Excellent food and friendly staff. We ate here for dinner on our way back to Vermont and were very impressed. The prices were very reasonable and our meals...", "I love Indian food especially the Nann bread with the curry sauces. There are a lot of vegetarian options as well as chicken and lamb I believe. There is a...", "I was visiting my hometown Utica NY and looking for Indian food.  Glad we found this restaurant and tried it.  Took my parents who never had Indian food and..."], "rating": [5, 4, 4], "TBscore": [0.53, 0.0, 0.5], "normalisedRating": [1.0, 0.6, 0.6], "keywords": [["dinner"], ["chicken", "indian"], ["indian"]]}
{"id": "GPFRTUh4-G3iYJ0a64JIIw", "text": ["The best Indian I have ever had, anywhere. Period. $8 all you can eat lunch buffet. \n\nChicken Tikka Masala and Saag Paneer with garlic naan.", "Great place to come for buffet lunch. $9.96 all you can eat. It's a really great deal. Chicken tika, Chicken masala, Sag and many more. See photos! There is...", "Had the buffet on Thanksgiving Day with my family. It was very good. I got Flying Horse Royal Lager which was delicious!"], "rating": [5, 4, 5], "TBscore": [0.0, 0.25, 0.0], "normalisedRating": [1.0, 0.6, 1.0], "keywords": [["indian", "lunch"], ["chicken", "lunch"], []]}
{"id": "NyXS2ru3qjfFf0q5yHLRdg", "text": ["So disappointed in the quality of the amount of food I got for the $9 powerbowl with airhead and steak substitute.", "I have never had such a friendly and  pleasant drive thru experience .  Service with a smile is a rarity in the fast food industry and should be appreciated.", "The restaurant is clean and the staff are pleasant. The taco salad was made exactly as I requested. Love the apple caramel empanadas. The place is great for..."], "rating": [1, 5, 4], "TBscore": [-0.75, 0.0, 0.0], "normalisedRating": [-0.6, 1.0, 0.6], "keywords": [["steak"], [], []]}
{"id": "NG75VJJvmPs3KAAPuazu2g", "text": ["Great! Awesome beyond words. Tour was so nice. Duff was so informative and fun as a tour guide. Gave great recommendations where to get apps.\nThe history...", "Cool brewery for Saranac beers. The bartenders were super cool and super nice. The beers were okay. \n\nMerchandise is insanely expensive. \n\nThe tour is only...", "Review is of the brewery tour, not the beer itself.\n\nMy grandparents lived in Utica, and I have fond memories of touring the brewery as a child (mid-1980s)..."], "rating": [5, 3, 4], "TBscore": [0.0, 0.0, 0.0], "normalisedRating": [1.0, 0.2, 0.6], "keywords": [[], [], []]}
{"id": "-oDCr21TaVvlwUKkMLuqaA", "text": ["Nice, small-town American faire with vibrant conversation, full menu, classic rock and nice selection of microbrews.", "Walked into get 2 beers but I woulda had a better chance getting struck by lightning.  Waited ten minutes and then left.  The place was empty but 2 beers...", "Stopped in on my way driving \"through\" Oriskany on a business trip...it was a busy \"slow\" Wednesday, so the bartender was serving triple duty, as bartender,..."], "rating": [4, 1, 4], "TBscore": [0.31, 0.0, 0.0], "normalisedRating": [0.6, -0.6, 0.6], "keywords": [["american"], [], []]}
{"id": "eOp59U_N2-B_Z51ycvrh_g", "text": ["I can always trust this place to have all of the freshest ingredients for my favorite Asian recipes and there's always something new and different there!...", "Always great- They are very helpful there- you can get more bang for your buck shopping here and love the fresh baked goods.", "Utica needs a lot more of this. Places where you can buy fresh galangal and kaffir lime leaves are far more relevant than places where you can buy enormous..."], "rating": [5, 4, 4], "TBscore": [0.0, 0.0, 0.0], "normalisedRating": [1.0, 0.6, 0.6], "keywords": [[], [], []]}
{"id": "ymM2SFsnE-G-v0b5xxhUZA", "text": ["Cute little place ! Definitely enjoyed the buffalo chicken ciabatta panini!  Also had the chef salad with the peppercorn dressing and it was really good!...", "Their desserts are beyond compare and they serve really good lunches. Try the Cajun Chicken!", "We ordered a cake from DBTO for a birthday party. Chocolate with raspberry filling and a milk chocolate (I think) frosting. It was delicious--the cake was..."], "rating": [4, 5, 5], "TBscore": [0.0, 0.0, 0.0], "normalisedRating": [0.6, 1.0, 1.0], "keywords": [["chicken"], ["chicken"], ["cake"]]}
{"id": "LIgLsiZtypk-04gmZdv0Ag", "text": ["I bought a cake and a dozen of cookies for my daughter's 7th birthday party. I had it decorated as \"Under the Sea\" theme. It turned out great. Had several...", "It's a great place to eat food is delicious friendly and I love it I'll would come again I would post the food that I ate but I ate first lol but I would...", "We stopped off here en route between Boston and Rochester. I wish we had just kept on going. The atmosphere: cute! A wide arrangement of cookbooks all..."], "rating": [5, 5, 1], "TBscore": [0.4, 0.0, 0.0], "normalisedRating": [1.0, 1.0, -0.6], "keywords": [["cake"], [], []]}
{"id": "jbrPc-qbUl8VdZW8RIhy5A", "text": ["Lizzy's Cupcakery & Candies is located at the New Hartford Shopping Center offering a good variety of homemade cupcakes (selection changes daily), cookies,...", "This is the only gluten free place in the area for sweets for my daughter. I have previously asked on their Facebook page for ingredient lists for their GF...", "For my wedding, I had more than a cake. So we commissioned LIzzy's for a small, white round cake. The cake itself was delicious. The service - was sub-par...."], "rating": [4, 1, 3], "TBscore": [0.0, 0.0, 0.21], "normalisedRating": [0.6, -0.6, 0.2], "keywords": [[], ["gluten"], ["cake"]]}
{"id": "1Nc0QLwarequnBNMBXn9ZA", "text": ["Best take out Chinese and Thai in a 20 mile radius. The owner Lin can cook off-menu. Place is more set up for take-out than for dining in but there are a...", "OK so this place isn't too pricy and the food was pretty good. Some few things that they need to work on is their attitude and a little more flavor for the...", "Very nice and  timely service.  Polite works, great food I get the curry with white rice they made as spicy ad I wanted it to be. My husband had a Fish..."], "rating": [5, 3, 5], "TBscore": [0.5, 0.0, 0.0], "normalisedRating": [1.0, 0.2, 1.0], "keywords": [["chineese"], [], []]}
{"id": "ESSJ0nUc2hYSWKSwft4nlw", "text": ["Great ice cream and burgers, and the service is always good. We visited here I think 5 times in our week stay from AZ, and each time was great. They got our...", "It is Antique Week in August and the reliable Scoops has changed management.  No Coffee! Asked for hot tea it was lukewarm. Brand of ice cream has changed...", "Delicious dessert with fast service and an abundance of options. We came here last summer and were surprised to see how generous the helpings were! Consider..."], "rating": [5, 2, 5], "TBscore": [0.77, 0.0, 0.0], "normalisedRating": [1.0, -0.2, 1.0], "keywords": [["burger"], [], []]}
{"id": "R7i0SzeP6whRLtunyAfgCA", "text": ["We are Floridians traveling thru N.Y. and the North East. Stopped in Rome, N.Y. to visit Fort Stanwix National Monument. Only had one night to enjoy good...", "I stopped in specifically because reviews were good.  The place didn't disappoint!  My waitress was attentive but not overly so.  The service was quick....", "Ordered the chicken riggies with hots and they were amazing... Definitely my new go-to spot for riggies..."], "rating": [5, 5, 4], "TBscore": [0.0, 0.0, 0.0], "normalisedRating": [1.0, 1.0, 0.6], "keywords": [[], [], ["chicken"]]}
