{"alias":"wendys-new-hartford","categories":[{"alias":"burgers","title":"Burgers"},{"alias":"hotdogs","title":"Fast Food"}],"coordinates":{"latitude":43.08092,"longitude":-75.31952},"display_phone":"(315) 732-4265","hours":[{"open":[{"is_overnight":false,"start":"1030","end":"0000","day":0},{"is_overnight":false,"start":"1030","end":"0000","day":1},{"is_overnight":false,"start":"1030","end":"0000","day":2},{"is_overnight":false,"start":"1030","end":"0000","day":3},{"is_overnight":false,"start":"1030","end":"0000","day":4},{"is_overnight":false,"start":"1030","end":"0000","day":5},{"is_overnight":false,"start":"1030","end":"2300","day":6}],"hours_type":"REGULAR","is_open_now":true}],"id":"E513ngqZxbKd7avQnGDJmw","image_url":"https:\/\/s3-media3.fl.yelpcdn.com\/bphoto\/GHQZXuKu4MXztM66Mw71cQ\/o.jpg","is_claimed":false,"is_closed":false,"location":{"address1":"8505 Seneca Tpke","address2":"","address3":null,"city":"New Hartford","zip_code":"13413","country":"US","state":"NY","display_address":["8505 Seneca Tpke","New Hartford, NY 13413"],"cross_streets":""},"name":"Wendy's","phone":"+13157324265","photos":["https:\/\/s3-media3.fl.yelpcdn.com\/bphoto\/GHQZXuKu4MXztM66Mw71cQ\/o.jpg"],"price":"$$$","rating":1.5,"review_count":3,"transactions":[],"url":"https:\/\/www.yelp.com\/biz\/wendys-new-hartford?adjust_creative=0jni649dTuZ0usGzzhLUrg&utm_campaign=yelp_api_v3&utm_medium=api_v3_business_lookup&utm_source=0jni649dTuZ0usGzzhLUrg"}
{"alias":"tasty-treat-utica","categories":[{"alias":"icecream","title":"Ice Cream & Frozen Yogurt"}],"coordinates":{"latitude":43.11813,"longitude":-75.20903},"display_phone":"(315) 732-0979","hours":null,"id":"lGT0YXIl3fEsEQ3rWdYOoQ","image_url":"https:\/\/s3-media2.fl.yelpcdn.com\/bphoto\/VJcfbiJIh2v97fZZXbrS6A\/o.jpg","is_claimed":false,"is_closed":false,"location":{"address1":"436 Coventry Ave","address2":"","address3":"","city":"Utica","zip_code":"13502","country":"US","state":"NY","display_address":["436 Coventry Ave","Utica, NY 13502"],"cross_streets":""},"name":"Tasty Treat","phone":"+13157320979","photos":["https:\/\/s3-media2.fl.yelpcdn.com\/bphoto\/VJcfbiJIh2v97fZZXbrS6A\/o.jpg","https:\/\/s3-media4.fl.yelpcdn.com\/bphoto\/1paMLLhpNNxAOfTq7Ka4ww\/o.jpg","https:\/\/s3-media2.fl.yelpcdn.com\/bphoto\/CKaxJ56tC2j5fF5Yt0_MtQ\/o.jpg"],"price":"$$","rating":4.5,"review_count":9,"transactions":[],"url":"https:\/\/www.yelp.com\/biz\/tasty-treat-utica?adjust_creative=0jni649dTuZ0usGzzhLUrg&utm_campaign=yelp_api_v3&utm_medium=api_v3_business_lookup&utm_source=0jni649dTuZ0usGzzhLUrg"}
{"alias":"best-western-gateway-adirondack-inn-utica","categories":[{"alias":"hotels","title":"Hotels"}],"coordinates":{"latitude":43.1106697429,"longitude":-75.2194373311},"display_phone":"(315) 732-4121","hours":[{"open":[{"is_overnight":true,"start":"0000","end":"0000","day":0},{"is_overnight":true,"start":"0000","end":"0000","day":1},{"is_overnight":true,"start":"0000","end":"0000","day":2},{"is_overnight":true,"start":"0000","end":"0000","day":3},{"is_overnight":true,"start":"0000","end":"0000","day":4},{"is_overnight":true,"start":"0000","end":"0000","day":5},{"is_overnight":true,"start":"0000","end":"0000","day":6}],"hours_type":"REGULAR","is_open_now":true}],"id":"TDTe08gpZcNEeq07z02WwQ","image_url":"https:\/\/s3-media1.fl.yelpcdn.com\/bphoto\/Cv59-aWIS0VNFtRY7D5zSQ\/o.jpg","is_claimed":true,"is_closed":false,"location":{"address1":"175 N Genesee St","address2":"","address3":"","city":"Utica","zip_code":"13502","country":"US","state":"NY","display_address":["175 N Genesee St","Utica, NY 13502"],"cross_streets":""},"name":"Best Western Gateway Adirondack Inn","phone":"+13157324121","photos":["https:\/\/s3-media1.fl.yelpcdn.com\/bphoto\/Cv59-aWIS0VNFtRY7D5zSQ\/o.jpg","https:\/\/s3-media2.fl.yelpcdn.com\/bphoto\/CvfzNbooUoHHrszPLO3o2w\/o.jpg","https:\/\/s3-media2.fl.yelpcdn.com\/bphoto\/sVCcLQTeG93AXThL-zaYOQ\/o.jpg"],"price":"$","rating":2.0,"review_count":15,"transactions":[],"url":"https:\/\/www.yelp.com\/biz\/best-western-gateway-adirondack-inn-utica?adjust_creative=0jni649dTuZ0usGzzhLUrg&utm_campaign=yelp_api_v3&utm_medium=api_v3_business_lookup&utm_source=0jni649dTuZ0usGzzhLUrg"}
{"alias":"popeyes-louisiana-kitchen-utica","categories":[{"alias":"chicken_wings","title":"Chicken Wings"},{"alias":"hotdogs","title":"Fast Food"}],"coordinates":{"latitude":43.0966283,"longitude":-75.2417094},"display_phone":"(315) 507-4888","hours":[{"open":[{"is_overnight":false,"start":"1030","end":"2300","day":0},{"is_overnight":false,"start":"1030","end":"2300","day":1},{"is_overnight":false,"start":"1030","end":"2300","day":2},{"is_overnight":false,"start":"1030","end":"2300","day":3},{"is_overnight":false,"start":"1030","end":"2300","day":4},{"is_overnight":false,"start":"1030","end":"2300","day":5},{"is_overnight":false,"start":"1030","end":"2200","day":6}],"hours_type":"REGULAR","is_open_now":true}],"id":"5WJ9AW7IVlMsvCH7bGyxIg","image_url":"https:\/\/s3-media3.fl.yelpcdn.com\/bphoto\/cLxcdWbWsE26gwMTwJ3MWA\/o.jpg","is_claimed":true,"is_closed":false,"location":{"address1":"326 Genesee St","address2":"","address3":"","city":"Utica","zip_code":"13502","country":"US","state":"NY","display_address":["326 Genesee St","Utica, NY 13502"],"cross_streets":""},"name":"Popeyes Louisiana Kitchen","phone":"+13155074888","photos":["https:\/\/s3-media3.fl.yelpcdn.com\/bphoto\/cLxcdWbWsE26gwMTwJ3MWA\/o.jpg","https:\/\/s3-media3.fl.yelpcdn.com\/bphoto\/QToDBAOAlPObuZxG1ABYdA\/o.jpg","https:\/\/s3-media2.fl.yelpcdn.com\/bphoto\/BG0pGK0IkHDagn5HSzERKQ\/o.jpg"],"price":"$","rating":3.0,"review_count":8,"transactions":[],"url":"https:\/\/www.yelp.com\/biz\/popeyes-louisiana-kitchen-utica?adjust_creative=0jni649dTuZ0usGzzhLUrg&utm_campaign=yelp_api_v3&utm_medium=api_v3_business_lookup&utm_source=0jni649dTuZ0usGzzhLUrg"}
{"alias":"kfc-new-hartford","categories":[{"alias":"chicken_wings","title":"Chicken Wings"},{"alias":"hotdogs","title":"Fast Food"},{"alias":"chickenshop","title":"Chicken Shop"}],"coordinates":{"latitude":43.0782403257,"longitude":-75.3140386283},"display_phone":"(315) 735-2144","hours":[{"open":[{"is_overnight":false,"start":"1030","end":"2200","day":0},{"is_overnight":false,"start":"1030","end":"2200","day":1},{"is_overnight":false,"start":"1030","end":"2200","day":2},{"is_overnight":false,"start":"1030","end":"2200","day":3},{"is_overnight":false,"start":"1030","end":"2200","day":4},{"is_overnight":false,"start":"1030","end":"2200","day":5},{"is_overnight":false,"start":"1030","end":"2200","day":6}],"hours_type":"REGULAR","is_open_now":true}],"id":"taZFZbBnR2t-GB8WrCd67A","image_url":"https:\/\/s3-media4.fl.yelpcdn.com\/bphoto\/etX_vumvP4apiN0wi6p5FA\/o.jpg","is_claimed":true,"is_closed":false,"location":{"address1":"8512 Seneca Tpke","address2":null,"address3":null,"city":"New Hartford","zip_code":"13413","country":"US","state":"NY","display_address":["8512 Seneca Tpke","New Hartford, NY 13413"],"cross_streets":""},"name":"KFC","phone":"+13157352144","photos":["https:\/\/s3-media4.fl.yelpcdn.com\/bphoto\/etX_vumvP4apiN0wi6p5FA\/o.jpg","https:\/\/s3-media4.fl.yelpcdn.com\/bphoto\/PDYLZFXIy9g6fneBCPio_g\/o.jpg","https:\/\/s3-media3.fl.yelpcdn.com\/bphoto\/2B8vJsiHX23cm0sMICBMwQ\/o.jpg"],"price":"$","rating":1.5,"review_count":6,"transactions":[],"url":"https:\/\/www.yelp.com\/biz\/kfc-new-hartford?adjust_creative=0jni649dTuZ0usGzzhLUrg&utm_campaign=yelp_api_v3&utm_medium=api_v3_business_lookup&utm_source=0jni649dTuZ0usGzzhLUrg"}
{"alias":"scoops-and-sandwiches-utica","categories":[{"alias":"icecream","title":"Ice Cream & Frozen Yogurt"},{"alias":"sandwiches","title":"Sandwiches"}],"coordinates":{"latitude":43.09633,"longitude":-75.2413399},"display_phone":"(315) 601-7875","hours":[{"open":[{"is_overnight":false,"start":"1000","end":"2100","day":0},{"is_overnight":false,"start":"1000","end":"2100","day":1},{"is_overnight":false,"start":"1000","end":"2100","day":2},{"is_overnight":false,"start":"1000","end":"2100","day":3},{"is_overnight":false,"start":"1000","end":"2100","day":4},{"is_overnight":false,"start":"1000","end":"2100","day":5}],"hours_type":"REGULAR","is_open_now":true}],"id":"X3rAJJFNXlllLkDsgCUwFw","image_url":"https:\/\/s3-media2.fl.yelpcdn.com\/bphoto\/c3tifV1_26L-56ukWeVFZg\/o.jpg","is_claimed":false,"is_closed":false,"location":{"address1":"331 Genesee St","address2":"","address3":null,"city":"Utica","zip_code":"13501","country":"US","state":"NY","display_address":["331 Genesee St","Utica, NY 13501"],"cross_streets":""},"name":"Scoops and Sandwiches","phone":"+13156017875","photos":["https:\/\/s3-media2.fl.yelpcdn.com\/bphoto\/c3tifV1_26L-56ukWeVFZg\/o.jpg"],"price":null,"rating":5.0,"review_count":3,"transactions":[],"url":"https:\/\/www.yelp.com\/biz\/scoops-and-sandwiches-utica?adjust_creative=0jni649dTuZ0usGzzhLUrg&utm_campaign=yelp_api_v3&utm_medium=api_v3_business_lookup&utm_source=0jni649dTuZ0usGzzhLUrg"}
{"alias":"chanatrys-supermarkets-utica","categories":[{"alias":"grocery","title":"Grocery"}],"coordinates":{"latitude":43.0849,"longitude":-75.28217},"display_phone":"(315) 724-4107","hours":null,"id":"GXdxu4h4hM4J_MIgEySGqg","image_url":"https:\/\/s3-media3.fl.yelpcdn.com\/bphoto\/CB-6P_pENVj-DDfLVfPSVQ\/o.jpg","is_claimed":false,"is_closed":false,"location":{"address1":"485 French Rd","address2":"","address3":"","city":"Utica","zip_code":"13502","country":"US","state":"NY","display_address":["485 French Rd","Utica, NY 13502"],"cross_streets":""},"name":"Chanatry's Supermarkets","phone":"+13157244107","photos":["https:\/\/s3-media3.fl.yelpcdn.com\/bphoto\/CB-6P_pENVj-DDfLVfPSVQ\/o.jpg"],"price":"$","rating":4.0,"review_count":6,"transactions":[],"url":"https:\/\/www.yelp.com\/biz\/chanatrys-supermarkets-utica?adjust_creative=0jni649dTuZ0usGzzhLUrg&utm_campaign=yelp_api_v3&utm_medium=api_v3_business_lookup&utm_source=0jni649dTuZ0usGzzhLUrg"}
{"alias":"jimmy-johns-new-hartford","categories":[{"alias":"sandwiches","title":"Sandwiches"},{"alias":"hotdogs","title":"Fast Food"},{"alias":"delis","title":"Delis"}],"coordinates":{"latitude":43.0750084,"longitude":-75.2880402},"display_phone":"(315) 732-1725","hours":[{"open":[{"is_overnight":false,"start":"1030","end":"2200","day":0},{"is_overnight":false,"start":"1030","end":"2200","day":1},{"is_overnight":false,"start":"1030","end":"2200","day":2},{"is_overnight":false,"start":"1030","end":"2200","day":3},{"is_overnight":false,"start":"1030","end":"2200","day":4},{"is_overnight":false,"start":"1030","end":"2200","day":5},{"is_overnight":false,"start":"1030","end":"2200","day":6}],"hours_type":"REGULAR","is_open_now":true}],"id":"lo2UuH9bsGtxpoK7RcPj7w","image_url":"https:\/\/s3-media4.fl.yelpcdn.com\/bphoto\/epe5sEoGpL0baBKIni4_Tw\/o.jpg","is_claimed":true,"is_closed":false,"location":{"address1":"22 Campion Rd","address2":"","address3":"","city":"New Hartford","zip_code":"13413","country":"US","state":"NY","display_address":["22 Campion Rd","New Hartford, NY 13413"],"cross_streets":""},"name":"Jimmy John's","phone":"+13157321725","photos":["https:\/\/s3-media4.fl.yelpcdn.com\/bphoto\/epe5sEoGpL0baBKIni4_Tw\/o.jpg"],"price":"$","rating":3.5,"review_count":5,"transactions":[],"url":"https:\/\/www.yelp.com\/biz\/jimmy-johns-new-hartford?adjust_creative=0jni649dTuZ0usGzzhLUrg&utm_campaign=yelp_api_v3&utm_medium=api_v3_business_lookup&utm_source=0jni649dTuZ0usGzzhLUrg"}
{"alias":"subway-washington-mills","categories":[{"alias":"sandwiches","title":"Sandwiches"},{"alias":"hotdogs","title":"Fast Food"}],"coordinates":{"latitude":43.05551,"longitude":-75.27122},"display_phone":"(315) 737-8499","hours":[{"open":[{"is_overnight":false,"start":"0900","end":"2130","day":0},{"is_overnight":false,"start":"0900","end":"2130","day":1},{"is_overnight":false,"start":"0900","end":"2130","day":2},{"is_overnight":false,"start":"0900","end":"2130","day":3},{"is_overnight":false,"start":"0900","end":"2130","day":4},{"is_overnight":false,"start":"0900","end":"2130","day":5},{"is_overnight":false,"start":"0900","end":"2000","day":6}],"hours_type":"REGULAR","is_open_now":true}],"id":"4cQ2t_dVoaVHknsnzDczwg","image_url":"","is_claimed":true,"is_closed":false,"location":{"address1":"3987 Oneida St","address2":"","address3":"","city":"Washington Mills","zip_code":"13479","country":"US","state":"NY","display_address":["3987 Oneida St","Washington Mills, NY 13479"],"cross_streets":""},"name":"Subway","phone":"+13157378499","photos":[],"price":null,"rating":1.0,"review_count":3,"transactions":[],"url":"https:\/\/www.yelp.com\/biz\/subway-washington-mills?adjust_creative=0jni649dTuZ0usGzzhLUrg&utm_campaign=yelp_api_v3&utm_medium=api_v3_business_lookup&utm_source=0jni649dTuZ0usGzzhLUrg"}
{"alias":"daylight-donuts-new-hartford","categories":[{"alias":"donuts","title":"Donuts"},{"alias":"coffee","title":"Coffee & Tea"}],"coordinates":{"latitude":43.074108,"longitude":-75.287155},"display_phone":"(315) 724-7103","hours":null,"id":"hvyfwUIgCKh21Ka6sj70uQ","image_url":"https:\/\/s3-media1.fl.yelpcdn.com\/bphoto\/llmqkCHhlN2D1CR3XIarkg\/o.jpg","is_claimed":true,"is_closed":false,"location":{"address1":"22 Genesee St","address2":"","address3":"","city":"New Hartford","zip_code":"13413","country":"US","state":"NY","display_address":["22 Genesee St","New Hartford, NY 13413"],"cross_streets":""},"name":"Daylight Donuts","phone":"+13157247103","photos":["https:\/\/s3-media1.fl.yelpcdn.com\/bphoto\/llmqkCHhlN2D1CR3XIarkg\/o.jpg","https:\/\/s3-media3.fl.yelpcdn.com\/bphoto\/NfSK6K9ncNIR_9a8hlXS8Q\/o.jpg","https:\/\/s3-media2.fl.yelpcdn.com\/bphoto\/War3JTbP_VOoQ4AB1qLr9Q\/o.jpg"],"price":"$","rating":4.5,"review_count":18,"transactions":[],"url":"https:\/\/www.yelp.com\/biz\/daylight-donuts-new-hartford?adjust_creative=0jni649dTuZ0usGzzhLUrg&utm_campaign=yelp_api_v3&utm_medium=api_v3_business_lookup&utm_source=0jni649dTuZ0usGzzhLUrg"}
{"alias":"dunkin-donuts-utica-4","categories":[{"alias":"coffee","title":"Coffee & Tea"},{"alias":"donuts","title":"Donuts"}],"coordinates":{"latitude":43.10713,"longitude":-75.24441},"display_phone":"(315) 793-9303","hours":[{"open":[{"is_overnight":false,"start":"0500","end":"0000","day":0},{"is_overnight":false,"start":"0500","end":"0000","day":1},{"is_overnight":false,"start":"0500","end":"0000","day":2},{"is_overnight":false,"start":"0500","end":"0000","day":3},{"is_overnight":false,"start":"0500","end":"0000","day":4},{"is_overnight":false,"start":"0500","end":"0000","day":5},{"is_overnight":false,"start":"0500","end":"0000","day":6}],"hours_type":"REGULAR","is_open_now":true}],"id":"0mR6gUuGB6XOYX6_UcVMsg","image_url":"https:\/\/s3-media2.fl.yelpcdn.com\/bphoto\/F_Rtw9xD3EFCQv003jvhvA\/o.jpg","is_claimed":false,"is_closed":false,"location":{"address1":"31 Schuyler St","address2":null,"address3":null,"city":"Utica","zip_code":"13502","country":"US","state":"NY","display_address":["31 Schuyler St","Utica, NY 13502"],"cross_streets":""},"name":"Dunkin' Donuts","phone":"+13157939303","photos":["https:\/\/s3-media2.fl.yelpcdn.com\/bphoto\/F_Rtw9xD3EFCQv003jvhvA\/o.jpg","https:\/\/s3-media3.fl.yelpcdn.com\/bphoto\/sxqrgX_wsXPDkUBK11pnKQ\/o.jpg","https:\/\/s3-media2.fl.yelpcdn.com\/bphoto\/3kUqJqyUi9U69c734Y6l0A\/o.jpg"],"price":"$$$","rating":3.0,"review_count":3,"transactions":[],"url":"https:\/\/www.yelp.com\/biz\/dunkin-donuts-utica-4?adjust_creative=0jni649dTuZ0usGzzhLUrg&utm_campaign=yelp_api_v3&utm_medium=api_v3_business_lookup&utm_source=0jni649dTuZ0usGzzhLUrg"}
{"alias":"dunkin-donuts-whitesboro","categories":[{"alias":"donuts","title":"Donuts"},{"alias":"coffee","title":"Coffee & Tea"}],"coordinates":{"latitude":43.11787,"longitude":-75.29282},"display_phone":"","hours":null,"id":"KsAqcgWxVCzu7sy-Vjl0dQ","image_url":"https:\/\/s3-media2.fl.yelpcdn.com\/bphoto\/y8IrQvhxDIz5zgMy1mClTA\/o.jpg","is_claimed":false,"is_closed":false,"location":{"address1":"81 Oriskany Blvd","address2":"","address3":"","city":"Whitesboro","zip_code":"13492","country":"US","state":"NY","display_address":["81 Oriskany Blvd","Whitesboro, NY 13492"],"cross_streets":""},"name":"Dunkin' Donuts","phone":"","photos":["https:\/\/s3-media2.fl.yelpcdn.com\/bphoto\/y8IrQvhxDIz5zgMy1mClTA\/o.jpg","https:\/\/s3-media2.fl.yelpcdn.com\/bphoto\/OY4eW_lb7WebOEvobcaR8Q\/o.jpg"],"price":"$","rating":3.5,"review_count":3,"transactions":[],"url":"https:\/\/www.yelp.com\/biz\/dunkin-donuts-whitesboro?adjust_creative=0jni649dTuZ0usGzzhLUrg&utm_campaign=yelp_api_v3&utm_medium=api_v3_business_lookup&utm_source=0jni649dTuZ0usGzzhLUrg"}
{"alias":"dunkin-donuts-marcy","categories":[{"alias":"donuts","title":"Donuts"},{"alias":"coffee","title":"Coffee & Tea"}],"coordinates":{"latitude":43.13737,"longitude":-75.26745},"display_phone":"","hours":null,"id":"IU_eGTdnhIM59Wkodh5CLQ","image_url":"https:\/\/s3-media2.fl.yelpcdn.com\/bphoto\/iN8Jo9Hmru-XSh0EafnZHQ\/o.jpg","is_claimed":false,"is_closed":false,"location":{"address1":"River Rd","address2":"","address3":"","city":"Marcy","zip_code":"13403","country":"US","state":"NY","display_address":["River Rd","Marcy, NY 13403"],"cross_streets":""},"name":"Dunkin' Donuts","phone":"","photos":["https:\/\/s3-media2.fl.yelpcdn.com\/bphoto\/iN8Jo9Hmru-XSh0EafnZHQ\/o.jpg"],"price":null,"rating":2.5,"review_count":3,"transactions":[],"url":"https:\/\/www.yelp.com\/biz\/dunkin-donuts-marcy?adjust_creative=0jni649dTuZ0usGzzhLUrg&utm_campaign=yelp_api_v3&utm_medium=api_v3_business_lookup&utm_source=0jni649dTuZ0usGzzhLUrg"}
{"alias":"panera-bread-new-hartford","categories":[{"alias":"sandwiches","title":"Sandwiches"},{"alias":"salad","title":"Salad"},{"alias":"soup","title":"Soup"}],"coordinates":{"latitude":43.096062,"longitude":-75.305263},"display_phone":"(315) 768-1702","hours":[{"open":[{"is_overnight":false,"start":"0600","end":"2200","day":0},{"is_overnight":false,"start":"0600","end":"2200","day":1},{"is_overnight":false,"start":"0600","end":"2200","day":2},{"is_overnight":false,"start":"0600","end":"2200","day":3},{"is_overnight":false,"start":"0600","end":"2200","day":4},{"is_overnight":false,"start":"0600","end":"2200","day":5},{"is_overnight":false,"start":"0700","end":"2200","day":6}],"hours_type":"REGULAR","is_open_now":true}],"id":"k3oV7CetilPUm-LAUtQtJw","image_url":"https:\/\/s3-media2.fl.yelpcdn.com\/bphoto\/ZN6NBVH0trqh0K47hy8jRg\/o.jpg","is_claimed":true,"is_closed":false,"location":{"address1":"4821 Commercial Dr","address2":null,"address3":null,"city":"New Hartford","zip_code":"13413","country":"US","state":"NY","display_address":["4821 Commercial Dr","New Hartford, NY 13413"],"cross_streets":""},"name":"Panera Bread","phone":"+13157681702","photos":["https:\/\/s3-media2.fl.yelpcdn.com\/bphoto\/ZN6NBVH0trqh0K47hy8jRg\/o.jpg","https:\/\/s3-media3.fl.yelpcdn.com\/bphoto\/ttPaOHvcb4uVBauxFQbDFA\/o.jpg","https:\/\/s3-media1.fl.yelpcdn.com\/bphoto\/Qol_--DJA-039KT7ppeP8Q\/o.jpg"],"price":"$$","rating":3.0,"review_count":33,"transactions":[],"url":"https:\/\/www.yelp.com\/biz\/panera-bread-new-hartford?adjust_creative=0jni649dTuZ0usGzzhLUrg&utm_campaign=yelp_api_v3&utm_medium=api_v3_business_lookup&utm_source=0jni649dTuZ0usGzzhLUrg"}
{"alias":"arcuris-pizza-utica","categories":[{"alias":"pizza","title":"Pizza"}],"coordinates":{"latitude":43.0920121824,"longitude":-75.2211557329},"display_phone":"(315) 735-7777","hours":[{"open":[{"is_overnight":false,"start":"1100","end":"0000","day":0},{"is_overnight":false,"start":"1100","end":"0000","day":1},{"is_overnight":false,"start":"1100","end":"0000","day":2},{"is_overnight":false,"start":"1100","end":"0000","day":3},{"is_overnight":true,"start":"1100","end":"0100","day":4},{"is_overnight":true,"start":"1100","end":"0100","day":5},{"is_overnight":false,"start":"1100","end":"2300","day":6}],"hours_type":"REGULAR","is_open_now":true}],"id":"8z_0rVkwAr-ioP07yi7C-Q","image_url":"https:\/\/s3-media2.fl.yelpcdn.com\/bphoto\/OIuNOm0VYliJ2qw8MphTLg\/o.jpg","is_claimed":false,"is_closed":false,"location":{"address1":"1101 Mohawk St","address2":"","address3":"","city":"Utica","zip_code":"13501","country":"US","state":"NY","display_address":["1101 Mohawk St","Utica, NY 13501"],"cross_streets":""},"name":"Arcuri's Pizza","phone":"+13157357777","photos":["https:\/\/s3-media2.fl.yelpcdn.com\/bphoto\/OIuNOm0VYliJ2qw8MphTLg\/o.jpg","https:\/\/s3-media1.fl.yelpcdn.com\/bphoto\/Se521WTRr0SEPunpZkBkdQ\/o.jpg","https:\/\/s3-media1.fl.yelpcdn.com\/bphoto\/yhZ1jQGrXLqvunjDc6GUlg\/o.jpg"],"price":"$","rating":3.5,"review_count":9,"transactions":[],"url":"https:\/\/www.yelp.com\/biz\/arcuris-pizza-utica?adjust_creative=0jni649dTuZ0usGzzhLUrg&utm_campaign=yelp_api_v3&utm_medium=api_v3_business_lookup&utm_source=0jni649dTuZ0usGzzhLUrg"}
{"alias":"dominos-pizza-utica","categories":[{"alias":"pizza","title":"Pizza"},{"alias":"chicken_wings","title":"Chicken Wings"},{"alias":"sandwiches","title":"Sandwiches"}],"coordinates":{"latitude":43.08482,"longitude":-75.28784},"display_phone":"(315) 735-3030","hours":[{"open":[{"is_overnight":true,"start":"1100","end":"0200","day":0},{"is_overnight":true,"start":"1100","end":"0200","day":1},{"is_overnight":true,"start":"1100","end":"0200","day":2},{"is_overnight":true,"start":"1100","end":"0200","day":3},{"is_overnight":true,"start":"1100","end":"0300","day":4},{"is_overnight":true,"start":"1100","end":"0300","day":5},{"is_overnight":true,"start":"1100","end":"0200","day":6}],"hours_type":"REGULAR","is_open_now":true}],"id":"sMFWJgoU4WWHMb7kUmmQ4Q","image_url":"","is_claimed":true,"is_closed":false,"location":{"address1":"2427 Chenango Rd","address2":"","address3":"","city":"Utica","zip_code":"13502","country":"US","state":"NY","display_address":["2427 Chenango Rd","Utica, NY 13502"],"cross_streets":""},"name":"Domino's Pizza","phone":"+13157353030","photos":[],"price":"$","rating":3.0,"review_count":6,"transactions":[],"url":"https:\/\/www.yelp.com\/biz\/dominos-pizza-utica?adjust_creative=0jni649dTuZ0usGzzhLUrg&utm_campaign=yelp_api_v3&utm_medium=api_v3_business_lookup&utm_source=0jni649dTuZ0usGzzhLUrg"}
{"alias":"four-seasons-pizza-marcy","categories":[{"alias":"pizza","title":"Pizza"},{"alias":"catering","title":"Caterers"}],"coordinates":{"latitude":43.13979,"longitude":-75.27706},"display_phone":"(315) 736-4757","hours":null,"id":"sirO4eqxL5VxN8gm7CIIqg","image_url":"https:\/\/s3-media3.fl.yelpcdn.com\/bphoto\/SKCbMKfGSotpZXShkKJ1RQ\/o.jpg","is_claimed":false,"is_closed":false,"location":{"address1":"9225 State Route 49","address2":"","address3":"","city":"Marcy","zip_code":"13403","country":"US","state":"NY","display_address":["9225 State Route 49","Marcy, NY 13403"],"cross_streets":""},"name":"Four Seasons Pizza","phone":"+13157364757","photos":["https:\/\/s3-media3.fl.yelpcdn.com\/bphoto\/SKCbMKfGSotpZXShkKJ1RQ\/o.jpg","https:\/\/s3-media4.fl.yelpcdn.com\/bphoto\/I9Z1Ce82J7QNmBa65xWq7g\/o.jpg"],"price":"$","rating":4.0,"review_count":5,"transactions":[],"url":"https:\/\/www.yelp.com\/biz\/four-seasons-pizza-marcy?adjust_creative=0jni649dTuZ0usGzzhLUrg&utm_campaign=yelp_api_v3&utm_medium=api_v3_business_lookup&utm_source=0jni649dTuZ0usGzzhLUrg"}
{"alias":"tonys-pizzeria-washington-mills-washington-mills","categories":[{"alias":"pizza","title":"Pizza"}],"coordinates":{"latitude":43.0451202393,"longitude":-75.2615814209},"display_phone":"(315) 737-9172","hours":null,"id":"00cq5Cr9ho6OsjebHxvuow","image_url":"https:\/\/s3-media1.fl.yelpcdn.com\/bphoto\/VcWgWfzT5tCRMLgnuSV3-Q\/o.jpg","is_claimed":false,"is_closed":false,"location":{"address1":"3899 Oneida St","address2":"","address3":"","city":"Washington Mills","zip_code":"13479","country":"US","state":"NY","display_address":["3899 Oneida St","Washington Mills, NY 13479"],"cross_streets":""},"name":"Tony's Pizzeria-Washington Mills","phone":"+13157379172","photos":["https:\/\/s3-media1.fl.yelpcdn.com\/bphoto\/VcWgWfzT5tCRMLgnuSV3-Q\/o.jpg","https:\/\/s3-media1.fl.yelpcdn.com\/bphoto\/9Rf4qeCTQWSU6jEvPQLznA\/o.jpg","https:\/\/s3-media3.fl.yelpcdn.com\/bphoto\/gDTccvrYOErQkT9HkBYVVg\/o.jpg"],"price":"$$","rating":3.0,"review_count":23,"transactions":[],"url":"https:\/\/www.yelp.com\/biz\/tonys-pizzeria-washington-mills-washington-mills?adjust_creative=0jni649dTuZ0usGzzhLUrg&utm_campaign=yelp_api_v3&utm_medium=api_v3_business_lookup&utm_source=0jni649dTuZ0usGzzhLUrg"}
{"alias":"joans-diner-chadwicks","categories":[{"alias":"salad","title":"Salad"},{"alias":"breakfast_brunch","title":"Breakfast & Brunch"}],"coordinates":{"latitude":43.0311881751,"longitude":-75.2741045505},"display_phone":"(315) 737-7005","hours":[{"open":[{"is_overnight":false,"start":"0500","end":"1400","day":0},{"is_overnight":false,"start":"0500","end":"1400","day":1},{"is_overnight":false,"start":"0500","end":"1400","day":2},{"is_overnight":false,"start":"0500","end":"1400","day":3},{"is_overnight":false,"start":"0500","end":"1400","day":4},{"is_overnight":false,"start":"0600","end":"1300","day":5},{"is_overnight":false,"start":"0600","end":"1300","day":6}],"hours_type":"REGULAR","is_open_now":false}],"id":"mSphPyQ2ZUdgHqIzwf6F6g","image_url":"https:\/\/s3-media4.fl.yelpcdn.com\/bphoto\/hYbPnVLbI6OKRX1ib3h3Ng\/o.jpg","is_claimed":false,"is_closed":false,"location":{"address1":"3480 Oneida St","address2":"","address3":"","city":"Chadwicks","zip_code":"13319","country":"US","state":"NY","display_address":["3480 Oneida St","Chadwicks, NY 13319"],"cross_streets":""},"name":"Joan's Diner","phone":"+13157377005","photos":["https:\/\/s3-media4.fl.yelpcdn.com\/bphoto\/hYbPnVLbI6OKRX1ib3h3Ng\/o.jpg","https:\/\/s3-media3.fl.yelpcdn.com\/bphoto\/uOafhmJEkjv4JYLya0WfgA\/o.jpg"],"price":"$","rating":4.0,"review_count":4,"transactions":[],"url":"https:\/\/www.yelp.com\/biz\/joans-diner-chadwicks?adjust_creative=0jni649dTuZ0usGzzhLUrg&utm_campaign=yelp_api_v3&utm_medium=api_v3_business_lookup&utm_source=0jni649dTuZ0usGzzhLUrg"}
{"alias":"green-onion-pub-utica","categories":[{"alias":"pubs","title":"Pubs"}],"coordinates":{"latitude":43.0860030645,"longitude":-75.2623028478},"display_phone":"(202) 276-1049","hours":null,"id":"SOF_WOC1Q4_SeHYMX2LFyg","image_url":"https:\/\/s3-media3.fl.yelpcdn.com\/bphoto\/ro6G4K__P0cGMNbVMUMy5Q\/o.jpg","is_claimed":false,"is_closed":false,"location":{"address1":"2018 Genesee St","address2":"","address3":"","city":"Utica","zip_code":"13501","country":"US","state":"NY","display_address":["2018 Genesee St","Utica, NY 13501"],"cross_streets":""},"name":"Green Onion Pub","phone":"+12022761049","photos":["https:\/\/s3-media3.fl.yelpcdn.com\/bphoto\/ro6G4K__P0cGMNbVMUMy5Q\/o.jpg"],"price":"$$","rating":4.5,"review_count":11,"transactions":[],"url":"https:\/\/www.yelp.com\/biz\/green-onion-pub-utica?adjust_creative=0jni649dTuZ0usGzzhLUrg&utm_campaign=yelp_api_v3&utm_medium=api_v3_business_lookup&utm_source=0jni649dTuZ0usGzzhLUrg"}
{"alias":"wakelys-utica","categories":[{"alias":"speakeasies","title":"Speakeasies"}],"coordinates":{"latitude":43.1037198688,"longitude":-75.2431693586},"display_phone":"(315) 864-3948","hours":[{"open":[{"is_overnight":false,"start":"1600","end":"2300","day":1},{"is_overnight":false,"start":"1600","end":"2300","day":2},{"is_overnight":false,"start":"1600","end":"2300","day":3},{"is_overnight":true,"start":"1600","end":"0100","day":4},{"is_overnight":true,"start":"1600","end":"0100","day":5}],"hours_type":"REGULAR","is_open_now":true}],"id":"MJCJGHhyVNEA-69bKqeRPg","image_url":"https:\/\/s3-media2.fl.yelpcdn.com\/bphoto\/YvNK7OALsBPNHgYcESvZoA\/o.jpg","is_claimed":false,"is_closed":false,"location":{"address1":"700 Varick St","address2":"","address3":null,"city":"Utica","zip_code":"13502","country":"US","state":"NY","display_address":["700 Varick St","Utica, NY 13502"],"cross_streets":""},"name":"Wakely's","phone":"+13158643948","photos":["https:\/\/s3-media2.fl.yelpcdn.com\/bphoto\/YvNK7OALsBPNHgYcESvZoA\/o.jpg","https:\/\/s3-media3.fl.yelpcdn.com\/bphoto\/VwZZtrfbUO4_S7g82CZvmQ\/o.jpg","https:\/\/s3-media2.fl.yelpcdn.com\/bphoto\/CVARTWLQZ4ob79n25Rtofw\/o.jpg"],"price":"$$","rating":2.5,"review_count":5,"transactions":[],"url":"https:\/\/www.yelp.com\/biz\/wakelys-utica?adjust_creative=0jni649dTuZ0usGzzhLUrg&utm_campaign=yelp_api_v3&utm_medium=api_v3_business_lookup&utm_source=0jni649dTuZ0usGzzhLUrg"}
{"alias":"sickenberger-lane-utica","categories":[{"alias":"bars","title":"Bars"}],"coordinates":{"latitude":43.1040457628,"longitude":-75.2419602871},"display_phone":"","hours":null,"id":"XqcFWNavEZLpnCITR2Ebig","image_url":"https:\/\/s3-media4.fl.yelpcdn.com\/bphoto\/Pf2DMoCKXDyF8OrI7IrK8g\/o.jpg","is_claimed":false,"is_closed":false,"location":{"address1":"614 Varick St","address2":"","address3":"","city":"Utica","zip_code":"13502","country":"US","state":"NY","display_address":["614 Varick St","Utica, NY 13502"],"cross_streets":""},"name":"Sickenberger Lane","phone":"","photos":["https:\/\/s3-media4.fl.yelpcdn.com\/bphoto\/Pf2DMoCKXDyF8OrI7IrK8g\/o.jpg","https:\/\/s3-media2.fl.yelpcdn.com\/bphoto\/wt7VLMA7RxPW_ChQ5v9kHw\/o.jpg","https:\/\/s3-media1.fl.yelpcdn.com\/bphoto\/pAQOFoiSMhNUVSYbIS3sfg\/o.jpg"],"price":"$$","rating":2.5,"review_count":3,"transactions":[],"url":"https:\/\/www.yelp.com\/biz\/sickenberger-lane-utica?adjust_creative=0jni649dTuZ0usGzzhLUrg&utm_campaign=yelp_api_v3&utm_medium=api_v3_business_lookup&utm_source=0jni649dTuZ0usGzzhLUrg"}
{"alias":"bengees-utica","categories":[{"alias":"divebars","title":"Dive Bars"}],"coordinates":{"latitude":43.10243,"longitude":-75.23368},"display_phone":"(315) 732-9326","hours":[{"open":[{"is_overnight":false,"start":"0200","end":"1400","day":0},{"is_overnight":false,"start":"0200","end":"1400","day":1},{"is_overnight":false,"start":"0200","end":"1400","day":2},{"is_overnight":false,"start":"0200","end":"1400","day":3},{"is_overnight":false,"start":"0200","end":"1400","day":4},{"is_overnight":false,"start":"0200","end":"1400","day":5},{"is_overnight":false,"start":"0200","end":"1400","day":6}],"hours_type":"REGULAR","is_open_now":false}],"id":"B4ZdhUh5__AhKSK2R5jdXA","image_url":"https:\/\/s3-media2.fl.yelpcdn.com\/bphoto\/Kl4x2oCPZBZnRNoHvu_Zyw\/o.jpg","is_claimed":false,"is_closed":false,"location":{"address1":"300 Columbia St","address2":"","address3":"","city":"Utica","zip_code":"13502","country":"US","state":"NY","display_address":["300 Columbia St","Utica, NY 13502"],"cross_streets":""},"name":"Bengee's","phone":"+13157329326","photos":["https:\/\/s3-media2.fl.yelpcdn.com\/bphoto\/Kl4x2oCPZBZnRNoHvu_Zyw\/o.jpg"],"price":"$","rating":2.5,"review_count":3,"transactions":[],"url":"https:\/\/www.yelp.com\/biz\/bengees-utica?adjust_creative=0jni649dTuZ0usGzzhLUrg&utm_campaign=yelp_api_v3&utm_medium=api_v3_business_lookup&utm_source=0jni649dTuZ0usGzzhLUrg"}
{"alias":"the-auburn-utica","categories":[{"alias":"restaurants","title":"Restaurants"},{"alias":"divebars","title":"Dive Bars"}],"coordinates":{"latitude":43.0857810974,"longitude":-75.2604598999},"display_phone":"(315) 735-2649","hours":null,"id":"Z5CP7IuVw_WNjDx3oHl9pw","image_url":"https:\/\/s3-media2.fl.yelpcdn.com\/bphoto\/cCv9k_ESIcx1IBN1dDYz4w\/o.jpg","is_claimed":false,"is_closed":false,"location":{"address1":"14 Auburn Ave","address2":"","address3":"","city":"Utica","zip_code":"13501","country":"US","state":"NY","display_address":["14 Auburn Ave","Utica, NY 13501"],"cross_streets":""},"name":"The Auburn","phone":"+13157352649","photos":["https:\/\/s3-media2.fl.yelpcdn.com\/bphoto\/cCv9k_ESIcx1IBN1dDYz4w\/o.jpg"],"price":"$","rating":3.0,"review_count":3,"transactions":[],"url":"https:\/\/www.yelp.com\/biz\/the-auburn-utica?adjust_creative=0jni649dTuZ0usGzzhLUrg&utm_campaign=yelp_api_v3&utm_medium=api_v3_business_lookup&utm_source=0jni649dTuZ0usGzzhLUrg"}
{"alias":"props-inn-new-hartford","categories":[{"alias":"divebars","title":"Dive Bars"}],"coordinates":{"latitude":43.07486,"longitude":-75.29932},"display_phone":"(315) 797-9806","hours":[{"open":[{"is_overnight":true,"start":"1100","end":"0200","day":0},{"is_overnight":true,"start":"1100","end":"0200","day":1},{"is_overnight":true,"start":"1100","end":"0200","day":2},{"is_overnight":true,"start":"1100","end":"0200","day":3},{"is_overnight":true,"start":"1100","end":"0200","day":4},{"is_overnight":true,"start":"1200","end":"0200","day":5},{"is_overnight":false,"start":"1300","end":"1900","day":6}],"hours_type":"REGULAR","is_open_now":true}],"id":"HhERFg7CHHNy41RVVlpPdQ","image_url":"https:\/\/s3-media4.fl.yelpcdn.com\/bphoto\/Cx64ynVjnEXXFkwVs2COLA\/o.jpg","is_claimed":false,"is_closed":false,"location":{"address1":"144 Genesee St","address2":"","address3":"","city":"New Hartford","zip_code":"13413","country":"US","state":"NY","display_address":["144 Genesee St","New Hartford, NY 13413"],"cross_streets":""},"name":"Prop's Inn","phone":"+13157979806","photos":["https:\/\/s3-media4.fl.yelpcdn.com\/bphoto\/Cx64ynVjnEXXFkwVs2COLA\/o.jpg","https:\/\/s3-media1.fl.yelpcdn.com\/bphoto\/gAZsuYVF1MsrJ7XfVG5lhA\/o.jpg","https:\/\/s3-media1.fl.yelpcdn.com\/bphoto\/3M8CI5z7P_38t3KTuw_U1w\/o.jpg"],"price":"$","rating":4.0,"review_count":9,"transactions":[],"url":"https:\/\/www.yelp.com\/biz\/props-inn-new-hartford?adjust_creative=0jni649dTuZ0usGzzhLUrg&utm_campaign=yelp_api_v3&utm_medium=api_v3_business_lookup&utm_source=0jni649dTuZ0usGzzhLUrg"}
{"alias":"12-north-sports-bar-marcy","categories":[{"alias":"sportsbars","title":"Sports Bars"}],"coordinates":{"latitude":43.1429177841,"longitude":-75.2161252499},"display_phone":"","hours":null,"id":"PVRTRopzjEI48B3_w5I9rw","image_url":"","is_claimed":false,"is_closed":false,"location":{"address1":"10125 Mulaney Rd","address2":"","address3":"","city":"Marcy","zip_code":"13403","country":"US","state":"NY","display_address":["10125 Mulaney Rd","Marcy, NY 13403"],"cross_streets":""},"name":"12 North Sports Bar","phone":"","photos":[],"price":"$","rating":2.5,"review_count":4,"transactions":[],"url":"https:\/\/www.yelp.com\/biz\/12-north-sports-bar-marcy?adjust_creative=0jni649dTuZ0usGzzhLUrg&utm_campaign=yelp_api_v3&utm_medium=api_v3_business_lookup&utm_source=0jni649dTuZ0usGzzhLUrg"}
{"alias":"hippos-the-house-of-billiards-yorkville","categories":[{"alias":"poolhalls","title":"Pool Halls"}],"coordinates":{"latitude":43.11382,"longitude":-75.28889},"display_phone":"(315) 768-0218","hours":null,"id":"MplfcewHUxkupmQgO_N-0w","image_url":"https:\/\/s3-media4.fl.yelpcdn.com\/bphoto\/iaHS5zUBXOwSGHDVr58wnQ\/o.jpg","is_claimed":false,"is_closed":false,"location":{"address1":"5160 Commercial Dr","address2":"","address3":"","city":"Yorkville","zip_code":"13495","country":"US","state":"NY","display_address":["5160 Commercial Dr","Yorkville, NY 13495"],"cross_streets":""},"name":"Hippos the House of Billiards","phone":"+13157680218","photos":["https:\/\/s3-media4.fl.yelpcdn.com\/bphoto\/iaHS5zUBXOwSGHDVr58wnQ\/o.jpg","https:\/\/s3-media1.fl.yelpcdn.com\/bphoto\/ZSNbyRcZ31-2f2iPS0F1rg\/o.jpg"],"price":"$","rating":4.5,"review_count":4,"transactions":[],"url":"https:\/\/www.yelp.com\/biz\/hippos-the-house-of-billiards-yorkville?adjust_creative=0jni649dTuZ0usGzzhLUrg&utm_campaign=yelp_api_v3&utm_medium=api_v3_business_lookup&utm_source=0jni649dTuZ0usGzzhLUrg"}
{"alias":"apsara-restaurant-cambodian-and-thai-utica","categories":[{"alias":"cambodian","title":"Cambodian"},{"alias":"thai","title":"Thai"}],"coordinates":{"latitude":43.099462,"longitude":-75.2326665},"display_phone":"(315) 864-3499","hours":[{"open":[{"is_overnight":false,"start":"1100","end":"1500","day":0},{"is_overnight":false,"start":"1700","end":"2030","day":0},{"is_overnight":false,"start":"1100","end":"1500","day":1},{"is_overnight":false,"start":"1700","end":"2030","day":1},{"is_overnight":false,"start":"1100","end":"1500","day":3},{"is_overnight":false,"start":"1700","end":"2100","day":3},{"is_overnight":false,"start":"1100","end":"1500","day":4},{"is_overnight":false,"start":"1700","end":"2100","day":4},{"is_overnight":false,"start":"1100","end":"1500","day":5},{"is_overnight":false,"start":"1700","end":"2100","day":5},{"is_overnight":false,"start":"1100","end":"1500","day":6},{"is_overnight":false,"start":"1600","end":"1800","day":6}],"hours_type":"REGULAR","is_open_now":true}],"id":"VVUC2_ceLkjr-zv4yAMdLg","image_url":"https:\/\/s3-media3.fl.yelpcdn.com\/bphoto\/7mDA6qlr23OR0UxgWfoBsw\/o.jpg","is_claimed":true,"is_closed":false,"location":{"address1":"32 Bank Pl","address2":null,"address3":"","city":"Utica","zip_code":"13501","country":"US","state":"NY","display_address":["32 Bank Pl","Utica, NY 13501"],"cross_streets":""},"name":"Apsara Restaurant Cambodian & Thai","phone":"+13158643499","photos":["https:\/\/s3-media3.fl.yelpcdn.com\/bphoto\/7mDA6qlr23OR0UxgWfoBsw\/o.jpg","https:\/\/s3-media4.fl.yelpcdn.com\/bphoto\/3dX-MJ558wQJOoPu1J0wZg\/o.jpg","https:\/\/s3-media4.fl.yelpcdn.com\/bphoto\/KtNDTJUZF98pxPHtGw50Yg\/o.jpg"],"price":null,"rating":4.5,"review_count":3,"transactions":[],"url":"https:\/\/www.yelp.com\/biz\/apsara-restaurant-cambodian-and-thai-utica?adjust_creative=0jni649dTuZ0usGzzhLUrg&utm_campaign=yelp_api_v3&utm_medium=api_v3_business_lookup&utm_source=0jni649dTuZ0usGzzhLUrg"}
{"alias":"chowder-house-new-york-mills","categories":[{"alias":"seafood","title":"Seafood"}],"coordinates":{"latitude":43.095508,"longitude":-75.291786},"display_phone":"(315) 736-5840","hours":[{"open":[{"is_overnight":false,"start":"1200","end":"2000","day":1},{"is_overnight":false,"start":"1100","end":"2130","day":2},{"is_overnight":false,"start":"1100","end":"2130","day":3},{"is_overnight":false,"start":"1100","end":"2130","day":4},{"is_overnight":false,"start":"1100","end":"2130","day":5}],"hours_type":"REGULAR","is_open_now":true}],"id":"cXyR6NF19Ctuy5RvwkIKhg","image_url":"https:\/\/s3-media3.fl.yelpcdn.com\/bphoto\/i3GHvD4mecndKa5DbERMvQ\/o.jpg","is_claimed":true,"is_closed":false,"location":{"address1":"57 Burrstone Rd","address2":"","address3":"","city":"New York Mills","zip_code":"13417","country":"US","state":"NY","display_address":["57 Burrstone Rd","New York Mills, NY 13417"],"cross_streets":""},"name":"Chowder House","phone":"+13157365840","photos":["https:\/\/s3-media3.fl.yelpcdn.com\/bphoto\/i3GHvD4mecndKa5DbERMvQ\/o.jpg","https:\/\/s3-media3.fl.yelpcdn.com\/bphoto\/_VA8oxT7zYrYRUTMInsP5w\/o.jpg","https:\/\/s3-media2.fl.yelpcdn.com\/bphoto\/hvUAXbkn16HQUFdMciUPyw\/o.jpg"],"price":"$$","rating":4.0,"review_count":22,"transactions":[],"url":"https:\/\/www.yelp.com\/biz\/chowder-house-new-york-mills?adjust_creative=0jni649dTuZ0usGzzhLUrg&utm_campaign=yelp_api_v3&utm_medium=api_v3_business_lookup&utm_source=0jni649dTuZ0usGzzhLUrg"}
{"alias":"pho-ever-noodles-new-hartford-4","categories":[{"alias":"vietnamese","title":"Vietnamese"},{"alias":"noodles","title":"Noodles"}],"coordinates":{"latitude":43.08212,"longitude":-75.32221},"display_phone":"(315) 733-6888","hours":[{"open":[{"is_overnight":false,"start":"1000","end":"2100","day":0},{"is_overnight":false,"start":"1000","end":"2100","day":1},{"is_overnight":false,"start":"1000","end":"2100","day":2},{"is_overnight":false,"start":"1000","end":"2100","day":3},{"is_overnight":false,"start":"1000","end":"2100","day":4},{"is_overnight":false,"start":"1000","end":"2100","day":5},{"is_overnight":false,"start":"1000","end":"1900","day":6}],"hours_type":"REGULAR","is_open_now":true}],"id":"acLe3P0gKyaAxwrjxdX_sQ","image_url":"https:\/\/s3-media2.fl.yelpcdn.com\/bphoto\/-kPaRkFg52x6Sydd-in1sg\/o.jpg","is_claimed":true,"is_closed":false,"location":{"address1":"8469 Seneca Tpke","address2":"Ste 300","address3":"Plaza 5","city":"New Hartford","zip_code":"13413","country":"US","state":"NY","display_address":["8469 Seneca Tpke","Ste 300","Plaza 5","New Hartford, NY 13413"],"cross_streets":""},"name":"PHO ever Noodles","phone":"+13157336888","photos":["https:\/\/s3-media2.fl.yelpcdn.com\/bphoto\/-kPaRkFg52x6Sydd-in1sg\/o.jpg","https:\/\/s3-media2.fl.yelpcdn.com\/bphoto\/u_kcbqETTebiAZBMKKQ74Q\/o.jpg","https:\/\/s3-media1.fl.yelpcdn.com\/bphoto\/WSL2L7q_-OMRhQjuD2L7QA\/o.jpg"],"price":"$$","rating":4.0,"review_count":55,"transactions":["delivery","pickup"],"url":"https:\/\/www.yelp.com\/biz\/pho-ever-noodles-new-hartford-4?adjust_creative=0jni649dTuZ0usGzzhLUrg&utm_campaign=yelp_api_v3&utm_medium=api_v3_business_lookup&utm_source=0jni649dTuZ0usGzzhLUrg"}
{"alias":"tokyo-restaurant-herkimer","categories":[{"alias":"sushi","title":"Sushi Bars"},{"alias":"japanese","title":"Japanese"}],"coordinates":{"latitude":43.0230687,"longitude":-74.9932566},"display_phone":"(315) 866-8899","hours":[{"open":[{"is_overnight":false,"start":"1100","end":"2200","day":0},{"is_overnight":false,"start":"1100","end":"2200","day":1},{"is_overnight":false,"start":"1100","end":"2200","day":2},{"is_overnight":false,"start":"1100","end":"2200","day":3},{"is_overnight":false,"start":"1100","end":"2300","day":4},{"is_overnight":false,"start":"1100","end":"2300","day":5},{"is_overnight":false,"start":"1200","end":"2100","day":6}],"hours_type":"REGULAR","is_open_now":true}],"id":"YuvBVPEVNWVROEp_KU28_w","image_url":"https:\/\/s3-media2.fl.yelpcdn.com\/bphoto\/Ebs6GGHS-NLmhzpGOsTXhw\/o.jpg","is_claimed":true,"is_closed":false,"location":{"address1":"100 N Caroline St","address2":"","address3":"","city":"Herkimer","zip_code":"13350","country":"US","state":"NY","display_address":["100 N Caroline St","Herkimer, NY 13350"],"cross_streets":""},"name":"Tokyo Restaurant","phone":"+13158668899","photos":["https:\/\/s3-media2.fl.yelpcdn.com\/bphoto\/Ebs6GGHS-NLmhzpGOsTXhw\/o.jpg","https:\/\/s3-media1.fl.yelpcdn.com\/bphoto\/582MIqFVMHHYh3LMayFDWg\/o.jpg","https:\/\/s3-media4.fl.yelpcdn.com\/bphoto\/9UfeU0YbGgQ-CrSc1rl5xw\/o.jpg"],"price":"$","rating":4.5,"review_count":20,"transactions":[],"url":"https:\/\/www.yelp.com\/biz\/tokyo-restaurant-herkimer?adjust_creative=0jni649dTuZ0usGzzhLUrg&utm_campaign=yelp_api_v3&utm_medium=api_v3_business_lookup&utm_source=0jni649dTuZ0usGzzhLUrg"}
{"alias":"fuji-japanese-steak-house-rome","categories":[{"alias":"japanese","title":"Japanese"}],"coordinates":{"latitude":43.23014,"longitude":-75.49357},"display_phone":"(315) 339-8900","hours":[{"open":[{"is_overnight":false,"start":"1100","end":"2200","day":1},{"is_overnight":false,"start":"1100","end":"2200","day":2},{"is_overnight":false,"start":"1100","end":"2200","day":3},{"is_overnight":false,"start":"1100","end":"2200","day":4},{"is_overnight":false,"start":"1100","end":"2200","day":5},{"is_overnight":false,"start":"1100","end":"2300","day":6}],"hours_type":"REGULAR","is_open_now":true}],"id":"78Q29F65DiFJ-3r_YtwbdA","image_url":"https:\/\/s3-media3.fl.yelpcdn.com\/bphoto\/SvT_1jdimD4VZY-dqJoetQ\/o.jpg","is_claimed":true,"is_closed":false,"location":{"address1":"5925 Rome Taberg Rd","address2":"","address3":"","city":"Rome","zip_code":"13440","country":"US","state":"NY","display_address":["5925 Rome Taberg Rd","Rome, NY 13440"],"cross_streets":""},"name":"Fuji Japanese Steak House","phone":"+13153398900","photos":["https:\/\/s3-media3.fl.yelpcdn.com\/bphoto\/SvT_1jdimD4VZY-dqJoetQ\/o.jpg","https:\/\/s3-media2.fl.yelpcdn.com\/bphoto\/GMxFThCGfkpQpqDGzWtXZw\/o.jpg","https:\/\/s3-media3.fl.yelpcdn.com\/bphoto\/WbmvDkgUnHlNCEV923LX6A\/o.jpg"],"price":"$$","rating":4.0,"review_count":17,"transactions":["pickup"],"url":"https:\/\/www.yelp.com\/biz\/fuji-japanese-steak-house-rome?adjust_creative=0jni649dTuZ0usGzzhLUrg&utm_campaign=yelp_api_v3&utm_medium=api_v3_business_lookup&utm_source=0jni649dTuZ0usGzzhLUrg"}
{"alias":"east-asia-sushi-sherrill","categories":[{"alias":"sushi","title":"Sushi Bars"}],"coordinates":{"latitude":43.0687485,"longitude":-75.6019135},"display_phone":"(315) 361-8888","hours":null,"id":"PrZ10nu5y-hQGgGF4rp0TQ","image_url":"https:\/\/s3-media3.fl.yelpcdn.com\/bphoto\/xNSkk3dLlB4Ef0mmQZHRZg\/o.jpg","is_claimed":false,"is_closed":false,"location":{"address1":"610 Sherrill Rd","address2":"","address3":"","city":"Sherrill","zip_code":"13461","country":"US","state":"NY","display_address":["610 Sherrill Rd","Sherrill, NY 13461"],"cross_streets":""},"name":"East Asia Sushi","phone":"+13153618888","photos":["https:\/\/s3-media3.fl.yelpcdn.com\/bphoto\/xNSkk3dLlB4Ef0mmQZHRZg\/o.jpg","https:\/\/s3-media2.fl.yelpcdn.com\/bphoto\/XlMwAcvBs8d9KmKWjFrNWQ\/o.jpg","https:\/\/s3-media1.fl.yelpcdn.com\/bphoto\/eTjpmr-GHp4dUN00N68jCA\/o.jpg"],"price":"$$","rating":4.0,"review_count":11,"transactions":[],"url":"https:\/\/www.yelp.com\/biz\/east-asia-sushi-sherrill?adjust_creative=0jni649dTuZ0usGzzhLUrg&utm_campaign=yelp_api_v3&utm_medium=api_v3_business_lookup&utm_source=0jni649dTuZ0usGzzhLUrg"}
{"alias":"johnnys-china-cafe-waterville","categories":[{"alias":"szechuan","title":"Szechuan"},{"alias":"japanese","title":"Japanese"}],"coordinates":{"latitude":42.9312445643,"longitude":-75.3799391955},"display_phone":"(315) 202-4099","hours":[{"open":[{"is_overnight":false,"start":"1100","end":"2100","day":1},{"is_overnight":false,"start":"1100","end":"2100","day":2},{"is_overnight":false,"start":"1100","end":"2100","day":3},{"is_overnight":false,"start":"1100","end":"2200","day":4},{"is_overnight":false,"start":"1100","end":"2200","day":5},{"is_overnight":false,"start":"1600","end":"2100","day":6}],"hours_type":"REGULAR","is_open_now":true}],"id":"n2NO-_TbIVpZx2ud8SE0ZQ","image_url":"https:\/\/s3-media1.fl.yelpcdn.com\/bphoto\/AYUa9elfH5_SIB02VjVZ0g\/o.jpg","is_claimed":false,"is_closed":false,"location":{"address1":"101 E Main St","address2":"","address3":"","city":"Waterville","zip_code":"13480","country":"US","state":"NY","display_address":["101 E Main St","Waterville, NY 13480"],"cross_streets":""},"name":"Johnny's China Cafe","phone":"+13152024099","photos":["https:\/\/s3-media1.fl.yelpcdn.com\/bphoto\/AYUa9elfH5_SIB02VjVZ0g\/o.jpg","https:\/\/s3-media1.fl.yelpcdn.com\/bphoto\/jmN4c5s7F7j9QJb8-4lZfg\/o.jpg","https:\/\/s3-media1.fl.yelpcdn.com\/bphoto\/D8bN_Tp1zkDsvSK_sYFCDA\/o.jpg"],"price":null,"rating":4.5,"review_count":3,"transactions":[],"url":"https:\/\/www.yelp.com\/biz\/johnnys-china-cafe-waterville?adjust_creative=0jni649dTuZ0usGzzhLUrg&utm_campaign=yelp_api_v3&utm_medium=api_v3_business_lookup&utm_source=0jni649dTuZ0usGzzhLUrg"}
{"alias":"oriental-star-fayetteville","categories":[{"alias":"chinese","title":"Chinese"},{"alias":"japanese","title":"Japanese"},{"alias":"sushi","title":"Sushi Bars"}],"coordinates":{"latitude":43.029598,"longitude":-76.015617},"display_phone":"(315) 637-0505","hours":[{"open":[{"is_overnight":false,"start":"1530","end":"2200","day":0},{"is_overnight":false,"start":"1100","end":"2200","day":1},{"is_overnight":false,"start":"1100","end":"2200","day":2},{"is_overnight":false,"start":"1100","end":"2200","day":3},{"is_overnight":false,"start":"1100","end":"2230","day":4},{"is_overnight":false,"start":"1100","end":"2230","day":5},{"is_overnight":false,"start":"1200","end":"2130","day":6}],"hours_type":"REGULAR","is_open_now":true}],"id":"--Jc57o-pVUKU3uhN3SiCg","image_url":"https:\/\/s3-media1.fl.yelpcdn.com\/bphoto\/Co5clxMb78bhssKbxAiIHA\/o.jpg","is_claimed":false,"is_closed":false,"location":{"address1":"210 W Genesee St","address2":"","address3":"","city":"Fayetteville","zip_code":"13066","country":"US","state":"NY","display_address":["210 W Genesee St","Fayetteville, NY 13066"],"cross_streets":""},"name":"Oriental Star","phone":"+13156370505","photos":["https:\/\/s3-media1.fl.yelpcdn.com\/bphoto\/Co5clxMb78bhssKbxAiIHA\/o.jpg","https:\/\/s3-media3.fl.yelpcdn.com\/bphoto\/FuN3u1pnNh4ea0_JjNz7hw\/o.jpg","https:\/\/s3-media4.fl.yelpcdn.com\/bphoto\/FqZaXl0EcFczd-vBRBVyfA\/o.jpg"],"price":"$$","rating":3.5,"review_count":45,"transactions":[],"url":"https:\/\/www.yelp.com\/biz\/oriental-star-fayetteville?adjust_creative=0jni649dTuZ0usGzzhLUrg&utm_campaign=yelp_api_v3&utm_medium=api_v3_business_lookup&utm_source=0jni649dTuZ0usGzzhLUrg"}
{"alias":"redneck-bbq-cooperstown-3","categories":[{"alias":"bbq","title":"Barbeque"}],"coordinates":{"latitude":42.663977,"longitude":-74.958583},"display_phone":"(607) 547-2678","hours":[{"open":[{"is_overnight":false,"start":"1200","end":"2200","day":0},{"is_overnight":false,"start":"1200","end":"2200","day":1},{"is_overnight":false,"start":"1200","end":"2200","day":2},{"is_overnight":false,"start":"1600","end":"2100","day":3},{"is_overnight":false,"start":"1130","end":"2200","day":4},{"is_overnight":false,"start":"1130","end":"2200","day":5},{"is_overnight":false,"start":"1130","end":"2200","day":6}],"hours_type":"REGULAR","is_open_now":true}],"id":"F0QnzJfb9vSwGSl5JW4v5g","image_url":"https:\/\/s3-media2.fl.yelpcdn.com\/bphoto\/GB5XMeC6OeIQnw0-NIfy_g\/o.jpg","is_claimed":true,"is_closed":false,"location":{"address1":"4938 State Route 28","address2":null,"address3":null,"city":"Cooperstown","zip_code":"13326","country":"US","state":"NY","display_address":["4938 State Route 28","Cooperstown, NY 13326"],"cross_streets":""},"name":"Redneck BBQ","phone":"+16075472678","photos":["https:\/\/s3-media2.fl.yelpcdn.com\/bphoto\/GB5XMeC6OeIQnw0-NIfy_g\/o.jpg","https:\/\/s3-media4.fl.yelpcdn.com\/bphoto\/A1HGLl8ejMNKmt0dj38Iww\/o.jpg","https:\/\/s3-media2.fl.yelpcdn.com\/bphoto\/Ej1Cxs_7OC9KHI678Wln0w\/o.jpg"],"price":"$$","rating":2.0,"review_count":154,"transactions":[],"url":"https:\/\/www.yelp.com\/biz\/redneck-bbq-cooperstown-3?adjust_creative=0jni649dTuZ0usGzzhLUrg&utm_campaign=yelp_api_v3&utm_medium=api_v3_business_lookup&utm_source=0jni649dTuZ0usGzzhLUrg"}
{"alias":"minar-fine-indian-cuisine-new-hartford","categories":[{"alias":"indpak","title":"Indian"},{"alias":"buffets","title":"Buffets"},{"alias":"desserts","title":"Desserts"}],"coordinates":{"latitude":43.09169,"longitude":-75.27777},"display_phone":"(315) 797-9918","hours":[{"open":[{"is_overnight":false,"start":"1130","end":"1500","day":0},{"is_overnight":false,"start":"1630","end":"2100","day":0},{"is_overnight":false,"start":"1130","end":"1500","day":1},{"is_overnight":false,"start":"1630","end":"2100","day":1},{"is_overnight":false,"start":"1130","end":"1500","day":2},{"is_overnight":false,"start":"1630","end":"2100","day":2},{"is_overnight":false,"start":"1130","end":"1500","day":3},{"is_overnight":false,"start":"1630","end":"2100","day":3},{"is_overnight":false,"start":"1130","end":"1500","day":4},{"is_overnight":false,"start":"1630","end":"2200","day":4},{"is_overnight":false,"start":"1130","end":"1500","day":5},{"is_overnight":false,"start":"1630","end":"2200","day":5},{"is_overnight":false,"start":"1200","end":"1500","day":6},{"is_overnight":false,"start":"1630","end":"2100","day":6}],"hours_type":"REGULAR","is_open_now":true}],"id":"R7nxgXbXkhJB7jhxwfXKRw","image_url":"https:\/\/s3-media3.fl.yelpcdn.com\/bphoto\/D2nWc4K896PGiqrIzzw5Gw\/o.jpg","is_claimed":true,"is_closed":false,"location":{"address1":"609 French Rd","address2":"","address3":"","city":"New Hartford","zip_code":"13413","country":"US","state":"NY","display_address":["609 French Rd","New Hartford, NY 13413"],"cross_streets":""},"name":"Minar Fine Indian Cuisine","phone":"+13157979918","photos":["https:\/\/s3-media3.fl.yelpcdn.com\/bphoto\/D2nWc4K896PGiqrIzzw5Gw\/o.jpg","https:\/\/s3-media4.fl.yelpcdn.com\/bphoto\/Nbq3nmZ7wZ7B1R1ajvJOzw\/o.jpg","https:\/\/s3-media1.fl.yelpcdn.com\/bphoto\/UpvPFvwDIHGEzpZFNmXSwQ\/o.jpg"],"price":"$$","rating":4.0,"review_count":55,"transactions":["pickup"],"url":"https:\/\/www.yelp.com\/biz\/minar-fine-indian-cuisine-new-hartford?adjust_creative=0jni649dTuZ0usGzzhLUrg&utm_campaign=yelp_api_v3&utm_medium=api_v3_business_lookup&utm_source=0jni649dTuZ0usGzzhLUrg"}
{"alias":"taj-mahal-indian-restaurant-new-hartford","categories":[{"alias":"indpak","title":"Indian"},{"alias":"halal","title":"Halal"}],"coordinates":{"latitude":43.0729894,"longitude":-75.2894952},"display_phone":"(315) 507-5155","hours":[{"open":[{"is_overnight":false,"start":"1100","end":"2200","day":0},{"is_overnight":false,"start":"1100","end":"2200","day":1},{"is_overnight":false,"start":"1100","end":"2200","day":2},{"is_overnight":false,"start":"1100","end":"2200","day":3},{"is_overnight":false,"start":"1100","end":"2200","day":4},{"is_overnight":false,"start":"1100","end":"2200","day":5},{"is_overnight":false,"start":"1100","end":"2100","day":6}],"hours_type":"REGULAR","is_open_now":true}],"id":"j2scbp39BWiDe2NREkeYFQ","image_url":"https:\/\/s3-media1.fl.yelpcdn.com\/bphoto\/t9KeMorEO6efmvubvelBTQ\/o.jpg","is_claimed":true,"is_closed":false,"location":{"address1":"60 Genesee St","address2":"","address3":"","city":"New Hartford","zip_code":"13413","country":"US","state":"NY","display_address":["60 Genesee St","New Hartford, NY 13413"],"cross_streets":""},"name":"Taj Mahal Indian Restaurant","phone":"+13155075155","photos":["https:\/\/s3-media1.fl.yelpcdn.com\/bphoto\/t9KeMorEO6efmvubvelBTQ\/o.jpg","https:\/\/s3-media3.fl.yelpcdn.com\/bphoto\/kWan7pfTY-3Z7rKnD42zWA\/o.jpg","https:\/\/s3-media4.fl.yelpcdn.com\/bphoto\/ls-hNwBMaLYsal7pVppfBw\/o.jpg"],"price":"$$","rating":4.0,"review_count":58,"transactions":["pickup","delivery"],"url":"https:\/\/www.yelp.com\/biz\/taj-mahal-indian-restaurant-new-hartford?adjust_creative=0jni649dTuZ0usGzzhLUrg&utm_campaign=yelp_api_v3&utm_medium=api_v3_business_lookup&utm_source=0jni649dTuZ0usGzzhLUrg"}
{"alias":"royal-india-grill-hamilton","categories":[{"alias":"indpak","title":"Indian"}],"coordinates":{"latitude":42.8265725076,"longitude":-75.5442164093},"display_phone":"(315) 825-3555","hours":null,"id":"GPFRTUh4-G3iYJ0a64JIIw","image_url":"https:\/\/s3-media3.fl.yelpcdn.com\/bphoto\/stU4ez-oS6CzU3g1wi1fGg\/o.jpg","is_claimed":false,"is_closed":false,"location":{"address1":"6 Broad St","address2":"","address3":"","city":"Hamilton","zip_code":"13346","country":"US","state":"NY","display_address":["6 Broad St","Hamilton, NY 13346"],"cross_streets":""},"name":"Royal India Grill","phone":"+13158253555","photos":["https:\/\/s3-media3.fl.yelpcdn.com\/bphoto\/stU4ez-oS6CzU3g1wi1fGg\/o.jpg","https:\/\/s3-media1.fl.yelpcdn.com\/bphoto\/zuSLAsBvSVDxlneWCYMqHw\/o.jpg","https:\/\/s3-media3.fl.yelpcdn.com\/bphoto\/8rcf9HYWc10WIdBGcRN2GQ\/o.jpg"],"price":"$$","rating":4.0,"review_count":20,"transactions":["pickup"],"url":"https:\/\/www.yelp.com\/biz\/royal-india-grill-hamilton?adjust_creative=0jni649dTuZ0usGzzhLUrg&utm_campaign=yelp_api_v3&utm_medium=api_v3_business_lookup&utm_source=0jni649dTuZ0usGzzhLUrg"}
{"alias":"taco-bell-utica-2","categories":[{"alias":"hotdogs","title":"Fast Food"},{"alias":"mexican","title":"Mexican"},{"alias":"tex-mex","title":"Tex-Mex"}],"coordinates":{"latitude":43.108627,"longitude":-75.219885},"display_phone":"(315) 724-1993","hours":[{"open":[{"is_overnight":true,"start":"0700","end":"0100","day":0},{"is_overnight":true,"start":"0700","end":"0100","day":1},{"is_overnight":true,"start":"0700","end":"0100","day":2},{"is_overnight":true,"start":"0700","end":"0100","day":3},{"is_overnight":true,"start":"0700","end":"0300","day":4},{"is_overnight":true,"start":"0700","end":"0300","day":5},{"is_overnight":true,"start":"0700","end":"0100","day":6}],"hours_type":"REGULAR","is_open_now":true}],"id":"NyXS2ru3qjfFf0q5yHLRdg","image_url":"https:\/\/s3-media4.fl.yelpcdn.com\/bphoto\/veO15O-cfO6fcJLr2--hIQ\/o.jpg","is_claimed":true,"is_closed":false,"location":{"address1":"136 N Genesee St","address2":"","address3":"","city":"Utica","zip_code":"13502","country":"US","state":"NY","display_address":["136 N Genesee St","Utica, NY 13502"],"cross_streets":""},"name":"Taco Bell","phone":"+13157241993","photos":["https:\/\/s3-media4.fl.yelpcdn.com\/bphoto\/veO15O-cfO6fcJLr2--hIQ\/o.jpg","https:\/\/s3-media2.fl.yelpcdn.com\/bphoto\/QBegLVk_pxfahhhI-MaxVQ\/o.jpg","https:\/\/s3-media1.fl.yelpcdn.com\/bphoto\/nBrvTGqU0YeKpC9aI7l_1w\/o.jpg"],"price":"$","rating":3.5,"review_count":4,"transactions":["delivery"],"url":"https:\/\/www.yelp.com\/biz\/taco-bell-utica-2?adjust_creative=0jni649dTuZ0usGzzhLUrg&utm_campaign=yelp_api_v3&utm_medium=api_v3_business_lookup&utm_source=0jni649dTuZ0usGzzhLUrg"}
{"alias":"f-x-matt-brewing-utica","categories":[{"alias":"breweries","title":"Breweries"}],"coordinates":{"latitude":43.10444,"longitude":-75.24516},"display_phone":"(315) 624-2399","hours":[{"open":[{"is_overnight":false,"start":"1200","end":"1800","day":1},{"is_overnight":false,"start":"1200","end":"1800","day":2},{"is_overnight":false,"start":"1200","end":"2100","day":3},{"is_overnight":false,"start":"1200","end":"2100","day":4},{"is_overnight":false,"start":"1200","end":"2100","day":5}],"hours_type":"REGULAR","is_open_now":true}],"id":"NG75VJJvmPs3KAAPuazu2g","image_url":"https:\/\/s3-media2.fl.yelpcdn.com\/bphoto\/-MCk_TKu183jXh6AkyvPrQ\/o.jpg","is_claimed":true,"is_closed":false,"location":{"address1":"811 Edward St","address2":"","address3":"","city":"Utica","zip_code":"13502","country":"US","state":"NY","display_address":["811 Edward St","Utica, NY 13502"],"cross_streets":""},"name":"F X Matt Brewing","phone":"+13156242399","photos":["https:\/\/s3-media2.fl.yelpcdn.com\/bphoto\/-MCk_TKu183jXh6AkyvPrQ\/o.jpg","https:\/\/s3-media3.fl.yelpcdn.com\/bphoto\/JvrvgVd65SxA8rXKdn0ATg\/o.jpg","https:\/\/s3-media2.fl.yelpcdn.com\/bphoto\/SkkFoFyUWD63HMxj7SQOoQ\/o.jpg"],"price":"$","rating":4.5,"review_count":51,"transactions":[],"url":"https:\/\/www.yelp.com\/biz\/f-x-matt-brewing-utica?adjust_creative=0jni649dTuZ0usGzzhLUrg&utm_campaign=yelp_api_v3&utm_medium=api_v3_business_lookup&utm_source=0jni649dTuZ0usGzzhLUrg"}
{"alias":"stockdales-bar-and-grill-oriskany","categories":[{"alias":"beer_and_wine","title":"Beer, Wine & Spirits"},{"alias":"newamerican","title":"American (New)"}],"coordinates":{"latitude":43.157553889,"longitude":-75.3324528895},"display_phone":"(315) 316-0419","hours":null,"id":"-oDCr21TaVvlwUKkMLuqaA","image_url":"https:\/\/s3-media2.fl.yelpcdn.com\/bphoto\/gd2l8XiU9kSUsz0FtMootQ\/o.jpg","is_claimed":false,"is_closed":false,"location":{"address1":"103 River St","address2":"","address3":"","city":"Oriskany","zip_code":"13424","country":"US","state":"NY","display_address":["103 River St","Oriskany, NY 13424"],"cross_streets":""},"name":"Stockdale's Bar & Grill","phone":"+13153160419","photos":["https:\/\/s3-media2.fl.yelpcdn.com\/bphoto\/gd2l8XiU9kSUsz0FtMootQ\/o.jpg","https:\/\/s3-media1.fl.yelpcdn.com\/bphoto\/n5YMlOAIEYEuXGsR6g0clg\/o.jpg","https:\/\/s3-media1.fl.yelpcdn.com\/bphoto\/tVbH-Qsr6r9gnddb0XKiAA\/o.jpg"],"price":"$","rating":4.0,"review_count":7,"transactions":[],"url":"https:\/\/www.yelp.com\/biz\/stockdales-bar-and-grill-oriskany?adjust_creative=0jni649dTuZ0usGzzhLUrg&utm_campaign=yelp_api_v3&utm_medium=api_v3_business_lookup&utm_source=0jni649dTuZ0usGzzhLUrg"}
{"alias":"nguyen-phat-oriental-store-utica-2","categories":[{"alias":"intlgrocery","title":"International Grocery"},{"alias":"meats","title":"Meat Shops"}],"coordinates":{"latitude":43.09907,"longitude":-75.21947},"display_phone":"(315) 734-0776","hours":[{"open":[{"is_overnight":false,"start":"1030","end":"1930","day":0},{"is_overnight":false,"start":"1030","end":"1930","day":1},{"is_overnight":false,"start":"1030","end":"2200","day":2},{"is_overnight":false,"start":"1030","end":"1930","day":3},{"is_overnight":false,"start":"1030","end":"1930","day":4},{"is_overnight":false,"start":"1030","end":"1930","day":5},{"is_overnight":false,"start":"1030","end":"1930","day":6}],"hours_type":"REGULAR","is_open_now":true}],"id":"eOp59U_N2-B_Z51ycvrh_g","image_url":"https:\/\/s3-media2.fl.yelpcdn.com\/bphoto\/szgwMPxlfeI4h1mXMRa7yg\/o.jpg","is_claimed":false,"is_closed":false,"location":{"address1":"643 Bleecker St","address2":"","address3":"","city":"Utica","zip_code":"13501","country":"US","state":"NY","display_address":["643 Bleecker St","Utica, NY 13501"],"cross_streets":""},"name":"Nguyen Phat Oriental Store","phone":"+13157340776","photos":["https:\/\/s3-media2.fl.yelpcdn.com\/bphoto\/szgwMPxlfeI4h1mXMRa7yg\/o.jpg","https:\/\/s3-media2.fl.yelpcdn.com\/bphoto\/Ktpp0tFCSI0LUc7EA-RmZQ\/o.jpg","https:\/\/s3-media2.fl.yelpcdn.com\/bphoto\/dmvlVrQjlAAI1uElq8My3g\/o.jpg"],"price":"$","rating":4.5,"review_count":4,"transactions":[],"url":"https:\/\/www.yelp.com\/biz\/nguyen-phat-oriental-store-utica-2?adjust_creative=0jni649dTuZ0usGzzhLUrg&utm_campaign=yelp_api_v3&utm_medium=api_v3_business_lookup&utm_source=0jni649dTuZ0usGzzhLUrg"}
{"alias":"desserts-beyond-the-ordinary-utica","categories":[{"alias":"bakeries","title":"Bakeries"}],"coordinates":{"latitude":43.09964,"longitude":-75.23304},"display_phone":"(315) 733-8799","hours":null,"id":"ymM2SFsnE-G-v0b5xxhUZA","image_url":"https:\/\/s3-media3.fl.yelpcdn.com\/bphoto\/5wWieMyiTXcTG2Hk_d_I3w\/o.jpg","is_claimed":true,"is_closed":false,"location":{"address1":"24 Bank Pl","address2":"","address3":"","city":"Utica","zip_code":"13501","country":"US","state":"NY","display_address":["24 Bank Pl","Utica, NY 13501"],"cross_streets":""},"name":"Desserts Beyond the Ordinary","phone":"+13157338799","photos":["https:\/\/s3-media3.fl.yelpcdn.com\/bphoto\/5wWieMyiTXcTG2Hk_d_I3w\/o.jpg","https:\/\/s3-media2.fl.yelpcdn.com\/bphoto\/nAG8dxaTHV2-3wNU0u9BxA\/o.jpg"],"price":"$$","rating":4.5,"review_count":8,"transactions":[],"url":"https:\/\/www.yelp.com\/biz\/desserts-beyond-the-ordinary-utica?adjust_creative=0jni649dTuZ0usGzzhLUrg&utm_campaign=yelp_api_v3&utm_medium=api_v3_business_lookup&utm_source=0jni649dTuZ0usGzzhLUrg"}
{"alias":"irwins-fine-food-utica","categories":[{"alias":"restaurants","title":"Restaurants"}],"coordinates":{"latitude":43.10048,"longitude":-75.23357},"display_phone":"(315) 724-3845","hours":null,"id":"LIgLsiZtypk-04gmZdv0Ag","image_url":"https:\/\/s3-media1.fl.yelpcdn.com\/bphoto\/1Wa9zr2KSOvz1ZNSdKvpXA\/o.jpg","is_claimed":false,"is_closed":false,"location":{"address1":"240 Genesee St","address2":"","address3":"","city":"Utica","zip_code":"13502","country":"US","state":"NY","display_address":["240 Genesee St","Utica, NY 13502"],"cross_streets":""},"name":"Irwin's Fine Food","phone":"+13157243845","photos":["https:\/\/s3-media1.fl.yelpcdn.com\/bphoto\/1Wa9zr2KSOvz1ZNSdKvpXA\/o.jpg","https:\/\/s3-media2.fl.yelpcdn.com\/bphoto\/w1km5lwLd2Kyq839d9ANQA\/o.jpg"],"price":null,"rating":3.5,"review_count":3,"transactions":[],"url":"https:\/\/www.yelp.com\/biz\/irwins-fine-food-utica?adjust_creative=0jni649dTuZ0usGzzhLUrg&utm_campaign=yelp_api_v3&utm_medium=api_v3_business_lookup&utm_source=0jni649dTuZ0usGzzhLUrg"}
{"alias":"lizzys-cupcakery-and-candies-new-hartford","categories":[{"alias":"cupcakes","title":"Cupcakes"},{"alias":"candy","title":"Candy Stores"}],"coordinates":{"latitude":43.0771039015,"longitude":-75.2946130559},"display_phone":"(315) 794-6019","hours":null,"id":"jbrPc-qbUl8VdZW8RIhy5A","image_url":"","is_claimed":false,"is_closed":false,"location":{"address1":"New Hartford Shopping Ctr","address2":"","address3":"","city":"New Hartford","zip_code":"13413","country":"US","state":"NY","display_address":["New Hartford Shopping Ctr","New Hartford, NY 13413"],"cross_streets":""},"name":"Lizzy's Cupcakery & Candies","phone":"+13157946019","photos":[],"price":"$$$","rating":2.5,"review_count":3,"transactions":[],"url":"https:\/\/www.yelp.com\/biz\/lizzys-cupcakery-and-candies-new-hartford?adjust_creative=0jni649dTuZ0usGzzhLUrg&utm_campaign=yelp_api_v3&utm_medium=api_v3_business_lookup&utm_source=0jni649dTuZ0usGzzhLUrg"}
{"alias":"cafe-canole-new-hartford","categories":[{"alias":"newamerican","title":"American (New)"}],"coordinates":{"latitude":43.0735957,"longitude":-75.2879835},"display_phone":"(315) 733-6592","hours":[{"open":[{"is_overnight":false,"start":"1100","end":"2100","day":0},{"is_overnight":false,"start":"1100","end":"2100","day":1},{"is_overnight":false,"start":"1100","end":"2100","day":2},{"is_overnight":false,"start":"1100","end":"2100","day":3},{"is_overnight":false,"start":"1100","end":"2100","day":4},{"is_overnight":false,"start":"1100","end":"2100","day":5}],"hours_type":"REGULAR","is_open_now":true}],"id":"f6SLteOn6fcTWQ4qnVyLew","image_url":"https:\/\/s3-media3.fl.yelpcdn.com\/bphoto\/zhFayDn-01wD3nbDWiVppw\/o.jpg","is_claimed":true,"is_closed":false,"location":{"address1":"1 Campion Rd","address2":"","address3":"","city":"New Hartford","zip_code":"13413","country":"US","state":"NY","display_address":["1 Campion Rd","New Hartford, NY 13413"],"cross_streets":""},"name":"Cafe Canole","phone":"+13157336592","photos":["https:\/\/s3-media3.fl.yelpcdn.com\/bphoto\/zhFayDn-01wD3nbDWiVppw\/o.jpg","https:\/\/s3-media4.fl.yelpcdn.com\/bphoto\/L102t_bO9LjgqOMUD1nMeA\/o.jpg","https:\/\/s3-media3.fl.yelpcdn.com\/bphoto\/W9qSROKS4WJZj6LY7PFYQQ\/o.jpg"],"price":"$$","rating":4.0,"review_count":26,"transactions":[],"url":"https:\/\/www.yelp.com\/biz\/cafe-canole-new-hartford?adjust_creative=0jni649dTuZ0usGzzhLUrg&utm_campaign=yelp_api_v3&utm_medium=api_v3_business_lookup&utm_source=0jni649dTuZ0usGzzhLUrg"}
{"alias":"red-apple-mohawk","categories":[{"alias":"thai","title":"Thai"},{"alias":"chinese","title":"Chinese"}],"coordinates":{"latitude":43.0113,"longitude":-75.0038299},"display_phone":"(315) 866-1788","hours":[{"open":[{"is_overnight":false,"start":"1100","end":"2230","day":0},{"is_overnight":false,"start":"1100","end":"2230","day":1},{"is_overnight":false,"start":"1100","end":"2230","day":2},{"is_overnight":false,"start":"1100","end":"2230","day":3},{"is_overnight":false,"start":"1100","end":"2300","day":4},{"is_overnight":false,"start":"1100","end":"2300","day":5},{"is_overnight":false,"start":"1200","end":"2200","day":6}],"hours_type":"REGULAR","is_open_now":true}],"id":"1Nc0QLwarequnBNMBXn9ZA","image_url":"https:\/\/s3-media1.fl.yelpcdn.com\/bphoto\/-DfkIqeu7WV3Ls7HL7VnCg\/o.jpg","is_claimed":false,"is_closed":false,"location":{"address1":"10 E Main St","address2":"","address3":"","city":"Mohawk","zip_code":"13407","country":"US","state":"NY","display_address":["10 E Main St","Mohawk, NY 13407"],"cross_streets":""},"name":"Red Apple","phone":"+13158661788","photos":["https:\/\/s3-media1.fl.yelpcdn.com\/bphoto\/-DfkIqeu7WV3Ls7HL7VnCg\/o.jpg","https:\/\/s3-media4.fl.yelpcdn.com\/bphoto\/iq-FPAIEAjeeP6VkCHgICQ\/o.jpg"],"price":"$","rating":4.0,"review_count":6,"transactions":["delivery","pickup"],"url":"https:\/\/www.yelp.com\/biz\/red-apple-mohawk?adjust_creative=0jni649dTuZ0usGzzhLUrg&utm_campaign=yelp_api_v3&utm_medium=api_v3_business_lookup&utm_source=0jni649dTuZ0usGzzhLUrg"}
{"alias":"troops-scoops-madison","categories":[{"alias":"icecream","title":"Ice Cream & Frozen Yogurt"}],"coordinates":{"latitude":42.8976258595,"longitude":-75.5291465183},"display_phone":"(315) 893-7070","hours":null,"id":"ESSJ0nUc2hYSWKSwft4nlw","image_url":"https:\/\/s3-media4.fl.yelpcdn.com\/bphoto\/tmqXZW5LjEiJbjnBy1M0-w\/o.jpg","is_claimed":false,"is_closed":false,"location":{"address1":"6960 Rt 20","address2":"","address3":"","city":"Madison","zip_code":"13402","country":"US","state":"NY","display_address":["6960 Rt 20","Madison, NY 13402"],"cross_streets":""},"name":"Troops Scoops","phone":"+13158937070","photos":["https:\/\/s3-media4.fl.yelpcdn.com\/bphoto\/tmqXZW5LjEiJbjnBy1M0-w\/o.jpg","https:\/\/s3-media1.fl.yelpcdn.com\/bphoto\/_OmVD6b25VS3-RkQp-iNdw\/o.jpg"],"price":"$","rating":4.5,"review_count":10,"transactions":[],"url":"https:\/\/www.yelp.com\/biz\/troops-scoops-madison?adjust_creative=0jni649dTuZ0usGzzhLUrg&utm_campaign=yelp_api_v3&utm_medium=api_v3_business_lookup&utm_source=0jni649dTuZ0usGzzhLUrg"}
{"alias":"aquinos-family-restaurant-rome","categories":[{"alias":"italian","title":"Italian"}],"coordinates":{"latitude":43.2170599,"longitude":-75.43841},"display_phone":"(315) 337-7440","hours":[{"open":[{"is_overnight":false,"start":"1600","end":"2200","day":1},{"is_overnight":false,"start":"1600","end":"2200","day":2},{"is_overnight":false,"start":"1600","end":"2200","day":3},{"is_overnight":false,"start":"1200","end":"2300","day":4},{"is_overnight":false,"start":"1600","end":"2300","day":5}],"hours_type":"REGULAR","is_open_now":true}],"id":"R7i0SzeP6whRLtunyAfgCA","image_url":"https:\/\/s3-media2.fl.yelpcdn.com\/bphoto\/x2Exj531eb1OOBFe_1jU4w\/o.jpg","is_claimed":true,"is_closed":false,"location":{"address1":"910 Floyd Ave","address2":"","address3":"","city":"Rome","zip_code":"13440","country":"US","state":"NY","display_address":["910 Floyd Ave","Rome, NY 13440"],"cross_streets":""},"name":"Aquino's Family Restaurant","phone":"+13153377440","photos":["https:\/\/s3-media2.fl.yelpcdn.com\/bphoto\/x2Exj531eb1OOBFe_1jU4w\/o.jpg","https:\/\/s3-media1.fl.yelpcdn.com\/bphoto\/Vof7LoaolCAewDGzLBTM-A\/o.jpg","https:\/\/s3-media3.fl.yelpcdn.com\/bphoto\/akpYJWqkF2qZFJqiD4cXBQ\/o.jpg"],"price":"$$","rating":3.5,"review_count":10,"transactions":[],"url":"https:\/\/www.yelp.com\/biz\/aquinos-family-restaurant-rome?adjust_creative=0jni649dTuZ0usGzzhLUrg&utm_campaign=yelp_api_v3&utm_medium=api_v3_business_lookup&utm_source=0jni649dTuZ0usGzzhLUrg"}
{"alias":"oneida-travel-plaza-westmoreland","categories":[{"alias":"servicestations","title":"Gas Stations"},{"alias":"tradamerican","title":"American (Traditional)"}],"coordinates":{"latitude":43.1244972753,"longitude":-75.4148101405},"display_phone":"(315) 853-3605","hours":null,"id":"eW_yuS85PypWUX7IYmpXlQ","image_url":"https:\/\/s3-media4.fl.yelpcdn.com\/bphoto\/kLcVjT6sW6-KAlDriYInqg\/o.jpg","is_claimed":false,"is_closed":false,"location":{"address1":"I-90 - Nys Thruway","address2":"","address3":"Milepost 244","city":"Westmoreland","zip_code":"13490","country":"US","state":"NY","display_address":["I-90 - Nys Thruway","Milepost 244","Westmoreland, NY 13490"],"cross_streets":""},"name":"Oneida Travel Plaza","phone":"+13158533605","photos":["https:\/\/s3-media4.fl.yelpcdn.com\/bphoto\/kLcVjT6sW6-KAlDriYInqg\/o.jpg","https:\/\/s3-media2.fl.yelpcdn.com\/bphoto\/XYCzS2q6G-V14Kpkg3AFtg\/o.jpg","https:\/\/s3-media2.fl.yelpcdn.com\/bphoto\/UCH1aqSUmXlO9ggUsrE8zQ\/o.jpg"],"price":"$$$","rating":2.5,"review_count":9,"transactions":[],"url":"https:\/\/www.yelp.com\/biz\/oneida-travel-plaza-westmoreland?adjust_creative=0jni649dTuZ0usGzzhLUrg&utm_campaign=yelp_api_v3&utm_medium=api_v3_business_lookup&utm_source=0jni649dTuZ0usGzzhLUrg"}