{"alias":"deli-city-restaurant-washington","categories":[{"alias":"sandwiches","title":"Sandwiches"}],"coordinates":{"latitude":38.9197599,"longitude":-76.97086},"display_phone":"(202) 526-1800","hours":[{"open":[{"is_overnight":false,"start":"0530","end":"1700","day":0},{"is_overnight":false,"start":"0530","end":"1700","day":1},{"is_overnight":false,"start":"0530","end":"1700","day":2},{"is_overnight":false,"start":"0530","end":"1700","day":3},{"is_overnight":false,"start":"0530","end":"1700","day":4}],"hours_type":"REGULAR","is_open_now":false}],"id":"9TO5_qZf5SjRsLLpVnZBcg","image_url":"https:\/\/s3-media3.fl.yelpcdn.com\/bphoto\/UA21dCKSVPbFLNuEoJ2QXA\/o.jpg","is_claimed":false,"is_closed":false,"location":{"address1":"2200 Bladensburg Rd NE","address2":"","address3":"","city":"Washington, DC","zip_code":"20018","country":"US","state":"DC","display_address":["2200 Bladensburg Rd NE","Washington, DC 20018"],"cross_streets":"N Queens Chapel Rd & N 24th Pl"},"name":"Deli City Restaurant","phone":"+12025261800","photos":["https:\/\/s3-media3.fl.yelpcdn.com\/bphoto\/UA21dCKSVPbFLNuEoJ2QXA\/o.jpg","https:\/\/s3-media1.fl.yelpcdn.com\/bphoto\/VlbBbZXGBkPom5uZ8ZWnIg\/o.jpg","https:\/\/s3-media4.fl.yelpcdn.com\/bphoto\/KY2YwPG6yQ6vLnGSInlRgg\/o.jpg"],"price":"$","rating":4.5,"review_count":55,"transactions":[],"url":"https:\/\/www.yelp.com\/biz\/deli-city-restaurant-washington?adjust_creative=3XFlswbSIE7Ti6WzVie74g&utm_campaign=yelp_api_v3&utm_medium=api_v3_business_lookup&utm_source=3XFlswbSIE7Ti6WzVie74g"}
{"alias":"and-pizza-washington-36","categories":[{"alias":"pizza","title":"Pizza"}],"coordinates":{"latitude":38.8834969172,"longitude":-76.9952410168},"display_phone":"(202) 839-8576","hours":[{"open":[{"is_overnight":false,"start":"1100","end":"2300","day":0},{"is_overnight":false,"start":"1100","end":"2300","day":1},{"is_overnight":false,"start":"1100","end":"2300","day":2},{"is_overnight":false,"start":"1100","end":"0000","day":3},{"is_overnight":true,"start":"1100","end":"0200","day":4},{"is_overnight":true,"start":"1100","end":"0200","day":5},{"is_overnight":false,"start":"1100","end":"2300","day":6}],"hours_type":"REGULAR","is_open_now":true}],"id":"w_SHdzDvRF05ivJUXJ9m5Q","image_url":"https:\/\/s3-media2.fl.yelpcdn.com\/bphoto\/WHB_rBxR1ajjuVZ6HEZthg\/o.jpg","is_claimed":true,"is_closed":false,"location":{"address1":"405 8th St SE","address2":"","address3":null,"city":"Washington, DC","zip_code":"20003","country":"US","state":"DC","display_address":["405 8th St SE","Washington, DC 20003"],"cross_streets":"S E St & S D St"},"name":"&pizza","phone":"+12028398576","photos":["https:\/\/s3-media2.fl.yelpcdn.com\/bphoto\/WHB_rBxR1ajjuVZ6HEZthg\/o.jpg","https:\/\/s3-media1.fl.yelpcdn.com\/bphoto\/fx5Tfu6IHpD-KiPnkvb9hA\/o.jpg","https:\/\/s3-media4.fl.yelpcdn.com\/bphoto\/IMxxkG4ImWzQsH64QE5azg\/o.jpg"],"price":"$$","rating":4.0,"review_count":59,"transactions":[],"url":"https:\/\/www.yelp.com\/biz\/and-pizza-washington-36?adjust_creative=3XFlswbSIE7Ti6WzVie74g&utm_campaign=yelp_api_v3&utm_medium=api_v3_business_lookup&utm_source=3XFlswbSIE7Ti6WzVie74g"}
{"alias":"chocotenango-washington","categories":[{"alias":"chocolate","title":"Chocolatiers & Shops"},{"alias":"cookingclasses","title":"Cooking Classes"}],"coordinates":{"latitude":38.924137,"longitude":-76.968872},"display_phone":"(617) 595-0330","hours":null,"id":"5jm24Vd5WRY-6HN1gD41rw","image_url":"https:\/\/s3-media3.fl.yelpcdn.com\/bphoto\/JKRgC4wyUxgBK7pY_YYmjA\/o.jpg","is_claimed":true,"is_closed":false,"location":{"address1":"2619 Evarts St NE","address2":"","address3":"","city":"Washington, DC","zip_code":"20018","country":"US","state":"DC","display_address":["2619 Evarts St NE","Washington, DC 20018"],"cross_streets":"N 28th St"},"name":"Chocotenango","phone":"+16175950330","photos":["https:\/\/s3-media3.fl.yelpcdn.com\/bphoto\/JKRgC4wyUxgBK7pY_YYmjA\/o.jpg","https:\/\/s3-media2.fl.yelpcdn.com\/bphoto\/BHaiESoQczm1drPgKcFqoA\/o.jpg","https:\/\/s3-media4.fl.yelpcdn.com\/bphoto\/AdENy2UmJfnF4lp9yvaFIg\/o.jpg"],"price":"$$","rating":5.0,"review_count":6,"transactions":[],"url":"https:\/\/www.yelp.com\/biz\/chocotenango-washington?adjust_creative=3XFlswbSIE7Ti6WzVie74g&utm_campaign=yelp_api_v3&utm_medium=api_v3_business_lookup&utm_source=3XFlswbSIE7Ti6WzVie74g"}
{"alias":"marys-place-washington","categories":[{"alias":"diners","title":"Diners"},{"alias":"breakfast_brunch","title":"Breakfast & Brunch"}],"coordinates":{"latitude":38.90973,"longitude":-76.93568},"display_phone":"(202) 399-1688","hours":[{"open":[{"is_overnight":false,"start":"0700","end":"1500","day":0},{"is_overnight":false,"start":"0700","end":"1500","day":1},{"is_overnight":false,"start":"0700","end":"1500","day":2},{"is_overnight":false,"start":"0700","end":"1500","day":3},{"is_overnight":false,"start":"0700","end":"1500","day":4}],"hours_type":"REGULAR","is_open_now":false}],"id":"BjBCJmsUpyk53yEcH-duNg","image_url":"https:\/\/s3-media2.fl.yelpcdn.com\/bphoto\/zfO8qt5q1Fz18jXk6LyLuQ\/o.jpg","is_claimed":false,"is_closed":false,"location":{"address1":"1509 Kenilworth Ave NE","address2":"","address3":"","city":"Washington, DC","zip_code":"20019","country":"US","state":"DC","display_address":["1509 Kenilworth Ave NE","Washington, DC 20019"],"cross_streets":""},"name":"Mary's Place","phone":"+12023991688","photos":["https:\/\/s3-media2.fl.yelpcdn.com\/bphoto\/zfO8qt5q1Fz18jXk6LyLuQ\/o.jpg","https:\/\/s3-media1.fl.yelpcdn.com\/bphoto\/emIzUIRI9ILbWFmzYqrV2w\/o.jpg","https:\/\/s3-media1.fl.yelpcdn.com\/bphoto\/FHIl58pBM_x7yar-skHF1g\/o.jpg"],"price":"$","rating":4.5,"review_count":18,"transactions":[],"url":"https:\/\/www.yelp.com\/biz\/marys-place-washington?adjust_creative=3XFlswbSIE7Ti6WzVie74g&utm_campaign=yelp_api_v3&utm_medium=api_v3_business_lookup&utm_source=3XFlswbSIE7Ti6WzVie74g"}
{"alias":"cava-washington-9","categories":[{"alias":"mediterranean","title":"Mediterranean"}],"coordinates":{"latitude":38.8972903,"longitude":-77.006203},"display_phone":"(202) 536-2540","hours":[{"open":[{"is_overnight":false,"start":"1045","end":"2200","day":0},{"is_overnight":false,"start":"1045","end":"2200","day":1},{"is_overnight":false,"start":"1045","end":"2200","day":2},{"is_overnight":false,"start":"1045","end":"2200","day":3},{"is_overnight":false,"start":"1045","end":"2200","day":4},{"is_overnight":false,"start":"1045","end":"2200","day":5},{"is_overnight":false,"start":"1045","end":"2200","day":6}],"hours_type":"REGULAR","is_open_now":true}],"id":"nOe1wh80_EIdrwYNCT_2fg","image_url":"https:\/\/s3-media2.fl.yelpcdn.com\/bphoto\/eEtv8JLjavSxTscwE2ZusA\/o.jpg","is_claimed":true,"is_closed":false,"location":{"address1":"50 Massachusetts Ave NE","address2":null,"address3":"Union Station","city":"Washington, DC","zip_code":"20002","country":"US","state":"DC","display_address":["50 Massachusetts Ave NE","Union Station","Washington, DC 20002"],"cross_streets":"N Capitol St"},"name":"CAVA","phone":"+12025362540","photos":["https:\/\/s3-media2.fl.yelpcdn.com\/bphoto\/eEtv8JLjavSxTscwE2ZusA\/o.jpg","https:\/\/s3-media4.fl.yelpcdn.com\/bphoto\/0RwI7UvCjfdeKQ2AWfZSuQ\/o.jpg","https:\/\/s3-media2.fl.yelpcdn.com\/bphoto\/iKKce4f0iwNsoX-6kX1FlA\/o.jpg"],"price":"$$","rating":4.5,"review_count":45,"transactions":[],"url":"https:\/\/www.yelp.com\/biz\/cava-washington-9?adjust_creative=3XFlswbSIE7Ti6WzVie74g&utm_campaign=yelp_api_v3&utm_medium=api_v3_business_lookup&utm_source=3XFlswbSIE7Ti6WzVie74g"}
{"alias":"the-liberty-tavern-arlington","categories":[{"alias":"bars","title":"Bars"},{"alias":"newamerican","title":"American (New)"},{"alias":"breakfast_brunch","title":"Breakfast & Brunch"}],"coordinates":{"latitude":38.886298787,"longitude":-77.0968024063},"display_phone":"(703) 465-9360","hours":[{"open":[{"is_overnight":true,"start":"1130","end":"0200","day":0},{"is_overnight":true,"start":"1130","end":"0200","day":1},{"is_overnight":true,"start":"1130","end":"0200","day":2},{"is_overnight":true,"start":"1130","end":"0200","day":3},{"is_overnight":true,"start":"1130","end":"0200","day":4},{"is_overnight":true,"start":"0930","end":"0200","day":5},{"is_overnight":true,"start":"0930","end":"0200","day":6}],"hours_type":"REGULAR","is_open_now":true}],"id":"wwaLUZAeeDrYgjenSEXdKQ","image_url":"https:\/\/s3-media4.fl.yelpcdn.com\/bphoto\/oEmy8kXjAus48_jDcWadXA\/o.jpg","is_claimed":true,"is_closed":false,"location":{"address1":"3195 Wilson Blvd","address2":"","address3":"","city":"Arlington","zip_code":"22201","country":"US","state":"VA","display_address":["3195 Wilson Blvd","Arlington, VA 22201"],"cross_streets":""},"name":"The Liberty Tavern","phone":"+17034659360","photos":["https:\/\/s3-media4.fl.yelpcdn.com\/bphoto\/oEmy8kXjAus48_jDcWadXA\/o.jpg","https:\/\/s3-media4.fl.yelpcdn.com\/bphoto\/SMskWAFNkhFyqrV6kIBZpA\/o.jpg","https:\/\/s3-media4.fl.yelpcdn.com\/bphoto\/elhIKhNc5HpBV4yICsSHgw\/o.jpg"],"price":"$$","rating":4.0,"review_count":1176,"transactions":["pickup"],"url":"https:\/\/www.yelp.com\/biz\/the-liberty-tavern-arlington?adjust_creative=3XFlswbSIE7Ti6WzVie74g&utm_campaign=yelp_api_v3&utm_medium=api_v3_business_lookup&utm_source=3XFlswbSIE7Ti6WzVie74g"}
{"alias":"sospeso-washington","categories":[{"alias":"mediterranean","title":"Mediterranean"},{"alias":"breakfast_brunch","title":"Breakfast & Brunch"},{"alias":"wine_bars","title":"Wine Bars"}],"coordinates":{"latitude":38.90044,"longitude":-76.98671},"display_phone":"(202) 594-3517","hours":[{"open":[{"is_overnight":false,"start":"0900","end":"2300","day":0},{"is_overnight":false,"start":"0900","end":"2300","day":1},{"is_overnight":false,"start":"0900","end":"2300","day":2},{"is_overnight":false,"start":"0900","end":"0000","day":3},{"is_overnight":true,"start":"0900","end":"0100","day":4},{"is_overnight":true,"start":"0900","end":"0100","day":5},{"is_overnight":false,"start":"0900","end":"2300","day":6}],"hours_type":"REGULAR","is_open_now":true}],"id":"ile0JPCAzt3Oz4i9NfXT4w","image_url":"https:\/\/s3-media3.fl.yelpcdn.com\/bphoto\/IUmVELAYm8Wwm8sR4F_5Yg\/o.jpg","is_claimed":true,"is_closed":false,"location":{"address1":"1344 H St NE","address2":"","address3":null,"city":"Washington, DC","zip_code":"20002","country":"US","state":"DC","display_address":["1344 H St NE","Washington, DC 20002"],"cross_streets":"N Linden Ct & N 14th St"},"name":"Sospeso","phone":"+12025943517","photos":["https:\/\/s3-media3.fl.yelpcdn.com\/bphoto\/IUmVELAYm8Wwm8sR4F_5Yg\/o.jpg","https:\/\/s3-media4.fl.yelpcdn.com\/bphoto\/L1D0kXwFdMt-qC2W11rAYg\/o.jpg","https:\/\/s3-media2.fl.yelpcdn.com\/bphoto\/zisPK1A_TCxOZF_7jRkeXw\/o.jpg"],"price":"$$","rating":4.0,"review_count":132,"transactions":[],"url":"https:\/\/www.yelp.com\/biz\/sospeso-washington?adjust_creative=3XFlswbSIE7Ti6WzVie74g&utm_campaign=yelp_api_v3&utm_medium=api_v3_business_lookup&utm_source=3XFlswbSIE7Ti6WzVie74g"}
{"alias":"dc-harvest-washington-3","categories":[{"alias":"newamerican","title":"American (New)"},{"alias":"bars","title":"Bars"}],"coordinates":{"latitude":38.9000027,"longitude":-76.998809},"display_phone":"(202) 629-3296","hours":[{"open":[{"is_overnight":false,"start":"1730","end":"2200","day":0},{"is_overnight":false,"start":"1730","end":"2200","day":1},{"is_overnight":false,"start":"1730","end":"2200","day":2},{"is_overnight":false,"start":"1730","end":"2200","day":3},{"is_overnight":false,"start":"1100","end":"1430","day":4},{"is_overnight":false,"start":"1730","end":"2300","day":4},{"is_overnight":false,"start":"1100","end":"1430","day":5},{"is_overnight":false,"start":"1730","end":"2300","day":5},{"is_overnight":false,"start":"1100","end":"1430","day":6},{"is_overnight":false,"start":"1730","end":"2200","day":6}],"hours_type":"REGULAR","is_open_now":true}],"id":"3AGZuiT_wrZbywBgQK81Gg","image_url":"https:\/\/s3-media1.fl.yelpcdn.com\/bphoto\/Xk4fyjANsGWqm6rOiZNHfA\/o.jpg","is_claimed":true,"is_closed":false,"location":{"address1":"517 H St NE","address2":"","address3":"","city":"Washington, DC","zip_code":"20002","country":"US","state":"DC","display_address":["517 H St NE","Washington, DC 20002"],"cross_streets":"N 5th St & N 6th St"},"name":"DC Harvest","phone":"+12026293296","photos":["https:\/\/s3-media1.fl.yelpcdn.com\/bphoto\/Xk4fyjANsGWqm6rOiZNHfA\/o.jpg","https:\/\/s3-media3.fl.yelpcdn.com\/bphoto\/UHAI8CKjVF64Jcv-n1StRg\/o.jpg","https:\/\/s3-media2.fl.yelpcdn.com\/bphoto\/3XhaoA-1TxetrsV90ftuDQ\/o.jpg"],"price":"$$","rating":3.5,"review_count":363,"transactions":[],"url":"https:\/\/www.yelp.com\/biz\/dc-harvest-washington-3?adjust_creative=3XFlswbSIE7Ti6WzVie74g&utm_campaign=yelp_api_v3&utm_medium=api_v3_business_lookup&utm_source=3XFlswbSIE7Ti6WzVie74g"}
{"alias":"kingbird-washington","categories":[{"alias":"french","title":"French"},{"alias":"newamerican","title":"American (New)"}],"coordinates":{"latitude":38.89934,"longitude":-77.05582},"display_phone":"(844) 875-0659","hours":[{"open":[{"is_overnight":false,"start":"0630","end":"2300","day":0},{"is_overnight":false,"start":"0630","end":"2300","day":1},{"is_overnight":false,"start":"0630","end":"2300","day":2},{"is_overnight":false,"start":"0630","end":"2300","day":3},{"is_overnight":false,"start":"0630","end":"2300","day":4},{"is_overnight":false,"start":"0630","end":"2300","day":5},{"is_overnight":false,"start":"0630","end":"2300","day":6}],"hours_type":"REGULAR","is_open_now":true}],"id":"JmSYUnSD5GSRf6ajj4MjkQ","image_url":"https:\/\/s3-media2.fl.yelpcdn.com\/bphoto\/X9nScCBRz78T-fsfvOoiRg\/o.jpg","is_claimed":true,"is_closed":false,"location":{"address1":"2650 Virginia Ave NW","address2":"","address3":"","city":"Washington, DC","zip_code":"20037","country":"US","state":"DC","display_address":["2650 Virginia Ave NW","Washington, DC 20037"],"cross_streets":"N H St & N 27th St"},"name":"Kingbird","phone":"+18448750659","photos":["https:\/\/s3-media2.fl.yelpcdn.com\/bphoto\/X9nScCBRz78T-fsfvOoiRg\/o.jpg","https:\/\/s3-media3.fl.yelpcdn.com\/bphoto\/uCEphPC4SZGdRlgdbn9kog\/o.jpg","https:\/\/s3-media4.fl.yelpcdn.com\/bphoto\/CbcuNp4DXiyVWFj7-CiFjw\/o.jpg"],"price":"$$$","rating":4.0,"review_count":203,"transactions":[],"url":"https:\/\/www.yelp.com\/biz\/kingbird-washington?adjust_creative=3XFlswbSIE7Ti6WzVie74g&utm_campaign=yelp_api_v3&utm_medium=api_v3_business_lookup&utm_source=3XFlswbSIE7Ti6WzVie74g"}
{"alias":"cafe-bliss-washington","categories":[{"alias":"coffee","title":"Coffee & Tea"},{"alias":"cafes","title":"Cafes"}],"coordinates":{"latitude":38.894653,"longitude":-77.002515},"display_phone":"(202) 546-0500","hours":[{"open":[{"is_overnight":false,"start":"0700","end":"1730","day":0},{"is_overnight":false,"start":"0700","end":"1730","day":1},{"is_overnight":false,"start":"0700","end":"1730","day":2},{"is_overnight":false,"start":"0700","end":"1730","day":3},{"is_overnight":false,"start":"0700","end":"1730","day":4},{"is_overnight":false,"start":"0900","end":"1500","day":5}],"hours_type":"REGULAR","is_open_now":false}],"id":"Xg6dfLIy2egYXMvHdzO18Q","image_url":"https:\/\/s3-media2.fl.yelpcdn.com\/bphoto\/Auhu5vg0fVb1wUEK-96tTQ\/o.jpg","is_claimed":false,"is_closed":false,"location":{"address1":"201 Massachusetts Ave NE","address2":"","address3":"","city":"Washington, DC","zip_code":"20002","country":"US","state":"DC","display_address":["201 Massachusetts Ave NE","Washington, DC 20002"],"cross_streets":""},"name":"Cafe Bliss","phone":"+12025460500","photos":["https:\/\/s3-media2.fl.yelpcdn.com\/bphoto\/Auhu5vg0fVb1wUEK-96tTQ\/o.jpg","https:\/\/s3-media1.fl.yelpcdn.com\/bphoto\/npkdt00YZOQHcp4T21qwgg\/o.jpg","https:\/\/s3-media2.fl.yelpcdn.com\/bphoto\/Dt37RZMXoaYwJB9AZkgRUQ\/o.jpg"],"price":"$","rating":4.0,"review_count":33,"transactions":[],"url":"https:\/\/www.yelp.com\/biz\/cafe-bliss-washington?adjust_creative=3XFlswbSIE7Ti6WzVie74g&utm_campaign=yelp_api_v3&utm_medium=api_v3_business_lookup&utm_source=3XFlswbSIE7Ti6WzVie74g"}
{"alias":"nero-washington-2","categories":[{"alias":"lounges","title":"Lounges"},{"alias":"pizza","title":"Pizza"},{"alias":"wine_bars","title":"Wine Bars"}],"coordinates":{"latitude":38.90799,"longitude":-77.04205},"display_phone":"(202) 213-6606","hours":[{"open":[{"is_overnight":true,"start":"1100","end":"0200","day":0},{"is_overnight":true,"start":"1100","end":"0200","day":1},{"is_overnight":true,"start":"1100","end":"0200","day":2},{"is_overnight":true,"start":"1100","end":"0200","day":3},{"is_overnight":true,"start":"1100","end":"0300","day":4},{"is_overnight":true,"start":"1100","end":"0300","day":5},{"is_overnight":true,"start":"1100","end":"0200","day":6}],"hours_type":"REGULAR","is_open_now":true}],"id":"QXpcLRQT3Ir7-8OLuhBz0A","image_url":"https:\/\/s3-media4.fl.yelpcdn.com\/bphoto\/5yldd9IGWzCLDENvCp3bgg\/o.jpg","is_claimed":true,"is_closed":false,"location":{"address1":"1323 Connecticut Ave NW","address2":"","address3":null,"city":"Washington, DC","zip_code":"20036","country":"US","state":"DC","display_address":["1323 Connecticut Ave NW","Washington, DC 20036"],"cross_streets":"N N St"},"name":"Nero","phone":"+12022136606","photos":["https:\/\/s3-media4.fl.yelpcdn.com\/bphoto\/5yldd9IGWzCLDENvCp3bgg\/o.jpg"],"price":null,"rating":4.5,"review_count":3,"transactions":[],"url":"https:\/\/www.yelp.com\/biz\/nero-washington-2?adjust_creative=3XFlswbSIE7Ti6WzVie74g&utm_campaign=yelp_api_v3&utm_medium=api_v3_business_lookup&utm_source=3XFlswbSIE7Ti6WzVie74g"}
{"alias":"cava-mezze-washington-6","categories":[{"alias":"greek","title":"Greek"},{"alias":"mediterranean","title":"Mediterranean"},{"alias":"seafood","title":"Seafood"}],"coordinates":{"latitude":38.88189,"longitude":-76.995342},"display_phone":"(202) 543-9090","hours":[{"open":[{"is_overnight":false,"start":"1130","end":"1430","day":0},{"is_overnight":false,"start":"1700","end":"2200","day":0},{"is_overnight":false,"start":"1130","end":"1430","day":1},{"is_overnight":false,"start":"1700","end":"2200","day":1},{"is_overnight":false,"start":"1130","end":"1430","day":2},{"is_overnight":false,"start":"1700","end":"2200","day":2},{"is_overnight":false,"start":"1130","end":"1430","day":3},{"is_overnight":false,"start":"1700","end":"2200","day":3},{"is_overnight":false,"start":"1130","end":"2200","day":4},{"is_overnight":false,"start":"1000","end":"2200","day":5},{"is_overnight":false,"start":"1000","end":"2100","day":6}],"hours_type":"REGULAR","is_open_now":false}],"id":"y0JPF3B_E14Wj7JcNxHdXQ","image_url":"https:\/\/s3-media3.fl.yelpcdn.com\/bphoto\/uMzN0MGfKpSVVV9PLnZTFQ\/o.jpg","is_claimed":true,"is_closed":false,"location":{"address1":"527 8th St SE","address2":"","address3":"","city":"Washington, DC","zip_code":"20003","country":"US","state":"DC","display_address":["527 8th St SE","Washington, DC 20003"],"cross_streets":"S E St & S G St"},"name":"Cava Mezze","phone":"+12025439090","photos":["https:\/\/s3-media3.fl.yelpcdn.com\/bphoto\/uMzN0MGfKpSVVV9PLnZTFQ\/o.jpg","https:\/\/s3-media3.fl.yelpcdn.com\/bphoto\/nXpaC-bOu9_PmJJwgeffJw\/o.jpg","https:\/\/s3-media1.fl.yelpcdn.com\/bphoto\/u_yg1bczfC_wt-qm9tAf2g\/o.jpg"],"price":"$$","rating":4.0,"review_count":1307,"transactions":["restaurant_reservation","pickup"],"url":"https:\/\/www.yelp.com\/biz\/cava-mezze-washington-6?adjust_creative=3XFlswbSIE7Ti6WzVie74g&utm_campaign=yelp_api_v3&utm_medium=api_v3_business_lookup&utm_source=3XFlswbSIE7Ti6WzVie74g"}
{"alias":"mi-cuba-cafe-washington","categories":[{"alias":"cuban","title":"Cuban"},{"alias":"latin","title":"Latin American"},{"alias":"caribbean","title":"Caribbean"}],"coordinates":{"latitude":38.9304468,"longitude":-77.033288},"display_phone":"(202) 813-3489","hours":[{"open":[{"is_overnight":false,"start":"1200","end":"2100","day":0},{"is_overnight":false,"start":"1200","end":"2100","day":2},{"is_overnight":false,"start":"1200","end":"2100","day":3},{"is_overnight":false,"start":"1200","end":"2200","day":4},{"is_overnight":false,"start":"1100","end":"2200","day":5},{"is_overnight":false,"start":"1100","end":"2000","day":6}],"hours_type":"REGULAR","is_open_now":false}],"id":"spBkfumTxXwpVR5-Dwy7bg","image_url":"https:\/\/s3-media1.fl.yelpcdn.com\/bphoto\/IT6JXoFtnr_FdlFDzedd5A\/o.jpg","is_claimed":true,"is_closed":false,"location":{"address1":"1424 Park Rd NW","address2":"","address3":"","city":"Washington, DC","zip_code":"20010","country":"US","state":"DC","display_address":["1424 Park Rd NW","Washington, DC 20010"],"cross_streets":"N Hiatt Pl & N Kenyon St"},"name":"Mi Cuba Cafe","phone":"+12028133489","photos":["https:\/\/s3-media1.fl.yelpcdn.com\/bphoto\/IT6JXoFtnr_FdlFDzedd5A\/o.jpg","https:\/\/s3-media3.fl.yelpcdn.com\/bphoto\/RH9WQWvh5QFC23xdVLfu0w\/o.jpg","https:\/\/s3-media2.fl.yelpcdn.com\/bphoto\/q4Zj1z8H0WquGJ8U0cznMw\/o.jpg"],"price":"$$","rating":4.5,"review_count":527,"transactions":[],"url":"https:\/\/www.yelp.com\/biz\/mi-cuba-cafe-washington?adjust_creative=3XFlswbSIE7Ti6WzVie74g&utm_campaign=yelp_api_v3&utm_medium=api_v3_business_lookup&utm_source=3XFlswbSIE7Ti6WzVie74g"}
{"alias":"mr-chens-organic-chinese-washington","categories":[{"alias":"chinese","title":"Chinese"},{"alias":"organic_stores","title":"Organic Stores"}],"coordinates":{"latitude":38.93502,"longitude":-77.05767},"display_phone":"(202) 966-8988","hours":[{"open":[{"is_overnight":false,"start":"1100","end":"2200","day":0},{"is_overnight":false,"start":"1100","end":"2200","day":1},{"is_overnight":false,"start":"1100","end":"2200","day":2},{"is_overnight":false,"start":"1100","end":"2200","day":3},{"is_overnight":false,"start":"1100","end":"2300","day":4},{"is_overnight":false,"start":"1100","end":"2300","day":5},{"is_overnight":false,"start":"1200","end":"2200","day":6}],"hours_type":"REGULAR","is_open_now":true}],"id":"zYkpesNFfBXwTEQEIUcvlw","image_url":"https:\/\/s3-media1.fl.yelpcdn.com\/bphoto\/zS4H3uX-RwIJWv6QZYve_w\/o.jpg","is_claimed":true,"is_closed":false,"location":{"address1":"3419 Connecticut Ave NW","address2":null,"address3":"","city":"Washington, DC","zip_code":"20008","country":"US","state":"DC","display_address":["3419 Connecticut Ave NW","Washington, DC 20008"],"cross_streets":"N Ordway St & N Porter St"},"name":"Mr. Chen's Organic Chinese","phone":"+12029668988","photos":["https:\/\/s3-media1.fl.yelpcdn.com\/bphoto\/zS4H3uX-RwIJWv6QZYve_w\/o.jpg","https:\/\/s3-media1.fl.yelpcdn.com\/bphoto\/T8zviyiM547shKzyYcpKkQ\/o.jpg","https:\/\/s3-media1.fl.yelpcdn.com\/bphoto\/s4urGkuPfO9c6PAxWttqOw\/o.jpg"],"price":null,"rating":3.0,"review_count":41,"transactions":["delivery","pickup"],"url":"https:\/\/www.yelp.com\/biz\/mr-chens-organic-chinese-washington?adjust_creative=3XFlswbSIE7Ti6WzVie74g&utm_campaign=yelp_api_v3&utm_medium=api_v3_business_lookup&utm_source=3XFlswbSIE7Ti6WzVie74g"}
{"alias":"dolan-uyghur-restaurant-washington-2","categories":[{"alias":"asianfusion","title":"Asian Fusion"},{"alias":"mideastern","title":"Middle Eastern"},{"alias":"halal","title":"Halal"}],"coordinates":{"latitude":38.9360655953,"longitude":-77.0591213554},"display_phone":"(202) 686-3941","hours":[{"open":[{"is_overnight":false,"start":"1700","end":"2200","day":0},{"is_overnight":false,"start":"1200","end":"2200","day":1},{"is_overnight":false,"start":"1200","end":"2200","day":2},{"is_overnight":false,"start":"1200","end":"2200","day":3},{"is_overnight":false,"start":"1200","end":"2200","day":4},{"is_overnight":false,"start":"1200","end":"2200","day":5},{"is_overnight":false,"start":"1200","end":"2100","day":6}],"hours_type":"REGULAR","is_open_now":false}],"id":"7eko53Pj_M--C50moQz8bA","image_url":"https:\/\/s3-media2.fl.yelpcdn.com\/bphoto\/Lxvfjas29y8gzY9mWi6CDg\/o.jpg","is_claimed":true,"is_closed":false,"location":{"address1":"3518 Connecticut Ave NW","address2":"","address3":null,"city":"Washington, DC","zip_code":"20008","country":"US","state":"DC","display_address":["3518 Connecticut Ave NW","Washington, DC 20008"],"cross_streets":"N Ordway St & N Porter St"},"name":"Dolan Uyghur Restaurant","phone":"+12026863941","photos":["https:\/\/s3-media2.fl.yelpcdn.com\/bphoto\/Lxvfjas29y8gzY9mWi6CDg\/o.jpg"],"price":"$$","rating":4.0,"review_count":147,"transactions":["delivery","pickup"],"url":"https:\/\/www.yelp.com\/biz\/dolan-uyghur-restaurant-washington-2?adjust_creative=3XFlswbSIE7Ti6WzVie74g&utm_campaign=yelp_api_v3&utm_medium=api_v3_business_lookup&utm_source=3XFlswbSIE7Ti6WzVie74g"}
{"alias":"temari-japanese-cafe-rockville","categories":[{"alias":"japanese","title":"Japanese"}],"coordinates":{"latitude":39.0714270798,"longitude":-77.1333415754},"display_phone":"(301) 340-7720","hours":[{"open":[{"is_overnight":false,"start":"1130","end":"1500","day":0},{"is_overnight":false,"start":"1700","end":"2130","day":0},{"is_overnight":false,"start":"1130","end":"1500","day":2},{"is_overnight":false,"start":"1700","end":"2130","day":2},{"is_overnight":false,"start":"1130","end":"1500","day":3},{"is_overnight":false,"start":"1700","end":"2130","day":3},{"is_overnight":false,"start":"1130","end":"1500","day":4},{"is_overnight":false,"start":"1700","end":"2130","day":4},{"is_overnight":false,"start":"1130","end":"1500","day":5},{"is_overnight":false,"start":"1600","end":"2130","day":5},{"is_overnight":false,"start":"1130","end":"1500","day":6},{"is_overnight":false,"start":"1600","end":"2130","day":6}],"hours_type":"REGULAR","is_open_now":false}],"id":"YFq_vC0QiZb-qXONM3SDJg","image_url":"https:\/\/s3-media4.fl.yelpcdn.com\/bphoto\/Y-tuNZGNFN-h8ARBmzCOqg\/o.jpg","is_claimed":true,"is_closed":false,"location":{"address1":"1043 Rockville Pike","address2":null,"address3":"","city":"Rockville","zip_code":"20852","country":"US","state":"MD","display_address":["1043 Rockville Pike","Rockville, MD 20852"],"cross_streets":""},"name":"Temari Japanese Cafe","phone":"+13013407720","photos":["https:\/\/s3-media4.fl.yelpcdn.com\/bphoto\/Y-tuNZGNFN-h8ARBmzCOqg\/o.jpg","https:\/\/s3-media2.fl.yelpcdn.com\/bphoto\/9Pv8isEMOdvDvgsChn1vGw\/o.jpg","https:\/\/s3-media2.fl.yelpcdn.com\/bphoto\/MlNg-Np6KNiSAjN8x4PJeQ\/o.jpg"],"price":"$$","rating":4.0,"review_count":633,"transactions":[],"url":"https:\/\/www.yelp.com\/biz\/temari-japanese-cafe-rockville?adjust_creative=3XFlswbSIE7Ti6WzVie74g&utm_campaign=yelp_api_v3&utm_medium=api_v3_business_lookup&utm_source=3XFlswbSIE7Ti6WzVie74g"}
{"alias":"yett-gol-silver-spring-2","categories":[{"alias":"korean","title":"Korean"}],"coordinates":{"latitude":39.0592806,"longitude":-77.0501241},"display_phone":"(301) 949-9060","hours":[{"open":[{"is_overnight":false,"start":"1100","end":"2200","day":0},{"is_overnight":false,"start":"1100","end":"2200","day":1},{"is_overnight":false,"start":"1100","end":"2200","day":2},{"is_overnight":false,"start":"1100","end":"2200","day":3},{"is_overnight":false,"start":"1100","end":"2300","day":4},{"is_overnight":false,"start":"1100","end":"2300","day":5},{"is_overnight":false,"start":"1100","end":"2200","day":6}],"hours_type":"REGULAR","is_open_now":true}],"id":"fWvMfg5TVXJZsor30VEA5g","image_url":"https:\/\/s3-media3.fl.yelpcdn.com\/bphoto\/-1wyRXLEgQBDyWPGUFWl3w\/o.jpg","is_claimed":false,"is_closed":false,"location":{"address1":"12337 Georgia Ave","address2":"Ste C","address3":"","city":"Silver Spring","zip_code":"20906","country":"US","state":"MD","display_address":["12337 Georgia Ave","Ste C","Silver Spring, MD 20906"],"cross_streets":""},"name":"Yett Gol","phone":"+13019499060","photos":["https:\/\/s3-media3.fl.yelpcdn.com\/bphoto\/-1wyRXLEgQBDyWPGUFWl3w\/o.jpg","https:\/\/s3-media3.fl.yelpcdn.com\/bphoto\/E5GK0LcVJ0FOG9SgddGspA\/o.jpg","https:\/\/s3-media4.fl.yelpcdn.com\/bphoto\/7rWmsfCCpPE-31as5lS-hw\/o.jpg"],"price":"$$","rating":4.0,"review_count":71,"transactions":[],"url":"https:\/\/www.yelp.com\/biz\/yett-gol-silver-spring-2?adjust_creative=3XFlswbSIE7Ti6WzVie74g&utm_campaign=yelp_api_v3&utm_medium=api_v3_business_lookup&utm_source=3XFlswbSIE7Ti6WzVie74g"}
{"alias":"seoulspice-college-park","categories":[{"alias":"korean","title":"Korean"},{"alias":"gluten_free","title":"Gluten-Free"}],"coordinates":{"latitude":38.9809206723,"longitude":-76.9439377013},"display_phone":"(202) 792-8879","hours":[{"open":[{"is_overnight":false,"start":"1100","end":"2200","day":0},{"is_overnight":false,"start":"1100","end":"2200","day":1},{"is_overnight":false,"start":"1100","end":"2200","day":2},{"is_overnight":false,"start":"1100","end":"2200","day":3},{"is_overnight":false,"start":"1100","end":"2200","day":4},{"is_overnight":false,"start":"1100","end":"2200","day":5},{"is_overnight":false,"start":"1100","end":"2200","day":6}],"hours_type":"REGULAR","is_open_now":true}],"id":"g5dSvFcE560E0ieZt-08Yg","image_url":"https:\/\/s3-media3.fl.yelpcdn.com\/bphoto\/yxoxVIQc0c_cFj5wIXdShw\/o.jpg","is_claimed":false,"is_closed":false,"location":{"address1":"4200 Guilford Dr","address2":null,"address3":"","city":"College Park","zip_code":"20740","country":"US","state":"MD","display_address":["4200 Guilford Dr","College Park, MD 20740"],"cross_streets":""},"name":"SEOULSPICE","phone":"+12027928879","photos":["https:\/\/s3-media3.fl.yelpcdn.com\/bphoto\/yxoxVIQc0c_cFj5wIXdShw\/o.jpg","https:\/\/s3-media3.fl.yelpcdn.com\/bphoto\/hZIoq-CNFMe3c5iXWv7EIw\/o.jpg","https:\/\/s3-media2.fl.yelpcdn.com\/bphoto\/DtUPFaIs19nkT9tEis1_TQ\/o.jpg"],"price":null,"rating":4.0,"review_count":4,"transactions":[],"url":"https:\/\/www.yelp.com\/biz\/seoulspice-college-park?adjust_creative=3XFlswbSIE7Ti6WzVie74g&utm_campaign=yelp_api_v3&utm_medium=api_v3_business_lookup&utm_source=3XFlswbSIE7Ti6WzVie74g"}
{"alias":"tiffin-takoma-park","categories":[{"alias":"indpak","title":"Indian"},{"alias":"buffets","title":"Buffets"}],"coordinates":{"latitude":38.9872833,"longitude":-76.9855021},"display_phone":"(301) 434-9200","hours":[{"open":[{"is_overnight":false,"start":"1130","end":"1500","day":0},{"is_overnight":false,"start":"1700","end":"2200","day":0},{"is_overnight":false,"start":"1130","end":"1500","day":1},{"is_overnight":false,"start":"1700","end":"2200","day":1},{"is_overnight":false,"start":"1130","end":"1500","day":2},{"is_overnight":false,"start":"1700","end":"2200","day":2},{"is_overnight":false,"start":"1130","end":"1500","day":3},{"is_overnight":false,"start":"1700","end":"2200","day":3},{"is_overnight":false,"start":"1130","end":"1500","day":4},{"is_overnight":false,"start":"1700","end":"2200","day":4},{"is_overnight":false,"start":"1130","end":"1500","day":5},{"is_overnight":false,"start":"1700","end":"2200","day":5},{"is_overnight":false,"start":"1130","end":"1500","day":6},{"is_overnight":false,"start":"1700","end":"2200","day":6}],"hours_type":"REGULAR","is_open_now":true}],"id":"W_GBVQipa5JnIYbTkKdlRg","image_url":"https:\/\/s3-media2.fl.yelpcdn.com\/bphoto\/HJgq9ymVhllcajSTBHVnlw\/o.jpg","is_claimed":true,"is_closed":false,"location":{"address1":"1341 University Blvd E","address2":"","address3":"","city":"Takoma Park","zip_code":"20912","country":"US","state":"MD","display_address":["1341 University Blvd E","Takoma Park, MD 20912"],"cross_streets":""},"name":"Tiffin","phone":"+13014349200","photos":["https:\/\/s3-media2.fl.yelpcdn.com\/bphoto\/HJgq9ymVhllcajSTBHVnlw\/o.jpg","https:\/\/s3-media4.fl.yelpcdn.com\/bphoto\/C0iUwk4UqoraYA1zEUzV2A\/o.jpg","https:\/\/s3-media2.fl.yelpcdn.com\/bphoto\/SXekUso4Ue0kj3gOKdoApQ\/o.jpg"],"price":"$$","rating":4.0,"review_count":242,"transactions":["delivery","pickup"],"url":"https:\/\/www.yelp.com\/biz\/tiffin-takoma-park?adjust_creative=3XFlswbSIE7Ti6WzVie74g&utm_campaign=yelp_api_v3&utm_medium=api_v3_business_lookup&utm_source=3XFlswbSIE7Ti6WzVie74g"}
{"alias":"woodlands-indian-restaurant-langley-park-2","categories":[{"alias":"indpak","title":"Indian"},{"alias":"vegetarian","title":"Vegetarian"}],"coordinates":{"latitude":38.9910713,"longitude":-76.987645},"display_phone":"(301) 434-4202","hours":[{"open":[{"is_overnight":false,"start":"1130","end":"1500","day":0},{"is_overnight":false,"start":"1700","end":"2130","day":0},{"is_overnight":false,"start":"1130","end":"1500","day":1},{"is_overnight":false,"start":"1700","end":"2130","day":1},{"is_overnight":false,"start":"1130","end":"1500","day":2},{"is_overnight":false,"start":"1700","end":"2130","day":2},{"is_overnight":false,"start":"1130","end":"1500","day":3},{"is_overnight":false,"start":"1700","end":"2130","day":3},{"is_overnight":false,"start":"1130","end":"1500","day":4},{"is_overnight":false,"start":"1700","end":"2200","day":4},{"is_overnight":false,"start":"1130","end":"2200","day":5},{"is_overnight":false,"start":"1130","end":"2130","day":6}],"hours_type":"REGULAR","is_open_now":false}],"id":"WmEsbfEJn5WZ0D8dViYT8w","image_url":"https:\/\/s3-media1.fl.yelpcdn.com\/bphoto\/vPWqL3cg5KDs3qLbb0Bnrw\/o.jpg","is_claimed":true,"is_closed":false,"location":{"address1":"8046 New Hampshire Ave","address2":null,"address3":"","city":"Langley Park","zip_code":"20783","country":"US","state":"MD","display_address":["8046 New Hampshire Ave","Langley Park, MD 20783"],"cross_streets":""},"name":"Woodlands Indian Restaurant","phone":"+13014344202","photos":["https:\/\/s3-media1.fl.yelpcdn.com\/bphoto\/vPWqL3cg5KDs3qLbb0Bnrw\/o.jpg","https:\/\/s3-media2.fl.yelpcdn.com\/bphoto\/eKJxr_fhTBdPf61EMi8v1A\/o.jpg","https:\/\/s3-media3.fl.yelpcdn.com\/bphoto\/d5Kzih6vNFbSZ3-74ZlprA\/o.jpg"],"price":"$$","rating":4.0,"review_count":333,"transactions":[],"url":"https:\/\/www.yelp.com\/biz\/woodlands-indian-restaurant-langley-park-2?adjust_creative=3XFlswbSIE7Ti6WzVie74g&utm_campaign=yelp_api_v3&utm_medium=api_v3_business_lookup&utm_source=3XFlswbSIE7Ti6WzVie74g"}
{"alias":"gringos-and-mariachis-bethesda","categories":[{"alias":"mexican","title":"Mexican"},{"alias":"bars","title":"Bars"},{"alias":"salad","title":"Salad"}],"coordinates":{"latitude":38.988521,"longitude":-77.098541},"display_phone":"(240) 800-4266","hours":[{"open":[{"is_overnight":false,"start":"1130","end":"2300","day":0},{"is_overnight":false,"start":"1130","end":"2300","day":1},{"is_overnight":false,"start":"1130","end":"2300","day":2},{"is_overnight":false,"start":"1130","end":"2300","day":3},{"is_overnight":false,"start":"1130","end":"0000","day":4},{"is_overnight":false,"start":"1130","end":"0000","day":5},{"is_overnight":false,"start":"1130","end":"2230","day":6}],"hours_type":"REGULAR","is_open_now":true}],"id":"ty8X9wdAzzcShY9PgBDmgQ","image_url":"https:\/\/s3-media4.fl.yelpcdn.com\/bphoto\/h_0TwMvpWfDN7pn-zqpOkQ\/o.jpg","is_claimed":true,"is_closed":false,"location":{"address1":"4928 Cordell Ave","address2":"","address3":"","city":"Bethesda","zip_code":"20814","country":"US","state":"MD","display_address":["4928 Cordell Ave","Bethesda, MD 20814"],"cross_streets":""},"name":"Gringos & Mariachis","phone":"+12408004266","photos":["https:\/\/s3-media4.fl.yelpcdn.com\/bphoto\/h_0TwMvpWfDN7pn-zqpOkQ\/o.jpg","https:\/\/s3-media3.fl.yelpcdn.com\/bphoto\/eB_cUHZSE6z8AnxPGnyWvQ\/o.jpg","https:\/\/s3-media3.fl.yelpcdn.com\/bphoto\/bjl4v0wDHFW50uRS1jhw6A\/o.jpg"],"price":"$$","rating":4.0,"review_count":689,"transactions":[],"url":"https:\/\/www.yelp.com\/biz\/gringos-and-mariachis-bethesda?adjust_creative=3XFlswbSIE7Ti6WzVie74g&utm_campaign=yelp_api_v3&utm_medium=api_v3_business_lookup&utm_source=3XFlswbSIE7Ti6WzVie74g"}
{"alias":"el-torogoz-washington","categories":[{"alias":"mexican","title":"Mexican"},{"alias":"salvadoran","title":"Salvadoran"}],"coordinates":{"latitude":38.94267,"longitude":-77.0249},"display_phone":"(202) 722-6966","hours":[{"open":[{"is_overnight":false,"start":"0800","end":"2300","day":0},{"is_overnight":false,"start":"0800","end":"2300","day":1},{"is_overnight":false,"start":"0800","end":"2300","day":2},{"is_overnight":false,"start":"0800","end":"2300","day":3},{"is_overnight":true,"start":"0800","end":"0300","day":4},{"is_overnight":true,"start":"0800","end":"0300","day":5},{"is_overnight":true,"start":"0800","end":"0300","day":6}],"hours_type":"REGULAR","is_open_now":true}],"id":"YtHrFJkK3AB3p8CwZNkc_A","image_url":"https:\/\/s3-media4.fl.yelpcdn.com\/bphoto\/FMgXWE-sejuHd6JN1IVHUg\/o.jpg","is_claimed":false,"is_closed":false,"location":{"address1":"4231 9th St NW","address2":null,"address3":"","city":"Washington, DC","zip_code":"20011","country":"US","state":"DC","display_address":["4231 9th St NW","Washington, DC 20011"],"cross_streets":"N Varnum St & N Kansas Ave"},"name":"El Torogoz","phone":"+12027226966","photos":["https:\/\/s3-media4.fl.yelpcdn.com\/bphoto\/FMgXWE-sejuHd6JN1IVHUg\/o.jpg","https:\/\/s3-media1.fl.yelpcdn.com\/bphoto\/seS3GnzkvBCc99MAqJq0EA\/o.jpg","https:\/\/s3-media2.fl.yelpcdn.com\/bphoto\/GyIi6AWJV9ZQDcYGFtT7TA\/o.jpg"],"price":"$$","rating":4.0,"review_count":48,"transactions":[],"url":"https:\/\/www.yelp.com\/biz\/el-torogoz-washington?adjust_creative=3XFlswbSIE7Ti6WzVie74g&utm_campaign=yelp_api_v3&utm_medium=api_v3_business_lookup&utm_source=3XFlswbSIE7Ti6WzVie74g"}
{"alias":"el-pollo-sabroso-washington-2","categories":[{"alias":"latin","title":"Latin American"},{"alias":"peruvian","title":"Peruvian"}],"coordinates":{"latitude":38.9304924011,"longitude":-77.0340499878},"display_phone":"(202) 986-0022","hours":[{"open":[{"is_overnight":false,"start":"1000","end":"2200","day":0},{"is_overnight":false,"start":"1000","end":"2200","day":1},{"is_overnight":false,"start":"1000","end":"2200","day":2},{"is_overnight":false,"start":"1000","end":"2200","day":3},{"is_overnight":false,"start":"1000","end":"2300","day":4},{"is_overnight":false,"start":"1000","end":"2300","day":5},{"is_overnight":false,"start":"1000","end":"2200","day":6}],"hours_type":"REGULAR","is_open_now":false}],"id":"f8yhqmQvqTD7B7ygqWkPKw","image_url":"https:\/\/s3-media4.fl.yelpcdn.com\/bphoto\/Y7AK6WLkIpaym1Wu-60IKQ\/o.jpg","is_claimed":true,"is_closed":false,"location":{"address1":"1434 Park Rd NW","address2":"","address3":"","city":"Washington, DC","zip_code":"20010","country":"US","state":"DC","display_address":["1434 Park Rd NW","Washington, DC 20010"],"cross_streets":"N 14th St & N Hiatt Pl"},"name":"El Pollo Sabroso","phone":"+12029860022","photos":["https:\/\/s3-media4.fl.yelpcdn.com\/bphoto\/Y7AK6WLkIpaym1Wu-60IKQ\/o.jpg","https:\/\/s3-media2.fl.yelpcdn.com\/bphoto\/L6qst0tRN5r99OEjIDqOTQ\/o.jpg","https:\/\/s3-media1.fl.yelpcdn.com\/bphoto\/YVSkcoaTiqDTwpVdRZ5WaA\/o.jpg"],"price":"$","rating":4.0,"review_count":81,"transactions":[],"url":"https:\/\/www.yelp.com\/biz\/el-pollo-sabroso-washington-2?adjust_creative=3XFlswbSIE7Ti6WzVie74g&utm_campaign=yelp_api_v3&utm_medium=api_v3_business_lookup&utm_source=3XFlswbSIE7Ti6WzVie74g"}
{"alias":"gregorys-coffee-washington-7","categories":[{"alias":"bakeries","title":"Bakeries"},{"alias":"coffee","title":"Coffee & Tea"}],"coordinates":{"latitude":38.90464,"longitude":-77.04471},"display_phone":"(202) 525-4678","hours":[{"open":[{"is_overnight":false,"start":"0700","end":"1700","day":0},{"is_overnight":false,"start":"0700","end":"1700","day":1},{"is_overnight":false,"start":"0700","end":"1700","day":2},{"is_overnight":false,"start":"0700","end":"1700","day":3},{"is_overnight":false,"start":"0700","end":"1700","day":4}],"hours_type":"REGULAR","is_open_now":false}],"id":"u4LYeEzX4UFpV1B2JiEDkw","image_url":"https:\/\/s3-media1.fl.yelpcdn.com\/bphoto\/SP4z34VmDQlWOe6u2F4nrQ\/o.jpg","is_claimed":false,"is_closed":false,"location":{"address1":"1147 20th St NW","address2":null,"address3":null,"city":"Washington, DC","zip_code":"20036","country":"US","state":"DC","display_address":["1147 20th St NW","Washington, DC 20036"],"cross_streets":"N M St & N L St"},"name":"Gregorys Coffee","phone":"+12025254678","photos":["https:\/\/s3-media1.fl.yelpcdn.com\/bphoto\/SP4z34VmDQlWOe6u2F4nrQ\/o.jpg","https:\/\/s3-media2.fl.yelpcdn.com\/bphoto\/Ao4EmPFbxNpHe0AweQWmyw\/o.jpg","https:\/\/s3-media4.fl.yelpcdn.com\/bphoto\/dcfHv49yJrBXw1hDi5ssyg\/o.jpg"],"price":"$$","rating":4.0,"review_count":13,"transactions":[],"url":"https:\/\/www.yelp.com\/biz\/gregorys-coffee-washington-7?adjust_creative=3XFlswbSIE7Ti6WzVie74g&utm_campaign=yelp_api_v3&utm_medium=api_v3_business_lookup&utm_source=3XFlswbSIE7Ti6WzVie74g"}
{"alias":"alfa-piehouse-washington","categories":[{"alias":"greek","title":"Greek"},{"alias":"bakeries","title":"Bakeries"},{"alias":"breakfast_brunch","title":"Breakfast & Brunch"}],"coordinates":{"latitude":38.89996,"longitude":-77.04086},"display_phone":"(202) 846-7122","hours":[{"open":[{"is_overnight":false,"start":"0700","end":"1700","day":0},{"is_overnight":false,"start":"0700","end":"1700","day":1},{"is_overnight":false,"start":"0700","end":"1700","day":2},{"is_overnight":false,"start":"0700","end":"1700","day":3},{"is_overnight":false,"start":"0700","end":"1700","day":4}],"hours_type":"REGULAR","is_open_now":false}],"id":"zaVNp1o-VKOzIzkbZz2BSQ","image_url":"https:\/\/s3-media1.fl.yelpcdn.com\/bphoto\/bYvRDi59zZ_Z_M8NYfJAqw\/o.jpg","is_claimed":true,"is_closed":false,"location":{"address1":"1750 H St NW","address2":null,"address3":"","city":"Washington, DC","zip_code":"20006","country":"US","state":"DC","display_address":["1750 H St NW","Washington, DC 20006"],"cross_streets":"N 18th St & N 17th St"},"name":"Alfa Piehouse","phone":"+12028467122","photos":["https:\/\/s3-media1.fl.yelpcdn.com\/bphoto\/bYvRDi59zZ_Z_M8NYfJAqw\/o.jpg","https:\/\/s3-media4.fl.yelpcdn.com\/bphoto\/BY8VEm5C9yK22n-dRrhRVg\/o.jpg","https:\/\/s3-media1.fl.yelpcdn.com\/bphoto\/Ca51BAFxmb5sptTqW1wkBA\/o.jpg"],"price":"$","rating":4.0,"review_count":102,"transactions":["pickup","delivery"],"url":"https:\/\/www.yelp.com\/biz\/alfa-piehouse-washington?adjust_creative=3XFlswbSIE7Ti6WzVie74g&utm_campaign=yelp_api_v3&utm_medium=api_v3_business_lookup&utm_source=3XFlswbSIE7Ti6WzVie74g"}
{"alias":"arepa-zone-washington-5","categories":[{"alias":"venezuelan","title":"Venezuelan"}],"coordinates":{"latitude":38.9045,"longitude":-77.03159},"display_phone":"(202) 900-2261","hours":[{"open":[{"is_overnight":false,"start":"1000","end":"2200","day":0},{"is_overnight":false,"start":"1000","end":"2200","day":1},{"is_overnight":false,"start":"1000","end":"2200","day":2},{"is_overnight":false,"start":"1000","end":"2200","day":3},{"is_overnight":false,"start":"1000","end":"2300","day":4},{"is_overnight":false,"start":"1000","end":"2300","day":5},{"is_overnight":false,"start":"1000","end":"2100","day":6}],"hours_type":"REGULAR","is_open_now":false}],"id":"OEwylmQ6aI8o8lPi5eD2fg","image_url":"https:\/\/s3-media2.fl.yelpcdn.com\/bphoto\/2vFY6W4WfSF5EWQJTg6L3A\/o.jpg","is_claimed":true,"is_closed":false,"location":{"address1":"1121 14th St NW","address2":null,"address3":"","city":"Washington, DC","zip_code":"20005","country":"US","state":"DC","display_address":["1121 14th St NW","Washington, DC 20005"],"cross_streets":"N Green Ct & N L St"},"name":"Arepa Zone","phone":"+12029002261","photos":["https:\/\/s3-media2.fl.yelpcdn.com\/bphoto\/2vFY6W4WfSF5EWQJTg6L3A\/o.jpg","https:\/\/s3-media1.fl.yelpcdn.com\/bphoto\/_R-lvQVDpA84ix8MtIwjDA\/o.jpg","https:\/\/s3-media4.fl.yelpcdn.com\/bphoto\/p2vXt6RWtLvk5-eCE5X-Kg\/o.jpg"],"price":"$$","rating":4.5,"review_count":72,"transactions":[],"url":"https:\/\/www.yelp.com\/biz\/arepa-zone-washington-5?adjust_creative=3XFlswbSIE7Ti6WzVie74g&utm_campaign=yelp_api_v3&utm_medium=api_v3_business_lookup&utm_source=3XFlswbSIE7Ti6WzVie74g"}
{"alias":"la-jambe-washington","categories":[{"alias":"wine_bars","title":"Wine Bars"},{"alias":"cheese","title":"Cheese Shops"},{"alias":"breakfast_brunch","title":"Breakfast & Brunch"}],"coordinates":{"latitude":38.9109556527,"longitude":-77.0221279622},"display_phone":"(202) 627-2988","hours":null,"id":"fKpAub7ReemqznFm00oaGA","image_url":"https:\/\/s3-media4.fl.yelpcdn.com\/bphoto\/_eFA024g_UK5HRIVef9_rw\/o.jpg","is_claimed":true,"is_closed":false,"location":{"address1":"1550 7th St NW","address2":"","address3":null,"city":"Washington, DC","zip_code":"20001","country":"US","state":"DC","display_address":["1550 7th St NW","Washington, DC 20001"],"cross_streets":"N Q St"},"name":"La Jambe","phone":"+12026272988","photos":["https:\/\/s3-media4.fl.yelpcdn.com\/bphoto\/_eFA024g_UK5HRIVef9_rw\/o.jpg","https:\/\/s3-media3.fl.yelpcdn.com\/bphoto\/G47LbykSdIpXfpolB2ig_Q\/o.jpg","https:\/\/s3-media3.fl.yelpcdn.com\/bphoto\/wkLqLTa_FGN55Dn2BfjQSA\/o.jpg"],"price":"$$","rating":4.5,"review_count":96,"transactions":[],"url":"https:\/\/www.yelp.com\/biz\/la-jambe-washington?adjust_creative=3XFlswbSIE7Ti6WzVie74g&utm_campaign=yelp_api_v3&utm_medium=api_v3_business_lookup&utm_source=3XFlswbSIE7Ti6WzVie74g"}
{"alias":"bar-elena-washington","categories":[{"alias":"bars","title":"Bars"}],"coordinates":{"latitude":38.90046,"longitude":-76.99987},"display_phone":"(202) 450-3265","hours":[{"open":[{"is_overnight":false,"start":"1800","end":"0000","day":0},{"is_overnight":false,"start":"1600","end":"0000","day":1},{"is_overnight":false,"start":"1600","end":"0000","day":2},{"is_overnight":false,"start":"1600","end":"0000","day":3},{"is_overnight":true,"start":"1600","end":"0100","day":4},{"is_overnight":true,"start":"1100","end":"0100","day":5},{"is_overnight":false,"start":"1100","end":"0000","day":6}],"hours_type":"REGULAR","is_open_now":false}],"id":"fobDFSDkjsichr9B4yBE2Q","image_url":"https:\/\/s3-media3.fl.yelpcdn.com\/bphoto\/rNIS81GgJUNG-VTuAIHYZg\/o.jpg","is_claimed":true,"is_closed":false,"location":{"address1":"414 H St NE","address2":"","address3":null,"city":"Washington, DC","zip_code":"20002","country":"US","state":"DC","display_address":["414 H St NE","Washington, DC 20002"],"cross_streets":"N 5th St & N 4th St"},"name":"Bar Elena","phone":"+12024503265","photos":["https:\/\/s3-media3.fl.yelpcdn.com\/bphoto\/rNIS81GgJUNG-VTuAIHYZg\/o.jpg","https:\/\/s3-media2.fl.yelpcdn.com\/bphoto\/FAtusxWOZelHmM7ZQolcEA\/o.jpg","https:\/\/s3-media3.fl.yelpcdn.com\/bphoto\/I3Xf-ywkmv6OcUHnVae8OQ\/o.jpg"],"price":"$$","rating":4.0,"review_count":49,"transactions":["restaurant_reservation"],"url":"https:\/\/www.yelp.com\/biz\/bar-elena-washington?adjust_creative=3XFlswbSIE7Ti6WzVie74g&utm_campaign=yelp_api_v3&utm_medium=api_v3_business_lookup&utm_source=3XFlswbSIE7Ti6WzVie74g"}
{"alias":"right-proper-brewing-company-washington-2","categories":[{"alias":"gastropubs","title":"Gastropubs"},{"alias":"breweries","title":"Breweries"}],"coordinates":{"latitude":38.9153595,"longitude":-77.021347},"display_phone":"(202) 607-2337","hours":[{"open":[{"is_overnight":false,"start":"1700","end":"2300","day":0},{"is_overnight":false,"start":"1700","end":"2300","day":1},{"is_overnight":false,"start":"1700","end":"2300","day":2},{"is_overnight":false,"start":"1700","end":"2300","day":3},{"is_overnight":false,"start":"1130","end":"0000","day":4},{"is_overnight":false,"start":"1130","end":"0000","day":5},{"is_overnight":false,"start":"1130","end":"2200","day":6}],"hours_type":"REGULAR","is_open_now":false}],"id":"JRI2e5wMq4-HqVt4LRGmnQ","image_url":"https:\/\/s3-media2.fl.yelpcdn.com\/bphoto\/Ry3b71GpN3xYXhU3HDTADQ\/o.jpg","is_claimed":true,"is_closed":false,"location":{"address1":"624 T St NW","address2":null,"address3":"","city":"Washington, DC","zip_code":"20001","country":"US","state":"DC","display_address":["624 T St NW","Washington, DC 20001"],"cross_streets":"N 7th St & N Wiltberger St"},"name":"Right Proper Brewing Company","phone":"+12026072337","photos":["https:\/\/s3-media2.fl.yelpcdn.com\/bphoto\/Ry3b71GpN3xYXhU3HDTADQ\/o.jpg","https:\/\/s3-media4.fl.yelpcdn.com\/bphoto\/I-MUOiLkI6pe3M_n76Ti3w\/o.jpg","https:\/\/s3-media1.fl.yelpcdn.com\/bphoto\/jmn-XViD10NPHLtrW2385w\/o.jpg"],"price":"$$","rating":4.0,"review_count":607,"transactions":[],"url":"https:\/\/www.yelp.com\/biz\/right-proper-brewing-company-washington-2?adjust_creative=3XFlswbSIE7Ti6WzVie74g&utm_campaign=yelp_api_v3&utm_medium=api_v3_business_lookup&utm_source=3XFlswbSIE7Ti6WzVie74g"}
{"alias":"northsea-and-young-chow-washington","categories":[{"alias":"chinese","title":"Chinese"}],"coordinates":{"latitude":38.9224853516,"longitude":-77.0422897339},"display_phone":"","hours":[{"open":[{"is_overnight":false,"start":"0900","end":"2230","day":0},{"is_overnight":false,"start":"1100","end":"2230","day":1},{"is_overnight":false,"start":"1100","end":"2230","day":2},{"is_overnight":false,"start":"1100","end":"2230","day":3},{"is_overnight":false,"start":"1100","end":"2230","day":4},{"is_overnight":false,"start":"1100","end":"2300","day":5},{"is_overnight":false,"start":"1100","end":"2230","day":6}],"hours_type":"REGULAR","is_open_now":false}],"id":"Ir_HlNVq7CtMcXyfjsX_fQ","image_url":"https:\/\/s3-media1.fl.yelpcdn.com\/bphoto\/lkgCeXI0uUo3LciA1kVHKQ\/o.jpg","is_claimed":true,"is_closed":false,"location":{"address1":"2479 18th St NW","address2":"","address3":"","city":"Washington, DC","zip_code":"20009","country":"US","state":"DC","display_address":["2479 18th St NW","Washington, DC 20009"],"cross_streets":"N Columbia Rd & N Adams Mill Rd"},"name":"Northsea and Young Chow","phone":"","photos":["https:\/\/s3-media1.fl.yelpcdn.com\/bphoto\/lkgCeXI0uUo3LciA1kVHKQ\/o.jpg","https:\/\/s3-media3.fl.yelpcdn.com\/bphoto\/RLoUU9Ju4-cjsPOfPaZmJA\/o.jpg","https:\/\/s3-media4.fl.yelpcdn.com\/bphoto\/c7rQhuiY_MiI2GVhcAn8aw\/o.jpg"],"price":"$","rating":3.5,"review_count":3,"transactions":[],"url":"https:\/\/www.yelp.com\/biz\/northsea-and-young-chow-washington?adjust_creative=3XFlswbSIE7Ti6WzVie74g&utm_campaign=yelp_api_v3&utm_medium=api_v3_business_lookup&utm_source=3XFlswbSIE7Ti6WzVie74g"}
{"alias":"yums-ii-carryout-washington","categories":[{"alias":"chinese","title":"Chinese"},{"alias":"hotdogs","title":"Fast Food"}],"coordinates":{"latitude":38.909464,"longitude":-77.031757},"display_phone":"(202) 232-5608","hours":[{"open":[{"is_overnight":true,"start":"1100","end":"0400","day":0},{"is_overnight":true,"start":"1100","end":"0400","day":1},{"is_overnight":true,"start":"1100","end":"0400","day":2},{"is_overnight":true,"start":"1100","end":"0400","day":3},{"is_overnight":true,"start":"1100","end":"0500","day":4},{"is_overnight":true,"start":"1100","end":"0500","day":5},{"is_overnight":true,"start":"1200","end":"0100","day":6}],"hours_type":"REGULAR","is_open_now":true}],"id":"2aI5hO7hBotYjNZIiI1FdQ","image_url":"https:\/\/s3-media2.fl.yelpcdn.com\/bphoto\/C2eqRqyPLTp1qu5LIFcdEg\/o.jpg","is_claimed":true,"is_closed":false,"location":{"address1":"1413 14th St NW","address2":"","address3":"","city":"Washington, DC","zip_code":"20005","country":"US","state":"DC","display_address":["1413 14th St NW","Washington, DC 20005"],"cross_streets":"N Rhode Island Ave & N P St"},"name":"Yum's II Carryout","phone":"+12022325608","photos":["https:\/\/s3-media2.fl.yelpcdn.com\/bphoto\/C2eqRqyPLTp1qu5LIFcdEg\/o.jpg","https:\/\/s3-media4.fl.yelpcdn.com\/bphoto\/NTv9ZsFYZD0XDSFDufPxjQ\/o.jpg","https:\/\/s3-media2.fl.yelpcdn.com\/bphoto\/i7rlQJVnAYOdCkZgDpk_9Q\/o.jpg"],"price":"$","rating":3.5,"review_count":142,"transactions":[],"url":"https:\/\/www.yelp.com\/biz\/yums-ii-carryout-washington?adjust_creative=3XFlswbSIE7Ti6WzVie74g&utm_campaign=yelp_api_v3&utm_medium=api_v3_business_lookup&utm_source=3XFlswbSIE7Ti6WzVie74g"}
{"alias":"kanji-kana-restaurant-washington","categories":[{"alias":"japanese","title":"Japanese"},{"alias":"soup","title":"Soup"},{"alias":"thai","title":"Thai"}],"coordinates":{"latitude":38.9032384262,"longitude":-77.033613},"display_phone":"(202) 393-4545","hours":[{"open":[{"is_overnight":false,"start":"1130","end":"2100","day":0},{"is_overnight":false,"start":"1130","end":"2100","day":1},{"is_overnight":false,"start":"1130","end":"2100","day":2},{"is_overnight":false,"start":"1130","end":"2100","day":3},{"is_overnight":false,"start":"1130","end":"2100","day":4},{"is_overnight":false,"start":"1200","end":"2100","day":5},{"is_overnight":false,"start":"1200","end":"2100","day":6}],"hours_type":"REGULAR","is_open_now":false}],"id":"7glJ4rLoGgw9po62r0cTFA","image_url":"https:\/\/s3-media3.fl.yelpcdn.com\/bphoto\/RBADDFZldx_UeW9_DE9SYg\/o.jpg","is_claimed":false,"is_closed":false,"location":{"address1":"1018 Vermont Ave NW","address2":"Fl 3","address3":null,"city":"Washington, DC","zip_code":"20005","country":"US","state":"DC","display_address":["1018 Vermont Ave NW","Fl 3","Washington, DC 20005"],"cross_streets":"N K St & N 15th St"},"name":"Kanji Kana Restaurant","phone":"+12023934545","photos":["https:\/\/s3-media3.fl.yelpcdn.com\/bphoto\/RBADDFZldx_UeW9_DE9SYg\/o.jpg","https:\/\/s3-media2.fl.yelpcdn.com\/bphoto\/0Acwo7AYVgrpmSmIcNAyVQ\/o.jpg","https:\/\/s3-media1.fl.yelpcdn.com\/bphoto\/CRqsaqQU1WH4rEaLWBsREg\/o.jpg"],"price":"$$","rating":3.5,"review_count":54,"transactions":["pickup","delivery"],"url":"https:\/\/www.yelp.com\/biz\/kanji-kana-restaurant-washington?adjust_creative=3XFlswbSIE7Ti6WzVie74g&utm_campaign=yelp_api_v3&utm_medium=api_v3_business_lookup&utm_source=3XFlswbSIE7Ti6WzVie74g"}
{"alias":"12th-st-korean-truck-no-title","categories":[{"alias":"korean","title":"Korean"},{"alias":"foodstands","title":"Food Stands"}],"coordinates":{"latitude":38.898619,"longitude":-77.027888},"display_phone":"","hours":null,"id":"GD4QOboiYcXUKbFw5DvjbA","image_url":"https:\/\/s3-media2.fl.yelpcdn.com\/bphoto\/8kLF59cmaVQyGxu6x_Mzdw\/o.jpg","is_claimed":false,"is_closed":false,"location":{"address1":"Metro Center Station","address2":"","address3":"","city":"Washington, DC","zip_code":"20001","country":"US","state":"DC","display_address":["Metro Center Station","Washington, DC 20001"],"cross_streets":""},"name":"12th St Korean Truck","phone":"","photos":["https:\/\/s3-media2.fl.yelpcdn.com\/bphoto\/8kLF59cmaVQyGxu6x_Mzdw\/o.jpg","https:\/\/s3-media3.fl.yelpcdn.com\/bphoto\/cuBYDmxxhMPDGo8gEOibFg\/o.jpg","https:\/\/s3-media1.fl.yelpcdn.com\/bphoto\/MXNCNE3LVpf-_URsMirYhQ\/o.jpg"],"price":null,"rating":4.0,"review_count":1,"transactions":[],"url":"https:\/\/www.yelp.com\/biz\/12th-st-korean-truck-no-title?adjust_creative=3XFlswbSIE7Ti6WzVie74g&utm_campaign=yelp_api_v3&utm_medium=api_v3_business_lookup&utm_source=3XFlswbSIE7Ti6WzVie74g"}
{"alias":"muzette-karaoke-and-restaurant-washington","categories":[{"alias":"karaoke","title":"Karaoke"},{"alias":"korean","title":"Korean"}],"coordinates":{"latitude":38.9198499,"longitude":-77.04143},"display_phone":"(202) 758-2971","hours":[{"open":[{"is_overnight":true,"start":"1700","end":"0130","day":1},{"is_overnight":true,"start":"1700","end":"0130","day":2},{"is_overnight":true,"start":"1700","end":"0130","day":3},{"is_overnight":true,"start":"1700","end":"0230","day":4},{"is_overnight":true,"start":"1700","end":"0230","day":5},{"is_overnight":true,"start":"1700","end":"0130","day":6}],"hours_type":"REGULAR","is_open_now":false}],"id":"t1Y6dtzifSaGfT2vZuAPJg","image_url":"https:\/\/s3-media2.fl.yelpcdn.com\/bphoto\/M390ax02EhALIHgxVRbK2w\/o.jpg","is_claimed":true,"is_closed":false,"location":{"address1":"2305 18th St NW","address2":"","address3":"Basement","city":"Washington, DC","zip_code":"20009","country":"US","state":"DC","display_address":["2305 18th St NW","Basement","Washington, DC 20009"],"cross_streets":"N Belmont Rd & N Kalorama Rd"},"name":"Muzette Karaoke & Restaurant","phone":"+12027582971","photos":["https:\/\/s3-media2.fl.yelpcdn.com\/bphoto\/M390ax02EhALIHgxVRbK2w\/o.jpg","https:\/\/s3-media2.fl.yelpcdn.com\/bphoto\/1YUtide5F6u8b4Do24nEjw\/o.jpg","https:\/\/s3-media2.fl.yelpcdn.com\/bphoto\/7fQXoM1zCikOqgcsHcX7fw\/o.jpg"],"price":"$$","rating":3.0,"review_count":150,"transactions":[],"url":"https:\/\/www.yelp.com\/biz\/muzette-karaoke-and-restaurant-washington?adjust_creative=3XFlswbSIE7Ti6WzVie74g&utm_campaign=yelp_api_v3&utm_medium=api_v3_business_lookup&utm_source=3XFlswbSIE7Ti6WzVie74g"}
{"alias":"naan-and-beyond-washington-8","categories":[{"alias":"indpak","title":"Indian"}],"coordinates":{"latitude":38.89866,"longitude":-77.0399599},"display_phone":"(202) 347-4555","hours":null,"id":"jplt0sUNGKmtckjoXqD7yw","image_url":"https:\/\/s3-media2.fl.yelpcdn.com\/bphoto\/IsFkha-fYTJsjCEPy_JS-A\/o.jpg","is_claimed":false,"is_closed":false,"location":{"address1":"1700 Pennsylvania Ave NW","address2":"","address3":null,"city":"Washington, DC","zip_code":"20006","country":"US","state":"DC","display_address":["1700 Pennsylvania Ave NW","Washington, DC 20006"],"cross_streets":"N 18th St & N 17th St"},"name":"Naan & Beyond","phone":"+12023474555","photos":["https:\/\/s3-media2.fl.yelpcdn.com\/bphoto\/IsFkha-fYTJsjCEPy_JS-A\/o.jpg","https:\/\/s3-media3.fl.yelpcdn.com\/bphoto\/eqXXvH7F5V7-J2eS4c3Mbw\/o.jpg"],"price":"$$","rating":2.0,"review_count":21,"transactions":["pickup"],"url":"https:\/\/www.yelp.com\/biz\/naan-and-beyond-washington-8?adjust_creative=3XFlswbSIE7Ti6WzVie74g&utm_campaign=yelp_api_v3&utm_medium=api_v3_business_lookup&utm_source=3XFlswbSIE7Ti6WzVie74g"}
{"alias":"dhaba-meals-on-wheels-washington","categories":[{"alias":"indpak","title":"Indian"},{"alias":"pakistani","title":"Pakistani"},{"alias":"foodtrucks","title":"Food Trucks"}],"coordinates":{"latitude":38.8887357,"longitude":-77.0219007},"display_phone":"(703) 501-0188","hours":[{"open":[{"is_overnight":false,"start":"1000","end":"1600","day":0},{"is_overnight":false,"start":"1000","end":"1600","day":1},{"is_overnight":false,"start":"1000","end":"1600","day":2},{"is_overnight":false,"start":"1000","end":"1600","day":3},{"is_overnight":false,"start":"1000","end":"1600","day":4},{"is_overnight":false,"start":"1000","end":"1600","day":5},{"is_overnight":false,"start":"1000","end":"1600","day":6}],"hours_type":"REGULAR","is_open_now":false}],"id":"5NbnD7gqzcmQ-qUjOKICnw","image_url":"https:\/\/s3-media4.fl.yelpcdn.com\/bphoto\/we7XM7yNEGrW83qIlwUvQQ\/o.jpg","is_claimed":true,"is_closed":false,"location":{"address1":"7TH St SW","address2":"7th st, EW","address3":"","city":"Washington, DC","zip_code":"20004","country":"US","state":"DC","display_address":["7TH St SW","7th st, EW","Washington, DC 20004"],"cross_streets":""},"name":"Dhaba Meals on Wheels","phone":"+17035010188","photos":["https:\/\/s3-media4.fl.yelpcdn.com\/bphoto\/we7XM7yNEGrW83qIlwUvQQ\/o.jpg","https:\/\/s3-media2.fl.yelpcdn.com\/bphoto\/1rNyIL3g2eN5YqajjIAw9w\/o.jpg","https:\/\/s3-media2.fl.yelpcdn.com\/bphoto\/TWO_ugFwGUXrccApfVWkmA\/o.jpg"],"price":null,"rating":2.0,"review_count":1,"transactions":[],"url":"https:\/\/www.yelp.com\/biz\/dhaba-meals-on-wheels-washington?adjust_creative=3XFlswbSIE7Ti6WzVie74g&utm_campaign=yelp_api_v3&utm_medium=api_v3_business_lookup&utm_source=3XFlswbSIE7Ti6WzVie74g"}
{"alias":"el-tamarindo-washington","categories":[{"alias":"mexican","title":"Mexican"},{"alias":"salvadoran","title":"Salvadoran"}],"coordinates":{"latitude":38.91722,"longitude":-77.04127},"display_phone":"(202) 328-3660","hours":[{"open":[{"is_overnight":true,"start":"1000","end":"0200","day":0},{"is_overnight":true,"start":"1000","end":"0200","day":1},{"is_overnight":true,"start":"1000","end":"0200","day":2},{"is_overnight":true,"start":"1000","end":"0200","day":3},{"is_overnight":true,"start":"1000","end":"0500","day":4},{"is_overnight":true,"start":"1000","end":"0500","day":5},{"is_overnight":true,"start":"1000","end":"0200","day":6}],"hours_type":"REGULAR","is_open_now":true}],"id":"5wh89QklnvW7cs-I4oqEZg","image_url":"https:\/\/s3-media1.fl.yelpcdn.com\/bphoto\/ZqxuYCDb--NEQvZyYOki9w\/o.jpg","is_claimed":true,"is_closed":false,"location":{"address1":"1785 Florida Ave NW","address2":"","address3":"","city":"Washington, DC","zip_code":"20009","country":"US","state":"DC","display_address":["1785 Florida Ave NW","Washington, DC 20009"],"cross_streets":"N 18th St & N U St"},"name":"El Tamarindo","phone":"+12023283660","photos":["https:\/\/s3-media1.fl.yelpcdn.com\/bphoto\/ZqxuYCDb--NEQvZyYOki9w\/o.jpg","https:\/\/s3-media1.fl.yelpcdn.com\/bphoto\/N-gdN_4967AiZukOQvoobg\/o.jpg","https:\/\/s3-media1.fl.yelpcdn.com\/bphoto\/CoE2sY2f_T5j1o5T7pbRsw\/o.jpg"],"price":"$$","rating":3.5,"review_count":402,"transactions":["pickup","delivery"],"url":"https:\/\/www.yelp.com\/biz\/el-tamarindo-washington?adjust_creative=3XFlswbSIE7Ti6WzVie74g&utm_campaign=yelp_api_v3&utm_medium=api_v3_business_lookup&utm_source=3XFlswbSIE7Ti6WzVie74g"}
{"alias":"dulcinea-bar-and-grill-washington-3","categories":[{"alias":"mexican","title":"Mexican"}],"coordinates":{"latitude":38.9248263038,"longitude":-77.022523512},"display_phone":"(202) 265-0868","hours":[{"open":[{"is_overnight":false,"start":"1100","end":"2200","day":0},{"is_overnight":false,"start":"1100","end":"2200","day":1},{"is_overnight":false,"start":"1100","end":"2200","day":2},{"is_overnight":false,"start":"1100","end":"2200","day":3},{"is_overnight":false,"start":"1100","end":"2300","day":4},{"is_overnight":false,"start":"1100","end":"2300","day":5},{"is_overnight":false,"start":"1100","end":"2000","day":6}],"hours_type":"REGULAR","is_open_now":false}],"id":"RT_M-L75XZ3BBzTGP1HYPQ","image_url":"https:\/\/s3-media3.fl.yelpcdn.com\/bphoto\/plpDpoGc_cpzoMJ9yeZUig\/o.jpg","is_claimed":true,"is_closed":false,"location":{"address1":"2618 Georgia Ave NW","address2":"","address3":"","city":"Washington, DC","zip_code":"20001","country":"US","state":"DC","display_address":["2618 Georgia Ave NW","Washington, DC 20001"],"cross_streets":"N Fairmont St & N Euclid St"},"name":"Dulcinea Bar & Grill","phone":"+12022650868","photos":["https:\/\/s3-media3.fl.yelpcdn.com\/bphoto\/plpDpoGc_cpzoMJ9yeZUig\/o.jpg","https:\/\/s3-media2.fl.yelpcdn.com\/bphoto\/Cq8pgmISfvVGLPft1TiT6Q\/o.jpg","https:\/\/s3-media3.fl.yelpcdn.com\/bphoto\/7Blczqaotyp8ZJgTObIs8w\/o.jpg"],"price":"$$","rating":3.5,"review_count":105,"transactions":["delivery","pickup"],"url":"https:\/\/www.yelp.com\/biz\/dulcinea-bar-and-grill-washington-3?adjust_creative=3XFlswbSIE7Ti6WzVie74g&utm_campaign=yelp_api_v3&utm_medium=api_v3_business_lookup&utm_source=3XFlswbSIE7Ti6WzVie74g"}
{"alias":"lupo-verde-washington","categories":[{"alias":"italian","title":"Italian"},{"alias":"bars","title":"Bars"},{"alias":"pizza","title":"Pizza"}],"coordinates":{"latitude":38.9156693117,"longitude":-77.0321597823},"display_phone":"(202) 827-4752","hours":[{"open":[{"is_overnight":true,"start":"1700","end":"0200","day":0},{"is_overnight":true,"start":"1700","end":"0200","day":1},{"is_overnight":true,"start":"1700","end":"0200","day":2},{"is_overnight":true,"start":"1700","end":"0200","day":3},{"is_overnight":true,"start":"1700","end":"0300","day":4},{"is_overnight":false,"start":"1030","end":"1530","day":5},{"is_overnight":true,"start":"1700","end":"0300","day":5},{"is_overnight":false,"start":"1030","end":"1530","day":6},{"is_overnight":true,"start":"1700","end":"0200","day":6}],"hours_type":"REGULAR","is_open_now":true}],"id":"3Zu6NdKTR9fLfeldVwkWCw","image_url":"https:\/\/s3-media4.fl.yelpcdn.com\/bphoto\/JdDBQv1n9I0jhcDn-Zri8A\/o.jpg","is_claimed":true,"is_closed":false,"location":{"address1":"1401 T St NW","address2":"","address3":"","city":"Washington, DC","zip_code":"20009","country":"US","state":"DC","display_address":["1401 T St NW","Washington, DC 20009"],"cross_streets":"N Waverly Ter & N 14th St"},"name":"Lupo Verde","phone":"+12028274752","photos":["https:\/\/s3-media4.fl.yelpcdn.com\/bphoto\/JdDBQv1n9I0jhcDn-Zri8A\/o.jpg","https:\/\/s3-media3.fl.yelpcdn.com\/bphoto\/FEAGfgUz668d6tAMbqd0pw\/o.jpg","https:\/\/s3-media2.fl.yelpcdn.com\/bphoto\/bSxoHgT6z7Gbz-LeImDciw\/o.jpg"],"price":"$$$","rating":3.5,"review_count":520,"transactions":[],"url":"https:\/\/www.yelp.com\/biz\/lupo-verde-washington?adjust_creative=3XFlswbSIE7Ti6WzVie74g&utm_campaign=yelp_api_v3&utm_medium=api_v3_business_lookup&utm_source=3XFlswbSIE7Ti6WzVie74g"}