{"id": "9TO5_qZf5SjRsLLpVnZBcg", "text": ["I am ashamed that I have lived in DC for 4 years, working a majority of that time working in hospitals in NE, and had never heard of Deli City.  Thankfully,...", "Great service, fast, and really good comfort foods. The ladies are very welcoming to all. The drink refills were welcomed on a day when I was a little dry....", "Best pastrami sandwich in DC....by a landslide! A few other places had a decent one (like now closed On Rye in Chinatown), but they were always overpriced..."], "rating": [5, 5, 5], "TBscore": [0.0, 0.0, 0.0], "normalisedRating": [1.0, 1.0, 1.0], "keywords": [["deli"], [], ["sandwich"]]}
{"id": "w_SHdzDvRF05ivJUXJ9m5Q", "text": ["&pizza was a great experience for my family tonight. The pizzas are personal sized and toppings are unlimited.\n\nThe sodas are delicious, don't let the names...", "They're just so slow and inefficient, but it's &pizza so it's always good. Today, the woman behind the register called on me to pay before my pizza was...", "I have been to this location three or four times and it's always messy. There were five people behind the counter but the service was really slow on a..."], "rating": [5, 3, 2], "TBscore": [0.6, 0.0, 0.0], "normalisedRating": [1.0, 0.2, -0.2], "keywords": [["pizza"], ["pizza"], []]}
{"id": "5jm24Vd5WRY-6HN1gD41rw", "text": ["I chose this place for a friend's bridal shower. We opted to take the 2 hour chocolate making course, and it was a huge success. Ismael was entertaining,...", "My husband and I were brainstorming ideas for wedding favors. We stumbled across Chocotenango's stand at an open air market. It was love at first bite. We...", "We ordered chocolate bon bons for a corporate event and gave the four piece boxes away as gifts. Chocolates were delicious and extremely well received by..."], "rating": [5, 5, 5], "TBscore": [0.0, 0.0, 0.0], "normalisedRating": [1.0, 1.0, 1.0], "keywords": [[], [], []]}
{"id": "BjBCJmsUpyk53yEcH-duNg", "text": ["This little neighborhood spot is great for breakfast. Met a colleague here for an early morning meeting. Everything was cooked to order- grits, bacon,...", "Here from the West Coast for a wedding. Stumbled upon this place. Was first a little apprehensive. Will there was no reason for it. The breakfast was odd...", "I had time to kill before a meeting so figured I would give this place a try. For 8.75 I received a plate full of yummy French toast, 2 sausage patties, and..."], "rating": [4, 5, 5], "TBscore": [0.24, 0.0, 0.0], "normalisedRating": [0.6, 1.0, 1.0], "keywords": [["breakfast"], ["breakfast"], []]}
{"id": "nOe1wh80_EIdrwYNCT_2fg", "text": ["I was pretty skeptical about this place since my experience with other assembly line food prep places has been hit or miss but I was pleasantly surprised....", "This location is located next to Roti and Shake Shack and across from Chipotle and Chop't. \n\nBut for me, price and taste wise it always comes down to the...", "The high price of rent in Union Station has weeded out all the restaurants that aren't chains, I believe.  CAVA seems to be thriving in the besided a..."], "rating": [5, 4, 2], "TBscore": [0.0, 0.0, 0.0], "normalisedRating": [1.0, 0.6, -0.2], "keywords": [[], [], []]}
{"id": "wwaLUZAeeDrYgjenSEXdKQ", "text": ["Came here after work for a happy hour and was pleasantly surprised. I had no reference level for what to expect but the atmosphere was good and the food was...", "Solid brunch spot! After a running a race on a cold, rainy Saturday, it was such a treat to grab an early brunch at the Liberty Tavern. We made a...", "Insanely salty salumeria pizza\n\nalso got the fried chicken sandwich which states that there's a jalape\u00f1o/pickle slaw and I asked for no slaw but jalape\u00f1o..."], "rating": [4, 4, 3], "TBscore": [0.0, 0.0, -0.8], "normalisedRating": [0.6, 0.6, 0.2], "keywords": [[], ["brunch"], ["chicken", "sandwich"]]}
{"id": "ile0JPCAzt3Oz4i9NfXT4w", "text": ["Nice local spot with delicious craft cocktails and authentic Greeks tapas full of rich spices. I enjoyed the flavorful Bharat hot chocolate with peppery...", "I've been here several times for dinner/lunch but brunch today was a first timer. \n\nI have to say that my experience at this place has been wonderful. This...", "Just sitting at the bar and looking outside with all the h-street craziness going on but yet I'm sitting at a totally relaxed bar with absolutely no worries..."], "rating": [5, 5, 5], "TBscore": [0.0, 0.42, 0.0], "normalisedRating": [1.0, 1.0, 1.0], "keywords": [[], ["brunch"], ["bar"]]}
{"id": "3AGZuiT_wrZbywBgQK81Gg", "text": ["I've now been twice for brunch, one happy hour they catered, and for drinks at the bar and they were all good!\n\nThe happy hour was outside of the restaurant...", "My Partner In Munch & I found this spot due to an internet search. We enjoyed...\n\nConcord Grape French Toast : It presented as a loaf.  Dense, moist and...", "Well, first of all, that's not your father's U St, NE.  We parked on the street within a few minutes of DC Harvest, and my how the area changed.\n\nDC Harvest..."], "rating": [5, 4, 5], "TBscore": [0.62, 0.0, 0.0], "normalisedRating": [1.0, 0.6, 1.0], "keywords": [["brunch", "bar"], [], []]}
{"id": "JmSYUnSD5GSRf6ajj4MjkQ", "text": ["We order the same thing every time we go to Kingbird for the Pre-theater dinner. Price $55 per person for three courses.\n\nPeekytoe Crab Fritter\navocado...", "The first time I had gone to Kingbird, we did the high tea in an igloo. We were excited, we dressed up with fascinators and gloves prepared for high tea at...", "The ambiance is beautiful. But the service was weird. We were told they didn't have enough menus (huh?) even though the restaurant was half full and..."], "rating": [5, 3, 2], "TBscore": [0.0, 0.0, 0.0], "normalisedRating": [1.0, 0.2, -0.2], "keywords": [["dinner"], [], []]}
{"id": "Xg6dfLIy2egYXMvHdzO18Q", "text": ["Great little cafe on capital hill. Stopped in on a quiet weekday morning only took 5 minutes to get my order made and it taste delicious and didn't break...", "Cafe Bliss is one of the closest coffee shops/delis to Union Station without being inside of it. It's just off of Mass Ave around the corner from Union Pub....", "I rarely review places on yelp as most places offer great customer service. But the owners here need serious help in that department. While the food and..."], "rating": [5, 3, 1], "TBscore": [0.0, 0.0, 0.0], "normalisedRating": [1.0, 0.2, -0.6], "keywords": [[], [], []]}
{"id": "QXpcLRQT3Ir7-8OLuhBz0A", "text": ["So cute! Great service and love the wine on tap! We came during happy hour and there was live music- and the staff was super nice. My new go-to!", "This bar/restaurant technically isn't open yet, there was a very very soft launch last night 11/13/18, with a larger opening party this Saturday 11/17/18....", "Great vibes. Great interior. Friendly staff. Great happy hour! It's a nice mix of cozy and industrial feel. Great for after work happy hour to take the edge..."], "rating": [5, 4, 5], "TBscore": [0.0, 0.0, 0.0], "normalisedRating": [1.0, 0.6, 1.0], "keywords": [[], [], []]}
{"id": "y0JPF3B_E14Wj7JcNxHdXQ", "text": ["The yummiest. One of the best meals I've had in DC.\n\nWe came with a lunch reservation during the week, which I didn't need - the place was almost empty.\n\nWe...", "Stopped by for brunch with three friends on a Saturday around 12:30. They have an all you can eat brunch deal for $35 that comes with discounted drinks...", "I've been here twice now, for happy hour and for dinner, and I have mixed reviews. Cava Mezze is the sit-down counterpart to fast-casual mediterranean joint..."], "rating": [5, 4, 3], "TBscore": [0.45, 0.0, 0.4], "normalisedRating": [1.0, 0.6, 0.2], "keywords": [["lunch"], ["brunch"], ["dinner"]]}
{"id": "spBkfumTxXwpVR5-Dwy7bg", "text": ["It shouldn't have taken me so long to come here because oh my goodness it is spectacular. I used to live in DC - right down the street from this restaurant...", "Mi Cuba Cafe is a cozy restaurant, with warm decor, and intimate seating. They have a few options for appetizers around (~$6/each) and large variety of...", "This is a very cute little place located in Columbia Heights next to the Target store on Park Rd.  I was looking for a near authentic Cuban cuisine and Mi..."], "rating": [5, 4, 5], "TBscore": [0.0, 0.0, 0.0], "normalisedRating": [1.0, 0.6, 1.0], "keywords": [[], [], []]}
{"id": "zYkpesNFfBXwTEQEIUcvlw", "text": ["So, to start, I have to debunk a few tropes on this thread of reviews.  \n\nFirst, it's simply uninformed to claim that DC (or the DC area) has no or very...", "Organic doesn't mean quality. The General Tso Chicken uses a flavorless radioactive looking fluorescent orange colored sweet and sour sauce.  (If I wanted...", "We recently moved here so we decided to try this place out. It was clean, and our server was kind. Our appetizer came out first, and it was hot and tasted..."], "rating": [5, 1, 3], "TBscore": [0.0, 0.0, 0.0], "normalisedRating": [1.0, -0.6, 0.2], "keywords": [[], ["chicken"], []]}
{"id": "7eko53Pj_M--C50moQz8bA", "text": ["I came here for the hand pulled noodles, which did not disappoint! We were a group of five, and we all ordered the korma chop noodles. Noodles were...", "Much of the food was excellent, even though the service was a little slow.  See below for my thoughts on food.\n\nI'd recommend the following dishes:\n\nSEVEN...", "Chinese noodles is literally one of my favorite food groups, so I've been wanting to try this place for a while, since I really like the food I had at Queen..."], "rating": [4, 4, 4], "TBscore": [0.0, 0.0, 0.23], "normalisedRating": [0.6, 0.6, 0.6], "keywords": [[], [], ["chineese"]]}
{"id": "YFq_vC0QiZb-qXONM3SDJg", "text": ["Pretty authentic and tasty place! When I arrived on a Saturday night, there was a short wait which I indicate as the sign of a good restaurant. The staff...", "This place is the home-cooked food spot for Japanese dishes. \n\nThis location is Japanese owned, and a lot of the staff is Japanese as well. It has a nice...", "Amazing and popular Japanese restaurant with high quality dishes, cozy atmosphere, and decent prices.  We have been here several times and it does not..."], "rating": [5, 3, 5], "TBscore": [0.0, 0.0, 0.0], "normalisedRating": [1.0, 0.2, 1.0], "keywords": [[], ["japanese"], ["japanese"]]}
{"id": "fWvMfg5TVXJZsor30VEA5g", "text": ["Great hidden gem and in the fairly rundown Glenmont shopping center, and you have to look closely because the sign is not only small, but in Korean with no...", "Came here for a second visit. This time we only did carry out. The staff here is very friendly. She will willing to answer any of your questions in case you...", "Nice traditional Korean food, serving fast and friendly. We had seafood pancake and bone soup, both are very good. 2 people check in provided us free kimchi..."], "rating": [5, 4, 5], "TBscore": [0.0, 0.0, 0.41], "normalisedRating": [1.0, 0.6, 1.0], "keywords": [["korean"], [], ["korean"]]}
{"id": "g5dSvFcE560E0ieZt-08Yg", "text": ["So damn good!  Great to see a local DC chain expanding into College Park!\n\nI ordered the klassic rice bowl with chicken and it was delicious!  Highly...", "Food is a bit mediocre, but it's not too expensive so it's not a complete ripoff. The flavors are there and I like all the vegetables you can add to your...", "Very cool and modern \"chipotle-style\" korean chain. They offer traditional styles of Korean cuisine in the form of rice bowls (bibimbap;) and lettuce bowls..."], "rating": [5, 3, 3], "TBscore": [0.37, 0.0, 0.23], "normalisedRating": [1.0, 0.2, 0.2], "keywords": [["chicken"], [], ["korean"]]}
{"id": "W_GBVQipa5JnIYbTkKdlRg", "text": ["We came in for dinner on a weeknight and ordered the chicken curry and chicken tikka masala based off other reviews and as always, chicken tikka masala...", "- Authentic Indian Food\n- Weekend Buffet for $15. Totally worth it. I have mostly been there for buffets\n- The Chicken and Lamb Biryani is a must...", "Stopped by for lunch. Didn't have time to sit in so decided to take out from Buffet. $8.99 per pound, sure. The gentleman hands me over a container weighs..."], "rating": [4, 4, 2], "TBscore": [-0.48, 0.0, 0.5], "normalisedRating": [0.6, 0.6, -0.2], "keywords": [["chicken", "dinner"], ["chicken", "indian"], ["lunch"]]}
{"id": "WmEsbfEJn5WZ0D8dViYT8w", "text": ["This place is a vegetarian's delight. Amazing spread of vegetarian dishes. They serve a great combination of north and South Indian vegetarian cuisines....", "A decent Indian restaurant with nice variety of vegetarian options.  Would definitely go again.\n\nBut... the men working there, the servers, are the...", "Woodlands has been on my radar for ages.  I love Indian food and meat free meals really make me feel good.  I do think it's all mental so I am not getting..."], "rating": [5, 3, 3], "TBscore": [0.7, 0.26, 0.34], "normalisedRating": [1.0, 0.2, 0.2], "keywords": [["indian"], ["indian"], ["indian"]]}
{"id": "ty8X9wdAzzcShY9PgBDmgQ", "text": ["The portions are big enough that you have a good meal, and not too big that you regret ordering the dish.  I had the chicken with Mike and it was great! As...", "I've been at this place for happy hour once and it is a solid place to do just that after a long day of work! The great thing about this place is that there...", "A decent place to get a contemporary \"Tex-Mex\" meal. The atmosphere was incredibly trendy and waitstaff were inviting. Although I'm not thoroughly impressed..."], "rating": [5, 4, 3], "TBscore": [0.0, 0.0, 0.0], "normalisedRating": [1.0, 0.6, 0.2], "keywords": [["chicken"], [], []]}
{"id": "YtHrFJkK3AB3p8CwZNkc_A", "text": ["Delicious inexpensive pupusas!! Fantastic service.  Came here 2 times, the first time my boyfriend and I are in. He had a chicken sandwich which he said was...", "Stopped by here today, and was the best decision ever made. At first, I was skeptical because there was no other diners in the restaurant, but after taking...", "Great place. Got takeout for my wife and I. She loved her salmon tacos. My burrito was pretty good. Chicken Quesadilla was good for supper as well as..."], "rating": [4, 5, 4], "TBscore": [0.26, 0.0, 0.42], "normalisedRating": [0.6, 1.0, 0.6], "keywords": [["chicken", "sandwich"], [], ["chicken", "tacos"]]}
{"id": "f8yhqmQvqTD7B7ygqWkPKw", "text": ["more of a take-out place, but is my go-to spot for peruvian chicken. their yucca fries are fire and the sauces are on point. very cheap and filling!", "Love love love this place. I was with four other teachers who were craving Latin food, and this was the perfect place to enjoy each other's company as well...", "Food plus the service could use some flavor.  I ordered a steak sandwich with no cheese to find the taste blend too much for me.  As I was in there: the..."], "rating": [4, 4, 1], "TBscore": [0.0, 0.0, 0.0], "normalisedRating": [0.6, 0.6, -0.6], "keywords": [["chicken"], [], ["steak", "sandwich"]]}
{"id": "u4LYeEzX4UFpV1B2JiEDkw", "text": ["Confused by the mixed reviews here. Their coffee was delicious and prepared to exact specifications. They had oat milk for me (lactose intolerant) which was...", "I LOVE THIS GREGORYS! I used to frequent a Gregorys on my way to work in New York so I was excited when this location opened up. I have to say, I'm happy...", "The service I received was excellent--the cashier was attentive, friendly, fast, efficient, well groomed, and helpful. There were very few people inside the..."], "rating": [5, 5, 5], "TBscore": [0.0, 0.0, 0.0], "normalisedRating": [1.0, 1.0, 1.0], "keywords": [[], [], []]}
{"id": "zaVNp1o-VKOzIzkbZz2BSQ", "text": ["Excellent food and pies. Visited during recent family trip in DC. Tried the bougatsa with vanilla cream and enjoyed the freshness and flavor. Seems thay...", "Not sure what the hype is about this place. First off let's talk about the food. I got the feta pie and baklava. The feta pie was very sub par, I've had...", "I would've liked to have been able to try the food and write a proper review for this place but, alas, it was closed on a weekday at 10:00 a.m., which I..."], "rating": [5, 1, 1], "TBscore": [0.0, 0.0, 0.0], "normalisedRating": [1.0, -0.6, -0.6], "keywords": [[], [], []]}
{"id": "OEwylmQ6aI8o8lPi5eD2fg", "text": ["I'm so glad Arepa Zone is sharing Venezuelan cuisine with the neighborhood! The service is fast, the staff are friendly, and the menu is big enough to make...", "After 2 years of stalking their food truck and making special trips to their stall at Union Market, I'm so happy Arepa Zone has introduced their permanent...", "Went here on a whim based on the suggestion of a fellow foodie. Per its name, Arepa Zone specializes in arepas, patacones, and other similar Venezuelan..."], "rating": [5, 4, 4], "TBscore": [0.0, 0.0, 0.0], "normalisedRating": [1.0, 0.6, 0.6], "keywords": [[], [], []]}
{"id": "fKpAub7ReemqznFm00oaGA", "text": ["Wonderful brunch on a lazy Sunday afternoon that I was not expecting! I've been here many times for HH drinks, but somehow I never thought of this place as...", "This is a very cute place, great for dates. Wide variety of wines and offer charcuterie and cheese boards to pair. We were on the DC Fray Wine Walk, and...", "Given the great reviews, my expectations were high and I was a bit disappointed. \n 4 stars: bright and cheerful ambiance, good service, a food was tasty\n2..."], "rating": [5, 4, 3], "TBscore": [0.4, 0.0, 0.0], "normalisedRating": [1.0, 0.6, 0.2], "keywords": [["brunch"], [], []]}
{"id": "fobDFSDkjsichr9B4yBE2Q", "text": ["This spot is totes my jam! \n\nFrom the moment I walked in, I knew the vibe was perfect for a laid back, happy hour vibe and an overdue catch up with one of...", "This seems to be one of H St.'s best kept secrets and I'm super glad I found it. Not only is this place super chill, there is plenty to do including games...", "Service has really gone downhill, sadly. I've been sitting here with an empty glass for a very long time and can't get so much as a second look from a..."], "rating": [4, 5, 3], "TBscore": [0.0, 0.0, 0.0], "normalisedRating": [0.6, 1.0, 0.2], "keywords": [[], [], []]}
{"id": "JRI2e5wMq4-HqVt4LRGmnQ", "text": ["First visit and really enjoyed elements of some of the dishes and the vibe is energetic.\n\nSTARTER:\nBeer Battered Cheese Curds with spicy ranch - $8\n*I've...", "Great restaurant near the Shaw area in DC. This was my first time here and I absolutely loved it. The ambiance is rustic and quite elegant at the same time....", "4.5 stars. I'm not even a huge beer fan but I found things to love here. The Tona was AMAZING - spicy and slightly sour. Everyone seemed to be able to find..."], "rating": [4, 5, 5], "TBscore": [0.0, 0.0, 0.0], "normalisedRating": [0.6, 1.0, 1.0], "keywords": [[], [], []]}
{"id": "Ir_HlNVq7CtMcXyfjsX_fQ", "text": ["Pretty decent maki.  Fast enough service. Totally dead on an early Friday evening. Lots of options with cream cheese in them if that gives you an idea of...", "I ordered the general tsaos chicken poke bowl and crab rangoons and I spent 30 dollars - this was AWFUL! The crab Rangoons were STALE and the chicken wasn't...", "Ate at this place with the family and my girlfriend. The food is good with good service at the table. And I would really come back to this place and order..."], "rating": [4, 1, 5], "TBscore": [0.0, -0.46, 0.0], "normalisedRating": [0.6, -0.6, 1.0], "keywords": [[], ["chicken"], []]}
{"id": "2aI5hO7hBotYjNZIiI1FdQ", "text": ["I get take out from here all the time. This is a turn and burn place. You order and it's literally ready in ten minutes - fifteen max. \n\nFood fried is...", "The best egg rolls!!!\n\nI ordered the shrimp lo mein. I wish I would've just skipped the lo mein and just ordered a bunch of egg rolls. The lo mein wasn't...", "I saw a short documentary about Mambo Sauce on YouTube and I had to get some. Apparently, if you've never had Mambo Sauce, you've never been to D.C. So,..."], "rating": [5, 3, 3], "TBscore": [0.0, 1.0, 0.0], "normalisedRating": [1.0, 0.2, 0.2], "keywords": [[], ["egg"], []]}
{"id": "7glJ4rLoGgw9po62r0cTFA", "text": ["This is a favorite lunch spot of mine and a solid ramen option near McPherson Square. It's on the second floor and the owners recently did a renovation to...", "Kanji Kana sells an average bowl of ramen at the price of an excellent bowl of ramen. \n\nI ordered tonkotsu ramen with chashu and added an egg, which came...", "I went a few times and tried both the ramen and tonkatsu bowl. I was already disappointed with the ramen the first time but wanted to give the other items a..."], "rating": [4, 2, 2], "TBscore": [0.0, 0.42, 0.0], "normalisedRating": [0.6, -0.2, -0.2], "keywords": [["lunch"], ["egg"], []]}
{"id": "t1Y6dtzifSaGfT2vZuAPJg", "text": ["Love the atmosphere! The staff is friendly and the food is boooomb! Do you like good portions? Eat here! Do you like flavor? Eat Here! Do you like great...", "The only reason anyone should come here is for karaoke. The food is average and over priced and the service is average at best.  The karaoke is very pricey....", "Muzette was definitely an enjoyable experience. My friends and I visited briefly just to stall time for another event but ended up wanting to extend our..."], "rating": [5, 3, 5], "TBscore": [0.0, 0.0, 0.0], "normalisedRating": [1.0, 0.2, 1.0], "keywords": [[], [], []]}
{"id": "jplt0sUNGKmtckjoXqD7yw", "text": ["The food is delicious and well-priced for the portion sizes! The butter chicken was to-die-for, the rice was tasty, and the lentils and lamb curry were...", "The food was excellent and the management were extremely accommodating, explaining their slightly different take on some of the classic Indian dishes that...", "Wow. This was just awful. I paid HOW much for that? Didn't even get the naan that was part of my combo, though from other reviews it seems maybe that was a..."], "rating": [5, 4, 1], "TBscore": [0.0, 0.26, 0.0], "normalisedRating": [1.0, 0.6, -0.6], "keywords": [["chicken"], ["indian"], []]}
{"id": "5wh89QklnvW7cs-I4oqEZg", "text": ["Solid food. You can't beat the price of the pupusas, $2.50-$3.50 and they're pretty tasty and more importantly tasted fresh (not frozen). What I appreciated...", "I came here for their Taco Tuesdays and the menu is pretty simple but straight to the point. Me and my friends decided to sit outside since the weather was...", "I wanted to love this neighborhood staple but sadly, this place really needs to get it's actually together. \nFirst, our server forgot to give us our drinks...."], "rating": [4, 3, 2], "TBscore": [0.0, 0.0, 0.0], "normalisedRating": [0.6, 0.2, -0.2], "keywords": [[], [], []]}
{"id": "RT_M-L75XZ3BBzTGP1HYPQ", "text": ["I went here about a year ago when I was still eating meat and got the chicken quesadillas. They were amazing and affordable.A great place to stop and grab a...", "Owner is rude and ridiculous. Said he wasn't open today. It's Howard's homecoming. He was open but not for us.", "I was amazed at the large food portions offered here. I was also amazed at how delicious my shrimp bowl was, which generously included chips and guacamole...."], "rating": [4, 1, 5], "TBscore": [0.27, 0.0, 0.0], "normalisedRating": [0.6, -0.6, 1.0], "keywords": [["chicken"], [], []]}
{"id": "3Zu6NdKTR9fLfeldVwkWCw", "text": ["\"We Enjoyed\"! Took Awhile for our server Vincento aka Enzo to tend to All this fabulousness, (he was really young and innocent so he got a pass), lol. But...", "Wanted to like Lupo, but ultimately the food is just ok and is not worth the price to me. \n\nRestaurant is cool. We sat upstairs in a little alcove and had...", "Host was unfriendly and did not greet our party when we entered the restaurant. After being sat, we waited 25 minutes and then decided to leave. \n\nWe asked..."], "rating": [4, 3, 1], "TBscore": [0.0, 0.0, 0.0], "normalisedRating": [0.6, 0.2, -0.6], "keywords": [[], [], []]}
